Abbreviation,Genus,Species,Family,Rainfall a,Soil P b
Aca_dor,Acacia,doratoxylon,Fabaceae,low,high
Aca_hav,Acacia,havilandiorum,Fabaceae,low,low
Alloc_spp,Allocasuarina,sp,Casuarinaceae,high,high
Ast_flo,Astrotricha,floccosa,Araliaceae,high,high
Ban_mar,Banksia,marginata,Proteaceae,high,low
Bra_pop,Brachychiton,populneus,Malvaceae,low,low
Cor_gum,Corymbia,gummifera,Myrtaceae,high,low
Dod_vis,Dodonaea,viscosa subsp. spathulata,Sapindaceae,low,high
Ere_gla,Eremophila,glabra,Myoporaceae,low,high
Ere_lon,Eremophila,longifolia,Myoporaceae,low,high
Eri_aus,Eriostemon,australasius,Rutaceae,high,low
Euc_dum,Eucalyptus,dumosa,Myrtaceae,low,low
Euc_hae,Eucalyptus,haemastoma,Myrtaceae,high,low
Euc_int,Eucalyptus,intertexta,Myrtaceae,low,high
Euc_soc,Eucalyptus,socialis,Myrtaceae,low,low
Euc_umb,Eucalyptus,umbra,Myrtaceae,high,high
Gei_par,Geijera,parviflora,Rutaceae,low,high
Gre_spe,Grevillea,speciosa,Proteaceae,high,low
Hak_dac,Hakea,dactyloides,Proteaceae,high,low
Hak_tep,Hakea,tephrosperma,Proteaceae,low,high
Hak_ter,Hakea,teretifolia,Proteaceae,high,low
Lam_for,Lambertia,formosa,Proteaceae,high,low
Las_fer,Lasiopetalum,ferrugineum,Malvaceae,high,high
Lom_sil,Lomatia,silaifolia,Proteaceae,high,high
Mac_com,Macrozamia,communis,Zamiaceae,high,high
Per_lev,Persoonia,levis,Proteaceae,high,low
Pul_dap,Pultenaea,daphnoides,Fabaceae,high,high
San_acu,Santalum,acuminatum,Santalaceae,low,low
Syn_gla,Synoum,glandulosum,Meliaceae,high,high
Syn_glo,Syncarpia,glomulifera,Myrtaceae,high,high
Tri_sca,Triodia,scariosa,Poaceae,low,low
Xyl_pyr,Xylomelum,pyriforme,Proteaceae,high,high
Allocas,Allocasuarina,sp,Casuarinaceae,high,high
Ast_floc,Astrotricha,floccosa,Araliaceae,high,high
Euc_haem,Eucalyptus,haemastoma,Myrtaceae,high,low
Syn_glan,Synoum,glandulosum,Meliaceae,high,high
Syn_glom,Syncarpia,glomulifera,Myrtaceae,high,high
sAca_dor,Acacia,doratoxylon,Fabaceae,low,high
sAca_hav,Acacia,havilandiorum,Fabaceae,low,low
sAlloc_spp,Allocasuarina,sp,Casuarinaceae,high,high
sAst_flo,Astrotricha,floccosa,Araliaceae,high,high
sBan_mar,Banksia,marginata,Proteaceae,high,low
sBra_pop,Brachychiton,populneus,Malvaceae,low,low
sCor_gum,Corymbia,gummifera,Myrtaceae,high,low
sDod_vis,Dodonaea,viscosa subsp. spathulata,Sapindaceae,low,high
sEre_gla,Eremophila,glabra,Myoporaceae,low,high
sEre_lon,Eremophila,longifolia,Myoporaceae,low,high
sEri_aus,Eriostemon,australasius,Rutaceae,high,low
sEuc_dum,Eucalyptus,dumosa,Myrtaceae,low,low
sEuc_hae,Eucalyptus,haemastoma,Myrtaceae,high,low
sEuc_int,Eucalyptus,intertexta,Myrtaceae,low,high
sEuc_soc,Eucalyptus,socialis,Myrtaceae,low,low
sEuc_umb,Eucalyptus,umbra,Myrtaceae,high,high
sGei_par,Geijera,parviflora,Rutaceae,low,high
sGre_spe,Grevillea,speciosa,Proteaceae,high,low
sHak_dac,Hakea,dactyloides,Proteaceae,high,low
sHak_tep,Hakea,tephrosperma,Proteaceae,low,high
sHak_ter,Hakea,teretifolia,Proteaceae,high,low
sLam_for,Lambertia,formosa,Proteaceae,high,low
sLas_fer,Lasiopetalum,ferrugineum,Malvaceae,high,high
sLom_sil,Lomatia,silaifolia,Proteaceae,high,high
sMac_com,Macrozamia,communis,Zamiaceae,high,high
sPer_lev,Persoonia,levis,Proteaceae,high,low
sPul_dap,Pultenaea,daphnoides,Fabaceae,high,high
sSan_acu,Santalum,acuminatum,Santalaceae,low,low
sSyn_gla,Synoum,glandulosum,Meliaceae,high,high
sSyn_glo,Syncarpia,glomulifera,Myrtaceae,high,high
sTri_sca,Triodia,scariosa,Poaceae,low,low
sXyl_pyr,Xylomelum,pyriforme,Proteaceae,high,high
sAllocas,Allocasuarina,sp,Casuarinaceae,high,high
sAst_floc,Astrotricha,floccosa,Araliaceae,high,high
sEuc_haem,Eucalyptus,haemastoma,Myrtaceae,high,low
sSyn_glan,Syncarpia,glomulifera,Myrtaceae,high,high
aca-dor,Acacia,doratoxylon,Fabaceae,low,high
aca-hav,Acacia,havilandiorum,Fabaceae,low,low
ast-flo,Astrotricha,floccosa,Araliaceae,high,high
ban-mar,Banksia,marginata,Proteaceae,high,low
bra-pop,Brachychiton,populneus,Malvaceae,low,low
cor-gum,Corymbia,gummifera,Myrtaceae,high,low
dod-vis,Dodonaea,viscosa subsp. spathulata,Sapindaceae,low,high
ere-gla,Eremophila,glabra,Myoporaceae,low,high
ere-lon,Eremophila,longifolia,Myoporaceae,low,high
eri-aus,Eriostemon,australasius,Rutaceae,high,low
euc-dum,Eucalyptus,dumosa,Myrtaceae,low,low
euc-hae,Eucalyptus,haemastoma,Myrtaceae,high,low
euc-int,Eucalyptus,intertexta,Myrtaceae,low,high
euc-soc,Eucalyptus,socialis,Myrtaceae,low,low
euc-umb,Eucalyptus,umbra,Myrtaceae,high,high
gei-par,Geijera,parviflora,Rutaceae,low,high
gre-spe,Grevillea,speciosa,Proteaceae,high,low
hak-dac,Hakea,dactyloides,Proteaceae,high,low
hak-tep,Hakea,tephrosperma,Proteaceae,low,high
hak-ter,Hakea,teretifolia,Proteaceae,high,low
lam-for,Lambertia,formosa,Proteaceae,high,low
las-fer,Lasiopetalum,ferrugineum,Malvaceae,high,high
lom-sil,Lomatia,silaifolia,Proteaceae,high,high
mac-com,Macrozamia,communis,Zamiaceae,high,high
per-lev,Persoonia,levis,Proteaceae,high,low
pul-dap,Pultenaea,daphnoides,Fabaceae,high,high
san-acu,Santalum,acuminatum,Santalaceae,low,low
syn-gla,Synoum,glandulosum,Meliaceae,high,high
syn-glo,Syncarpia,glomulifera,Myrtaceae,high,high
tri-sca,Triodia,scariosa,Poaceae,low,low
xyl-pyr,Xylomelum,pyriforme,Proteaceae,high,high
allocas,Allocasuarina,sp,Casuarinaceae,high,high
ast-floc,Astrotricha,floccosa,Araliaceae,high,high
euc-haem,Eucalyptus,haemastoma,Myrtaceae,high,low
syn-glan,Synoum,glandulosum,Myrtaceae,high,high
syn-glom,Syncarpia,glomulifera,Myrtaceae,high,high
