species,taxon_name
Anogramma leptophylla (L.) Link.,Anogramma leptophylla
Asplenium aethiopicum (Burm.f.) Bech.,Asplenium aethiopicum
Histiopteris incisa (Thunb.) J.Sm.,Histiopteris incisa
Pteridium esculentum (G.Forst.) Cockayne,Pteridium esculentum
Lindsaea linearis Sw.,Lindsaea linearis
"Brownseya serpentina (Kunze) Li Bing Zhang, L.D.Sheph., D.K.Chen, X.M.Zhou & H.He",Brownseya serpentina
Phylloglossum drummondii Kunze.,Phylloglossum drummondii
Schizaea fistulosa Labill.,Schizaea fistulosa
Podocarpus drouynianus F.Muell.,Podocarpus drouynianus
Macrozamia riedlei (Gaudich.) C.A.Gardner,Macrozamia riedlei
"Trithuria austinensis D.D.Sokoloff, Remizowa, T.Macfarlane & Rudall",Trithuria austinensis
Cassytha glabella R.Br.,Cassytha glabella
Cassytha racemosa Nees,Cassytha racemosa
Allium triquetrum L.,Allium triquetrum
Laxmannia jamesii Keighery,Laxmannia jamesii
Lomandra nigricans T.Mcfarlane,Lomandra nigricans
Lomandra pauciflora (R.Br.) Ewart,Lomandra pauciflora
Lomandra purpurea (Endl.) Ewart,Lomandra purpurea
Lomandra rigida Labill.,Lomandra rigida
Lomandra sonderi (F.Muell.) Ewart.,Lomandra sonderi
Thysanotus asper Lindl.,Thysanotus asper
Thysanotus dichotomus (Labill.) R.Br.,Thysanotus dichotomus
Thysanotus glaucifolius Brittan,Thysanotus glaucifolius
Thysanotus gracilis R.Br.,Thysanotus gracilis
Thysanotus isantherus R.Br.,Thysanotus isantherus
Thysanotus multiflorus R.Br.,Thysanotus multiflorus
Thysanotus patersonii R.Br.,Thysanotus patersonii
Thysanotus sparteus R.Br.,Thysanotus sparteus
Thysanotus tenellus Endl.,Thysanotus tenellus
Thysanotus thyrsoideus Baker,Thysanotus thyrsoideus
Borya nitida Labill.,Borya nitida
Aphelia cyperoides R.Br.,Aphelia cyperoides
Centrolepis aristata (R.Br.) Poir.,Centrolepis aristata
Centrolepis caespitosa D.A.Cooke,Centrolepis caespitosa
Centrolepis drummondiana (Nees) Walp.,Centrolepis drummondiana
Centrolepis fascicularis Labill.,Centrolepis fascicularis
Centrolepis glabra (Sond.) Hieron.,Centrolepis glabra
Centrolepis humillima Benth.,Centrolepis humillima
Centrolepis pilosa Hieron.,Centrolepis pilosa
Centrolepis polygyna (R.Br.) Hieron.,Centrolepis polygyna
Centrolepis strigosa (R.Br.) Roem. & Schult.,Centrolepis strigosa
Burchardia congesta Lindl.,Burchardia congesta
Wurmbea dioica (R.Br.) F.Muell. subsp. alba T.Macfarlane,Wurmbea dioica
"Ammothryon grandiflorum (Lehm.) R.L.Barrett, K.L.Wilson & J.J.Bruhl",Ammothryon grandiflorum
Baumea sp. laxa (K.Wilson 11052),Baumea laxa
Chaetospora curvifolia R.Br.,Chaetospora curvifolia
Chaetospora subbulbosa (Benth.) K.L.Wilson & R.L.Barrett,Chaetospora subbulbosa
Cyathochaeta avenacea (R.Br.) Benth.,Cyathochaeta avenacea
Cyathochaeta equitans K.L.Wilson,Cyathochaeta equitans
Cyperus tenuiflorus Rottb.,Cyperus tenuiflorus
*Cyperus congestus Vahl,Cyperus congestus
Evandra aristata R.Br.,Evandra aristata
*Ficinia marginata  (Thunb.) Fourc.,Ficinia marginata
"Ficinia nodosa (Rottb.) Goetgh., Muasya & D.A.Simpson",Ficinia nodosa
Gahnia sp. Headland (G.J. Keighery 8501),Gahnia sp. Headland (G.J.Keighery 8501)
Gahnia trifida Labill.,Gahnia trifida
Gymnoschoenus anceps (R.Br.) C.B.Clarke,Gymnoschoenus anceps
Isolepis cernua (Vahl) Roem. & Schult.,Isolepis cernua
*Isolepis prolifer (Rottb.) R.Br.,Isolepis prolifer
Isolepis sp. Cape Vancouver,Isolepis sp. Cape Vancouver
Lepidosperma angustatum R.Br.,Lepidosperma angustatum
Lepidosperma aff. fimbriatum Nees.,Lepidosperma aff. fimbriatum Nees.
Lepidosperma drummondii Benth.,Lepidosperma drummondii
Lepidosperma effusum Benth.,Lepidosperma effusum
Lepidosperma gladiatum Labill.,Lepidosperma gladiatum
Lepidosperma gracile R.Br.,Lepidosperma gracile
Lepidosperma hopperi R.L.Barrett,Lepidosperma hopperi
Lepidosperma longitudinale Labill.,Lepidosperma longitudinale
Lepidosperma striatum R.Br.,Lepidosperma striatum
Lepidosperma tetraquetrum Nees.,Lepidosperma tetraquetrum
"Lepidosperma sp. Carracarrup Creek (S. Kern, R. Jasper, D. Brassington LCH 16738)","Lepidosperma sp. Carracarrup Creek (S.Kern, R.Jasper, D.Brassington LCH 16738)"
Lepidosperma sp. indet (CSIRO 353A),Lepidosperma inops
Machaerina acuta (Labill.) J.Kern,Machaerina acuta
Machaerina articulata (R.Br.) T.Koyama,Machaerina articulata
Machaerina juncea (R.Br.) T.Koyama,Machaerina juncea
Machaerina laxa (Nees) T.Koyama,Machaerina laxa
Machaerina preissii (Nees) L.A.S.Johnson & T.Koyama,Machaerina preissii
Machaerina rubiginosa (Spreng.) T.Koyama,Machaerina rubiginosa
Mesomelaena graciliceps (C.B.Clarke) K.L.Wilson,Mesomelaena graciliceps
Mesomelaena tetragona (R.Br.) Benth.,Mesomelaena tetragona
Mesomelaena stygia (R.Br.) Nees.,Mesomelaena stygia
Mesomelaena sp. aff. stygia (CSIRO 384),Mesomelaena sp. aff. stygia (CSIRO 384)
Morelotia octandra (Nees) R.L.Barrett & J.J.Bruhl,Morelotia octandra
Netrostylis sp. Jarrah Forest (R. Davis 7391),Netrostylis sp. Jarrah Forest (R.Davis 7391)
Schoenus acuminatus R.Br.,Schoenus acuminatus
Schoenus breviculmis Benth.,Schoenus breviculmis
Schoenus brevifolius R.Br.,Schoenus brevifolius
Schoenus brevisetis (R.Br.) Poir.,Schoenus brevisetis
Schoenus caespititius W.Fitzg.,Schoenus caespititius
Schoenus cruentus (Nees) Benth.,Schoenus cruentus
Schoenus efoliatus F.Muell.,Schoenus efoliatus
Schoenus hexandrus F. Muell. & Tate.,Schoenus hexandrus
Schoenus multiglumis Benth.,Schoenus multiglumis
Schoenus nitens (R.Br.) Roem. & Schult.,Schoenus nitens
Schoenus odontocarpus F.Muell.,Schoenus odontocarpus
Schoenus pedicellatus (R.Br.) Benth.,Schoenus pedicellatus
Schoenus rigens S. T. Blake.,Schoenus rigens
Schoenus sp. Cape Riche Cushion (G.J. Keighery 9922),Schoenus sp. Cape Riche Cushion (G.J.Keighery 9922)
Schoenus sp. carsei (K.Wilson 11054),Schoenus carsei
Schoenus sp. Grassy (E. Gude & J. Harvey 250),Schoenus sp. Grassy (E.Gude & J.Harvey 250)
Schoenus sp. South coast (R. Davis 10239),Schoenus sp. South coast (R.Davis 10239)
Schoenus subflavus Kuek.,Schoenus subflavus
Schoenus sublateralis (Steud.) C.B.Clarke,Schoenus sublateralis
Schoenus submicrostachyus Kük.,Schoenus submicrostachyus
Tricostularia sp. Two Peoples Bay (G. Wardell-Johnson GWJ 114),Tricostularia sp. Two Peoples Bay (G.Wardell-Johnson GWJ 114)
Calectasia demarzii R.L.Barrett,Calectasia demarzii
Dasypogon bromeliifolius R.Br.,Dasypogon bromeliifolius
Kingia australis R.Br.,Kingia australis
Anigozanthos flavidus Redoute,Anigozanthos flavidus
Anigozanthos preissii Endl.,Anigozanthos preissii
Conostylis aculeata R.Br. subsp. aculeata,Conostylis aculeata subsp. aculeata
Conostylis serrulata R.Br.,Conostylis serrulata
Conostylis setigera R.Br. subsp. setigera,Conostylis setigera subsp. setigera
Haemodorum laxum R.Br.,Haemodorum laxum
Haemodorum sparsiflorum F.Muell.,Haemodorum sparsiflorum
Haemodorum spicatum R.Br.,Haemodorum spicatum
Phlebocarya ciliata R.Br.,Phlebocarya ciliata
Tribonanthes violacea Endl.,Tribonanthes violacea
Agrostocrinum hirsutum (Lindl.) Keighery,Agrostocrinum hirsutum
Agrostocrinum scabrum (R.Br.) BailL.,Agrostocrinum scabrum
Chamaescilla corymbosa (R.Br.) Benth.,Chamaescilla corymbosa
Dianella revoluta R.Br.,Dianella revoluta
Johnsonia lupulina R.Br.,Johnsonia lupulina
Tricoryne elatior R.Br.,Tricoryne elatior
Stypandra glauca R.Br.,Stypandra glauca
Crocosmia x crocosmiiflora (E.Morren) N.E.Br.,Crocosmia x crocosmiiflora (E.Morren) N.E.Br.
Moraea flaccida (Sweet) Steud.,Moraea flaccida
Patersonia lanata R.Br.,Patersonia lanata
Patersonia occidentalis R.Br.,Patersonia occidentalis
Patersonia umbrosa Endl.,Patersonia umbrosa
Romulea rosea var. australis (Ewart) M.P.de Vos,Romulea rosea var. australis
*Juncus capitatus Weigel.,Juncus capitatus
Juncus kraussii Hochst.,Juncus kraussii
Juncus meianthus K.L.Wilson,Juncus meianthus
Juncus pallidus R.Br.,Juncus pallidus
Cycnogeton lineare (Endl.) Sond.,Cycnogeton lineare
Triglochin minutissima F.Muell.,Triglochin minutissima
Triglochin striata Ruiz Lopez & Pavon.,Triglochin striata
Caladenia brownii Hopper,Caladenia brownii
Caladenia cairnsiana F. Muell.,Caladenia cairnsiana
Caladenia corynephora A.S.George,Caladenia corynephora
Caladenia fuscolutescens Hopper & A.P.Br.,Caladenia fuscolutescens
Caladenia flava R.Br. subsp. flava,Caladenia flava subsp. flava
Caladenia flava subsp. sylvestris Hopper & A.P.Br.,Caladenia flava subsp. sylvestris
Caladenia granitora Hopper & A.P.Br.,Caladenia granitora
Caladenia heberleana Hopper & A.P.Br.,Caladenia heberleana
Caladenia latifolia R.Br.,Caladenia latifolia
Caladenia longicauda Lindl.,Caladenia longicauda
Caladenia longicauda Lindl. x pectinata R.S.Rogers,Caladenia longicauda x Caladenia pectinata
Caladenia marginata Lindl.,Caladenia marginata
Caladenia pectinata R.S.Rogers,Caladenia pectinata
Caladenia plicata Fitzg.,Caladenia plicata
Caladenia serotina Hopper & A.P.Br.,Caladenia serotina
Caladenia x ericksoniae Nicholls,Caladenia x ericksoniae
Calochilus uliginosus D.L.Jones,Calochilus uliginosus
Corysanthes recurva (D.L.Jones) D.L.Jones & M.A.Clem.,Corysanthes recurva
Corysanthes despectans (D.L.Jones & R.C.Nash) D.L.Jones & M.A.Clem.,Corysanthes despectans
Cryptostylis ovata R.Br.,Cryptostylis ovata
Cyanicula gemmata (Lindl.) Hopper & A.P.Br.,Cyanicula gemmata
Cyanicula sericea (Lindl.) Hopper & A.P.Br.,Cyanicula sericea
Cyrtostylis huegelii Endl.,Cyrtostylis huegelii
Cyrtostylis robusta D.L.Jones & M.A.Clem.,Cyrtostylis robusta
Disa bracteata Sw.,Disa bracteata
Diuris emarginata R.Br.,Diuris emarginata
Diuris heberlei D.L.Jones,Diuris heberlei
Diuris laevis Fitzg.,Diuris laevis
Diuris laxiflora Lindley,Diuris laxiflora
Diuris littoralis D.L.Jones & C.J.French,Diuris littoralis
Diuris longifolia R.Br.,Diuris longifolia
"Diuris sp. (Torndirrup - australis ms D.L. Jones, G.B Brockman & C.J. French pers. comm.)",Diuris sp. 'Torndirrup'
Diuris sp. (Two People Bay - ammophila ms G. Brockman & C.J. French pers. comm.),Diuris sp. (Two People Bay - ammophila ms G. Brockman & C.J. French pers. comm.)
Diuris pauciflora R.Br,Diuris pauciflora
Drakaea livida J.Drumm.,Drakaea livida
Drakaea glyptodon Fitzg.,Drakaea glyptodon
Drakaea thynniphila A.S.George,Drakaea thynniphila
Elythranthera brunonis (Endl.) A.S.George,Elythranthera brunonis
Elythranthera emarginata (Lindley) A.S.George,Elythranthera emarginata
Epiblema grandiflorum R.Br.,Epiblema grandiflorum
Eriochilus dilatatus Lindl.,Eriochilus dilatatus
Eriochilus dilatatus Lindl. subsp. dilatatus,Eriochilus dilatatus subsp. dilatatus
Eriochilus dilatatus Lindl. subsp. multiflorus (Lindl.) Hopper & A.P.Br.,Eriochilus dilatatus subsp. multiflorus
Eriochilus helonomos Hopper & A.P.Br.,Eriochilus helonomos
Eriochilus pulchellus Hopper & A.P.Br.,Eriochilus pulchellus
Eriochilus scaber Lindl.,Eriochilus scaber
Leporella fimbriata (Lindl.) A.S.George,Leporella fimbriata
Leptoceras menziesii R.Br.,Leptoceras menziesii
Pyrorchis nigricans (R.Br.) D.L.Jones & M.A.Clem.,Pyrorchis nigricans
Lyperanthus serratus Lindl.,Lyperanthus serratus
Microtis alba R.Br.,Microtis alba
Microtis alboviridis R.J.Bates,Microtis alboviridis
Microtis brownii Rchb.f.,Microtis brownii
Microtis cupularis (D.L.Jones & G.Brockman) A.P.Br.,Microtis cupularis
Microtis familiaris R.J.Bates,Microtis familiaris
Microtis media R.Br. subsp. densiflora (Benth.) R.J.Bates,Microtis media
Microtis media R.Br. subsp. media,Microtis media subsp. media
Microtis pulchella R.Br.,Microtis pulchella
Paracaleana aff. disjuncta D.L.Jones,Paracaleana aff. disjuncta D.L.Jones
Paracaleana nigrita (Lind.) Blaxell,Paracaleana nigrita
Praecoxanthus aphyllus (Benth.) Hopper & A.P.Br.,Praecoxanthus aphyllus
Pheladenia deformis (R.Br.) D.L.Jones & M.A.Clem.,Pheladenia deformis
Prasophyllum brownii Rchb.f.,Prasophyllum brownii
Prasophyllum cucullatum Rchb.f.,Prasophyllum cucullatum
Prasophyllum drummondii Rchb.f.,Prasophyllum drummondii
Prasophyllum elatum R.Br.,Prasophyllum elatum
Prasophyllum fimbria Rchb.f.,Prasophyllum fimbria
Prasophyllum gibbosum R.Br.,Prasophyllum gibbosum
Prasophyllum hians Rchb.f.,Prasophyllum hians
Prasophyllum macrostachyum R.Br.,Prasophyllum macrostachyum
Prasophyllum parvifolium Lindl.,Prasophyllum parvifolium
Prasophyllum paulinae D.L.Jones & M.A.Clem.,Prasophyllum paulinae
Prasophyllum regium R. S. Rogers,Prasophyllum regium
Prasophyllum sp. early (G. Brockman GBB 1626),Prasophyllum sp. early (G.Brockman GBB 1626)
Pterostylis actites (D.L.Jones & C.J.French) D.L.Jones & C.J.French,Pterostylis actites
Pterostylis ectypha (D.L.Jones & C.J.French) D.L.Jones & C.J.French,Pterostylis ectypha
Pterostylis microphylla D.L.Jones & C.J.French,Pterostylis microphylla
Pterostylis plumosa L. Cady,Pterostylis plumosa
Pterostylis rogersii E.Coleman,Pterostylis rogersii
Pterostylis turfosa Endl.,Pterostylis turfosa
Pterostylis vittata Lindl.,Pterostylis vittata
Thelymitra antennifera (Lindl.) Hook.f.,Thelymitra antennifera
Thelymitra benthamiana Rchb.f.,Thelymitra benthamiana
Thelymitra campanulata Lindl.,Thelymitra campanulata
Thelymitra canaliculata R.Br.,Thelymitra canaliculata
Thelymitra cornicina Rchb.f.,Thelymitra cornicina
Thelymitra crinita Lindley,Thelymitra crinita
Thelymitra cucullata Rupp,Thelymitra cucullata
Thelymitra fasciculata W.Fitzg.,Thelymitra fasciculata
Thelymitra flexuosa Endl.,Thelymitra flexuosa
Thelymitra fuscolutea R.Br.,Thelymitra fuscolutea
Thelymitra graminea Lindl.,Thelymitra graminea
Thelymitra granitora D.L.Jones & M.A.Clem.,Thelymitra granitora
Thelymitra macrophylla Lindl.,Thelymitra macrophylla
Thelymitra mucida Fitzg.,Thelymitra mucida
Thelymitra nuda R.Br.,Thelymitra nuda
Thelymitra paludosa Jeanes,Thelymitra paludosa
Thelymitra porphyrosticta F.Muell.,Thelymitra porphyrosticta
Thelymitra sp. (late south coast Brown 2022 Pg 246),Thelymitra sp. 'late south coast'
Thelymitra tigrina R.Br.,Thelymitra tigrina
Thelymitra uliginosa Jeanes,Thelymitra uliginosa
Thelymitra vulgaris Jeanes,Thelymitra vulgaris
Philydrella drummondii L.G.Adams,Philydrella drummondii
Philydrella pygmaea (R.Br.) Caruel,Philydrella pygmaea
Aira cupaniana Guss.,Aira cupaniana
Aira caryophyllea L.,Aira caryophyllea
Aira praecox L.,Aira praecox
Amphipogon amphipogonoides (Steud.) Vickery,Amphipogon amphipogonoides
Amphipogon debilis R.Br.,Amphipogon debilis
Amphipogon laguroides R.Br.,Amphipogon laguroides
Amphipogon strictus R.Br.,Amphipogon strictus
Amphipogon turbinatus R.Br.,Amphipogon turbinatus
Anthoxanthum odoratum L.,Anthoxanthum odoratum
Austrostipa compressa (R.Br.) S.W.L.Jacobs & J.Everett,Austrostipa compressa
Austrostipa elegantissima (Labill.) S.W.L.Jacobs & J.Everett,Austrostipa elegantissima
Austrostipa everettiana A.R.Williams,Austrostipa everettiana
Austrostipa flavescens (Labill.) S.W.L.Jacobs & J.Everett,Austrostipa flavescens
Briza maxima L.,Briza maxima
Briza minor L.,Briza minor
Bromus diandrus Roth.,Bromus diandrus
Ehrharta longiflora Sm.,Ehrharta longiflora
Holcus lanatus L.,Holcus lanatus
Lachnagrostis filiformis (G.Forst.) Trin.,Lachnagrostis filiformis
Lagurus ovatus L.,Lagurus ovatus
Neurachne alopecuroidea R.Br.,Neurachne alopecuroidea
Parapholis incurva (L.) C.E.Hubb.,Parapholis incurva
Poa drummondiana Nees.,Poa drummondiana
Poa poiformis (Labill.) Druce.,Poa poiformis
Poa porphyroclados Nees,Poa porphyroclados
Rytidosperma caespitosum (Gaudich.) Connor & Edgar,Rytidosperma caespitosum
Spinifex hirsutus Labill.,Spinifex hirsutus
Sporobolus virginicus (L.) Kunth.,Sporobolus virginicus
Tetrarrhena laevis R.Br.,Tetrarrhena laevis
Vulpia myuros (L.) C.C.Gmel.,Vulpia myuros
Anarthria dioica (Steud.) C.I. Fomichev,Anarthria dioica
Anarthria gracilis R.Br.,Anarthria gracilis
Anarthria laevis R.Br.,Anarthria laevis
Anarthria prolifera R.Br.,Anarthria prolifera
Anarthria scabra R.Br.,Anarthria scabra
Desmocladus austrinus B.G.Briggs & L.A.S.Johnson,Desmocladus austrinus
Desmocladus fasciculatus (R.Br.) B.G.Briggs & L.A.S.Johnson,Desmocladus fasciculatus
Desmocladus flexuosus (R.Br.) B.G.Briggs & L.A.S.Johnson,Desmocladus flexuosus
Empodisma gracillimum (F.Muell.) L.A.S.Johnson & D.F.Cutler,Empodisma gracillimum
Hypolaena exsulca R.Br.,Hypolaena exsulca
Hypolaena fastigiata R.Br.,Hypolaena fastigiata
Hypolaena pubescens (R.Br.) Nees,Hypolaena pubescens
Leptocarpus coangustatus Nees.,Leptocarpus coangustatus
Leptocarpus scariosus R.Br.,Leptocarpus scariosus
Leptocarpus scoparius B.G.Briggs,Leptocarpus scoparius
Leptocarpus tenax (Labill.) R.Br.,Leptocarpus tenax
Lepyrodia drummondiana Steud.,Lepyrodia drummondiana
Lepyrodia hermaphrodita R.Br.,Lepyrodia hermaphrodita
Lepyrodia monoica F.Muell.,Lepyrodia monoica
Lepyrodia muirii F.Muell.,Lepyrodia muirii
Lepyrodia sp. 1,Lepyrodia sp. 1 (Lucky Bay)
Loxocarya cinerea R.Br.,Loxocarya cinerea
Loxocarya striata (F.Muell.) B.G.Briggs & L.A.S.Johnson,Loxocarya striata
Lyginia barbata R.Br.,Lyginia barbata
Lyginia imberbis R.Br.,Lyginia imberbis
Typha domingensis Pers.,Typha domingensis
Typha orientalis C.Presl,Typha orientalis
Xanthorrhoea platyphylla D.J.Bedford.,Xanthorrhoea platyphylla
Xyris lanata R.Br.,Xyris lanata
Carpobrotus aequilaterus (Haw.) N.E.Br.,Carpobrotus aequilaterus
Carpobrotus virescens (Haw.) Schwantes,Carpobrotus virescens
Disphyma crassifolium subsp. clavellatum (Haw.) Chinnock,Disphyma crassifolium subsp. clavellatum
Tetragonia decumbens Mill.,Tetragonia decumbens
Tetragonia implexicoma (Miq.) Hook.f.,Tetragonia implexicoma
Actinotus glomeratus Benth.,Actinotus glomeratus
Actinotus omnifertilis (F. Muell.) Benth.,Actinotus omnifertilis
Apium prostratum Vent. var. prostratum,Apium prostratum var. prostratum
"Daucus glochidiatus (Labill.) Fisch., C.A.Mey. & Ave-Lall.",Daucus glochidiatus
Centella asiatica (L.) Urb.,Centella asiatica
Homalosciadium homalocarpum (F.Muell.) H.Eichler,Homalosciadium homalocarpum
Hydrocotyle alata A.Rich.,Hydrocotyle alata
Hydrocotyle callicarpa Bunge,Hydrocotyle callicarpa
Hydrocotyle diantha DC.,Hydrocotyle diantha
Hydrocotyle intertexta A.Rich.,Hydrocotyle intertexta
Hydrocotyle serendipita A.J.Perkins,Hydrocotyle serendipita
Platysace compressa (Labill.) C.Norman,Platysace compressa
Platysace filiformis (Bunge) C.Norman,Platysace filiformis
Trachymene coerulea Graham,Trachymene coerulea
Trachymene cyanopetala (F. Muell.) Benth.,Trachymene cyanopetala
Trachymene pilosa Sm.,Trachymene pilosa
Xanthosia huegelii (Benth.) Steud.,Xanthosia huegelii
Xanthosia rotundifolia DC.,Xanthosia rotundifolia
Actites megalocarpus (Hook.f.) Lander,Actites megalocarpus
Arctotheca calendula (L.) Levyns,Arctotheca calendula
Arctotheca populifolia (F. Bergius) Northlindh,Arctotheca populifolia
Asteridea asteroides (Turcz.) Kroner,Asteridea asteroides
Asteridea nivea (Steetz) Kroner,Asteridea nivea
Brachyscome iberidifolia Benth.,Brachyscome iberidifolia
Brachyscome pusilla Steetz,Brachyscome pusilla
Leucophyta brownii Cass.,Leucophyta brownii
Carduus pycnocephalus L.,Carduus pycnocephalus
Cotula coronopifolia L.,Cotula coronopifolia
Craspedia variabilis J.Everett & Doust,Craspedia variabilis
Euchiton collinus Cass.,Euchiton collinus
Euchiton sphaericus (Willd.) Holub,Euchiton sphaericus
Hypochaeris glabra L.,Hypochaeris glabra
Ixiolaena viscosa Benth.,Ixiolaena viscosa
Lagenophora huegelii Benth.,Lagenophora huegelii
Leptorhynchos scaber (Benth.) Haegi,Leptorhynchos scaber
Millotia tenuifolia Cass.,Millotia tenuifolia
Olearia axillaris (DC.) F.Muell. ex Benth.,Olearia axillaris
Olearia ciliata (Benth.) F.Muell. ex Benth.,Olearia ciliata
Pithocarpa cordata (DC.) Schmidt-Leb. & R.L.Barrett,Pithocarpa cordata
Podolepis canescens Cunn. ex DC.,Podolepis canescens
Podolepis rugata Labill.,Podolepis rugata
Podotheca angustifolia (Labill.) Less.,Podotheca angustifolia
Pycnosorus pleiocephalus (F.Muell.) J.Everett & Doust,Pycnosorus pleiocephalus
Quinetia urvillei Cass.,Quinetia urvillei
Rhodanthe citrina (Benth.) Paul G.Wilson,Rhodanthe citrina
Senecio elegans L.,Senecio elegans
Senecio hispidulus A.Rich.,Senecio hispidulus
Senecio pinnatifolius var. latilobus (Steetz) I.Thomps.,Senecio pinnatifolius var. latilobus
Senecio ramosissimus DC.,Senecio ramosissimus
Siloxerus humifusus Labill.,Siloxerus humifusus
Sonchus asper Hill,Sonchus asper
Sonchus oleraceus L.,Sonchus oleraceus
Trichocline spathulata (DC.) J.H.Willis,Trichocline spathulata
Ursinia anthemoides (L.) Poir.,Ursinia anthemoides
Vellereophyton dealbatum (Thunb.) Hilliard & B.L.Burtt,Vellereophyton dealbatum
Waitzia suaveolens (Benth.) Druce var. suaveolens,Waitzia suaveolens var. suaveolens
Xerochrysum wilsonii T.L.Collins,Xerochrysum wilsonii
Cakile maritima Scop.,Cakile maritima
Cardamine hirsuta L.,Cardamine hirsuta
Heliophila pusilla L.,Heliophila pusilla
Lepidium foliosum Desv.,Lepidium foliosum
Lepidium rotundum (Desv.) DC.,Lepidium rotundum
Isotoma hypocrateriformis (R.Br.) Druce,Isotoma hypocrateriformis
Isotoma scapigera (R.Br.) Don,Isotoma scapigera
Lobelia anceps L.f.,Lobelia anceps
Lobelia gibbosa Labill.,Lobelia gibbosa
Lobelia heterophylla Labill.,Lobelia heterophylla
Lobelia rarifolia E.Wimm.,Lobelia rarifolia
Lobelia rhombifoliaVriese,Lobelia rhombifolia Vriese
Wahlenbergia gracilenta Loth.,Wahlenbergia gracilenta
Wahlenbergia capensis (L.) DC.,Wahlenbergia capensis
Sagina apetala Ard.,Sagina apetala
Allocasuarina fraseriana (Miq.) L.Johnson,Allocasuarina fraseriana
Allocasuarina humilis (Otto & Dietr.) L.Johnson,Allocasuarina humilis
Allocasuarina lehmanniana (Miq.) L.Johnson,Allocasuarina lehmanniana
Allocasuarina trichodon (Miq.) L.Johnson,Allocasuarina trichodon
Allocasuarina thuyoides (Miq.) L.A.S.Johnson,Allocasuarina thuyoides
Cephalotus follicularis Labill.,Cephalotus follicularis
Atriplex isatidea Moq.,Atriplex isatidea
Atriplex prostrata DC,Atriplex prostrata
Maireana oppositifolia (F. Muell.) Paul G. Wilson,Maireana oppositifolia
Rhagodia baccata Moq.,Rhagodia baccata
Rumex acetosella L.,Rumex acetosella
Salicornia blackiana Ulbr.,Salicornia blackiana
Salicornia quinqueflora Ung.-Sternb.,Salicornia quinqueflora
Threlkeldia diffusa R.Br.,Threlkeldia diffusa
Crassula colorata (Nees) Ostenf.,Crassula colorata
Crassula decumbens Thunb. var. decumbens,Crassula decumbens var. decumbens
Crassula glomerata P.J.Bergius,Crassula glomerata
Crassula natans Thunb. var. minor (Eckl. & Zeyh.) G.D.Rowley,Crassula natans
Crassula tetramera (Toelken) A.P.Druce & Sykes,Crassula tetramera
Hibbertia cuneiformis (Labill.) Sm.,Hibbertia cuneiformis
Hibbertia cunninghamii Hook.,Hibbertia cunninghamii
Hibbertia depressa Steud.,Hibbertia depressa
Hibbertia desmophylla (Benth.) F. Muell.,Hibbertia desmophylla
Hibbertia hemignosta (Steud.) J.R.Wheeler,Hibbertia hemignosta
Hibbertia furfuracea (DC.) Benth.,Hibbertia furfuracea
Hibbertia grossulariifolia (Salisb.) Salisb.,Hibbertia grossulariifolia
Hibbertia microphylla Steud.,Hibbertia microphylla
Hibbertia pulchra Ostenf. var. acutibractea J.R.Wheeler,Hibbertia pulchra
Hibbertia racemosa (Endl.) Gilg.,Hibbertia racemosa
Hibbertia verrucosa (Turcz.) Benth.,Hibbertia verrucosa
Drosera drummondii R.Br.,Drosera drummondii
Drosera erythrogyne N.G.Marchant & Lowrie,Drosera erythrogyne
Drosera erythrorhiza Lindl.,Drosera erythrorhiza
Drosera glanduligera Lehm.,Drosera glanduligera
Drosera huegelii Endl.,Drosera huegelii
Drosera menziesii DC.,Drosera menziesii
Drosera microphylla Endl.,Drosera microphylla
Drosera modesta Diels,Drosera modesta
Drosera pallida Lindley,Drosera pallida
Drosera platypoda Turez.,Drosera platypoda
Drosera pulchella Lehm.,Drosera pulchella
Drosera roseana N.G.Marchant & Lowrie,Drosera roseana
Drosera sp. Branched styles (S.C. Coffey 193),Drosera sp. Branched styles (S.C.Coffey 193)
Drosera stolonifera Endl.,Drosera stolonifera
Eremosyne pectinata Endl.,Eremosyne pectinata
Acrotriche cordata (Labill.) R.Br.,Acrotriche cordata
Andersonia caerulea R.Br.,Andersonia caerulea
Andersonia micrantha R.Br.,Andersonia micrantha
Andersonia pinaster Lemson,Andersonia pinaster
Andersonia setifolia Benth.,Andersonia setifolia
Andersonia simplex (Stschegl.) Druce,Andersonia simplex
Andersonia sprengelioides R.Br.,Andersonia sprengelioides
Brachyloma baxteri (DC.) Puente-Lel.,Brachyloma baxteri
Cosmelia rubra R.Br.,Cosmelia rubra
Leucopogon altissimus Hislop,Leucopogon altissimus
Leucopogon assimilis R.Br.,Leucopogon assimilis
Leucopogon capitellatus DC.,Leucopogon capitellatus
Leucopogon carinatus R.Br.,Leucopogon carinatus
Leucopogon distans R.Br.,Leucopogon distans
Leucopogon elegans Sond. subsp. elegans,Leucopogon elegans
Leucopogon gibbosus Stschegl.,Leucopogon gibbosus
Leucopogon glabellus R.Br.,Leucopogon glabellus
Leucopogon hirsutus Sond.,Leucopogon hirsutus
Leucopogon obovatus (Labill.) R.Br. subsp. obovatus,Leucopogon obovatus subsp. obovatus
Leucopogon parviflorus (Andrews) Lindl.,Leucopogon parviflorus
Leucopogon reflexus R.Br.,Leucopogon reflexus
Leucopogon verticillatus R.Br.,Leucopogon verticillatus
Leucopogon sp. indet (CSIRO 118B),Leucopogon sp. indet (CSIRO 118B)
Leucopogon sp. indet (CSIRO 415),Leucopogon sp. indet (CSIRO 415)
Lysinema ciliatum R.Br.,Lysinema ciliatum
Lysinema conspicuum R.Br.,Lysinema conspicuum
Lysinema pentapetalum R.Br.,Lysinema pentapetalum
Needhamiella pumilio (R.Br.) L.Watson,Needhamiella pumilio
Oligarrhena micrantha R.Br.,Oligarrhena micrantha
Sphenotoma capitata (R.Br.) Lindl.,Sphenotoma capitata
Sphenotoma dracophylloides Sond.,Sphenotoma dracophylloides
Sphenotoma gracilis (R.Br.) Sweet,Sphenotoma gracilis
Sphenotoma parviflora F.Muell.,Sphenotoma parviflora
Sphenotoma sp. Stirling Range (P.G. Wilson 4235),Sphenotoma sp. Stirling Range (P.G.Wilson 4235)
Styphelia corynocarpa (Sond.) F.Muell.,Styphelia corynocarpa
"Styphelia discolor (Sond.) Hislop, Crayn & Puente-Lel.",Styphelia discolor
Styphelia erubescens F.Muell.,Styphelia erubescens
Styphelia flavescens (Sond.) F.Muell.,Styphelia flavescens
Styphelia madida Hislop,Styphelia madida
Styphelia melaleucoides F.Muell.,Styphelia melaleucoides
Styphelia microcalyx (Sond.) F.Muell.,Styphelia microcalyx
Styphelia pallida (R.Br.) Spreng.,Styphelia pallida
Styphelia pendula (R.Br.) Spreng.,Styphelia pendula
Styphelia propinqua (R.Br.) Spreng.,Styphelia propinqua
Styphelia stricta (Benth.) F.Muell.,Styphelia stricta
Amperea ericoides A. Juss.,Amperea ericoides
Amperea protensa Nees,Amperea protensa
Euphorbia paralias L.,Euphorbia paralias
Lysiandra calycina (Labill.) R.W.Bouman,Lysiandra calycina
Poranthera florosa Halford & R.J.F.Hend.,Poranthera florosa
Poranthera huegelii Klotzsch,Poranthera huegelii
Poranthera microphylla Brongn.,Poranthera microphylla
Ricinocarpos glaucus Endl.,Ricinocarpos glaucus
Ricinocarpos tuberculatus Muell. Arg.,Ricinocarpos tuberculatus
Acacia applanata Maslin,Acacia applanata
Acacia browniana H.L.Wendl. var. browniana,Acacia browniana var. browniana
Acacia cochlearis (Labill.) H.L.Wendl.,Acacia cochlearis
Acacia cupularis Domin,Acacia cupularis
Acacia cyclops G.Don,Acacia cyclops
Acacia leioderma Maslin,Acacia leioderma
Acacia littorea Maslin,Acacia littorea
Acacia luteola Maslin,Acacia luteola
Acacia myrtifolia (Sm.) Willd.,Acacia myrtifolia
Acacia myrtifolia (Sm.) Willd. var. angustifolia,Acacia myrtifolia var. angustifolia
Acacia pulchella R.Br.,Acacia pulchella
Acacia pulchella var. goadbyi (Domin) Maslin,Acacia pulchella var. goadbyi
Acacia robiniae Maslin,Acacia robiniae
Acacia sulcata R.Br. var. platyphylla Maiden & Blakely,Acacia sulcata
Acacia varia Maslin var. varia,Acacia varia var. varia
Acacia wildenowiana H.L.Wendl.,Acacia willdenowiana
Aotus intermedia Meisn.,Aotus intermedia
Bossiaea dentata (R.Br.) Benth.,Bossiaea dentata
Bossiaea linophylla R.Br.,Bossiaea linophylla
Bossiaea  praetermissa J.H.Ross,Bossiaea praetermissa
Burtonia asperula S. Moore,Burtonia asperula
Callistachys sp. south-coast variant (M. Carter 180),Callistachys sp. south-coast variant (M.Carter 180)
Chorizema cordatum Lindl.,Chorizema cordatum
Chorizema cytisoides Turcz.,Chorizema cytisoides
Chorizema glycinifolium (Sm.) Druce,Chorizema glycinifolium
Chorizema ilicifolium Labill.,Chorizema ilicifolium
Chorizema reticulatum Meisn.,Chorizema reticulatum
Chorizema rhombeum R.Br.,Chorizema rhombeum
Chorizema spathulatum (Meisn.) J.M.Taylor & Crisp,Chorizema spathulatum
Daviesia benthamii Meisn.,Daviesia benthamii
Daviesia decurrens Meisn.,Daviesia decurrens
Daviesia flexuosa Benth.,Daviesia flexuosa
Daviesia incrassata Sm. subsp. incrassata,Daviesia incrassata subsp. incrassata
Eutaxia myrtifolia (Sm.) R.Br.,Eutaxia myrtifolia
Eutaxia parvifolia Benth.,Eutaxia parvifolia
Eutaxia virgata Benth.,Eutaxia virgata
Gastrolobium bilobum R.Br.,Gastrolobium bilobum
Gastrolobium bracteolosum (F.Muell.) G.Chandler & Crisp,Gastrolobium bracteolosum
Gastrolobium coriaceum (Sm.) G.Chandler & Crisp,Gastrolobium coriaceum
Gompholobium aristatum Benth.,Gompholobium aristatum
Gompholobium capitatum Lindl.,Gompholobium capitatum
Gompholobium confertum (DC.) Crisp,Gompholobium confertum
Gompholobium knightianum Lindl.,Gompholobium knightianum
Gompholobium ovatum Meisn.,Gompholobium ovatum
Gompholobium polymorphum R.Br.,Gompholobium polymorphum
Gompholobium scabrum Sm.,Gompholobium scabrum
Gompholobium tomentosum Labill.,Gompholobium tomentosum
Gompholobium venustum R.Br.,Gompholobium venustum
Hardenbergia comptoniana (Andrews) Benth.,Hardenbergia comptoniana
Hovea chorizemifolia (Sweet) DC.,Hovea chorizemifolia
Hovea elliptica (Sm.) DC.,Hovea elliptica
Hovea trisperma Benth.,Hovea trisperma
Isotropis cuneifolia (Sm.) Benth. ex B.D.Jackson,Isotropis cuneifolia
Jacksonia furcellata (Bonpl.) DC.,Jacksonia furcellata
Jacksonia horrida DC.,Jacksonia horrida
Jacksonia spinosa (Labill.) R.Br.,Jacksonia spinosa
Kennedia glabrata Lindl.,Kennedia glabrata
Kennedia coccinea Vent.,Kennedia coccinea
Latrobea diosmifolia Benth.,Latrobea diosmifolia
Latrobea genistoides (Meisn.) Meisn.,Latrobea genistoides
Latrobea hirtella (Turez.) Benth.,Latrobea hirtella
Latrobea sp. South Coast (A.M. Ashby 1949),Latrobea sp. South Coast (A.M.Ashby 1949)
Lotus ? angustissimus L.,Lotus angustissimus
Oxylobium obovatum Benth.,Oxylobium obovatum
Paraserianthes lophantha (Willd.) I.Nielsen,Paraserianthes lophantha
Psoralea pinnata L.,Psoralea pinnata
Pultenaea barbata C.R.P.Andrews,Pultenaea barbata
Pultenaea heterochila F.Muell.,Pultenaea heterochila
Pultenaea reticulata (Smith) Benth.,Pultenaea reticulata
Pultenaea verruculosa Turcz.,Pultenaea verruculosa
Sphaerolobium alatum Benth.,Sphaerolobium alatum
Sphaerolobium grandiflorum (R.Br.) Benth.,Sphaerolobium grandiflorum
Sphaerolobium hygrophilum R.Butcher,Sphaerolobium hygrophilum
Sphaerolobium linophyllum (Huegel) Benth.,Sphaerolobium linophyllum
Sphaerolobium nudiflorum (Meisn.) Benth.,Sphaerolobium nudiflorum
Sphaerolobium pubescens R.Butcher,Sphaerolobium pubescens
Sphaerolobium rostratum R.Butcher,Sphaerolobium rostratum
Sphaerolobium vimineum Sm.,Sphaerolobium vimineum
Templetonia retusa (Vent.) R.Br.,Templetonia retusa
Trifolium campestre Schreb.,Trifolium campestre
Trifolium dubium Sibth.,Trifolium dubium
Ulex europaeus L.,Ulex europaeus
Fumaria muralis W.D.J.Koch,Fumaria muralis
Centaurium erythraea Rafn,Centaurium erythraea
Schenkia australis (R.Br.) G.Mans,Schenkia australis
Erodium botrys (Cav.) Bertol.,Erodium botrys
Geranium molle L.,Geranium molle
Pelargonium capitatum (L.) L'Her.,Pelargonium capitatum
Pelargonium drummondii Turcz.,Pelargonium drummondii
Pelargonium littorale Huegel,Pelargonium littorale
Dampiera fasciculata R.Br.,Dampiera fasciculata
Dampiera leptoclada Benth.,Dampiera leptoclada
Dampiera linearis R.Br.,Dampiera linearis
Dampiera decurrens Rajput & Carolin,Dampiera decurrens
Goodenia coerulea R.Br.,Goodenia coerulea
Goodenia eatoniana F.Muell.,Goodenia eatoniana
Goodenia filiformis R.Br.,Goodenia filiformis
Goodenia trinervis (Labill.) K.A.Sheph.,Goodenia trinervis
Lechenaultia tubiflora R.Br.,Lechenaultia tubiflora
Scaevola filifolia (R.Br.) K.A.Sheph.,Scaevola filifolia
Scaevola glandulifera DC.,Scaevola glandulifera
Scaevola globulifera Labill.,Scaevola globulifera
Scaevola nitida R.Br.,Scaevola nitida
Scaevola phlebopetala F.Muell.,Scaevola phlebopetala
Scaevola revoluta R.Br.,Scaevola revoluta
Scaevola striata R.Br.,Scaevola striata
Gyrostemon sheathii W.Fitzg.,Gyrostemon sheathii
Gyrostemon thesioides (Hook.f.) A.S.George,Gyrostemon thesioides
Glischrocaryon aureum (Lindl.) Orchard,Glischrocaryon aureum
Gonocarpus benthamii Orchard,Gonocarpus benthamii
Gonocarpus nodulosus Nees,Gonocarpus nodulosus
Meionectes brownii Hook.f.,Meionectes brownii
Hemigenia podalyrina F.Muell.,Hemigenia podalyrina
Hemigenia sp. aff. servicea Benth. (CSIRO 584),Hemigenia sp. aff. servicea Benth. (CSIRO 584)
Microcorys barbata R.Br.,Microcorys barbata
Microcorys virgata R.Br.,Microcorys virgata
Westringia dampieri R.Br.,Westringia dampieri
Utricularia menziesii R.Br.,Utricularia menziesii
Logania fasciculata R.Br.,Logania fasciculata
Logania vaginalis (Labill.) F. Muell.,Logania vaginalis var. laxior
Orianthera serpyllifolia (R.Br.) C.S.P.Foster & B.J.Conn,Orianthera serpyllifolia
Phyllangium divergens (Hook.f.) Dunlop,Phyllangium divergens
Phyllangium paradoxum (R.Br.) Dunlop,Phyllangium paradoxum
Nuytsia floribunda (Labill.) G.Don,Nuytsia floribunda
Commersonia corniculata (Sm.) K.A.Sheph. & C.F.Wilkins,Commersonia corniculata
Commersonia corylifolia (Graham) C.F.Wilkins & Whitlock,Commersonia corylifolia
Commersonia parviflora (Endl.) F.Muell.,Commersonia parviflora
Lasiopetalum floribundum Benth.,Lasiopetalum floribundum
Lasiopetalum indutum Steud.,Lasiopetalum indutum
Lasiopetalum sp. Denmark (B.G. Hammersley 2012),Lasiopetalum sp. Denmark (B.G.Hammersley 2012)
Malva preissiana Miq.,Malva preissiana
Sida hookeriana Miq.,Sida hookeriana
Thomasia discolor Steud.,Thomasia discolor
Thomasia aff. foliosa Gay.,Thomasia aff. foliosa Gay.
Thomasia purpurea (Dryand.) J.Gay,Thomasia purpurea
Thomasia solanacea (Sims) J.Gay,Thomasia solanacea
Liparophyllum lasiospermum (F.Muell.) Tippery & Les,Liparophyllum lasiospermum
Ornduffia parnassifolia (Labill.) Tippery & Les,Ornduffia parnassifolia
Actinodium cunninghamii Schauer,Actinodium cunninghamii
Actinodium sp. Fitzgerald River (H.A. Froebe & R. Classen 810),Actinodium sp. Fitzgerald River (H.A.Froebe & R.Classen 810)
Agonis flexuosa (Willd.) Sweet,Agonis flexuosa
Agonis theiformis Schauer,Agonis theiformis
Astartea corniculata Schauer,Astartea corniculata
Astartea glomerulosa Schauer,Astartea glomerulosa
Astartea pulchella (DC.) Rye,Astartea pulchella
Beaufortia anisandra Schauer,Beaufortia anisandra
Beaufortia decussata R.Br.,Beaufortia decussata
Callistemon glaucus Sweet,Callistemon glaucus
Calothamnus sanguineus Labill.,Calothamnus sanguineus
Calytrix asperula (Schauer) Benth.,Calytrix asperula
Calytrix hirta (Regel) Nge & K.R.Thiele,Calytrix hirta
Calytrix leschenaultii (Schauer) Benth.,Calytrix leschenaultii
Chamelaucium orarium N.G.Marchant,Chamelaucium orarium
Corymbia calophylla (Lindl.) K.D.Hill & L.A.S.Johnson,Corymbia calophylla
Darwinia citriodora (Endl.) Benth.,Darwinia citriodora
Darwinia diosmoides (DC.) Benth.,Darwinia diosmoides
Darwinia oederoides (Turez.) Benth.,Darwinia oederoides
Darwinia vestita (Endl.) Benth.,Darwinia vestita
Eucalyptus acies Brooker,Eucalyptus acies
Eucalyptus angulosa Schauer,Eucalyptus angulosa
Eucalyptus conferruminata D.J.Carr & S.G.M.Carr,Eucalyptus conferruminata
Eucalyptus conferruminata D.J.Carr & S.G.M.Carr x cornuta Labill.,Eucalyptus conferruminata x Eucalyptus cornuta
Eucalyptus cornuta Labill.,Eucalyptus cornuta
Eucalyptus doratoxylon F.Muell.,Eucalyptus doratoxylon
Eucalyptus goniantha Turcz. subsp. goniantha,Eucalyptus goniantha subsp. goniantha
Eucalyptus marginata Sm. subsp. marginata,Eucalyptus marginata
Eucalyptus marginata Sm. x megacarpa F.Muell.,Eucalyptus marginata x Eucalyptus megacarpa
Eucalyptus megacarpa F.Muell.,Eucalyptus megacarpa
Eucalyptus notactites (L.A.S.Johnson & K.D.Hill) D.Nicolle & M.E.French,Eucalyptus notactites
Eucalyptus staeri (Maiden) Kessel & C.Gardner,Eucalyptus staeri
Eucalyptus x missilis Brooker & Hopper,Eucalyptus x missilis
Homalospermum firmum Schauer,Homalospermum firmum
Hypocalymma angustifolium Endl.,Hypocalymma angustifolium
Hypocalymma cordifolium Schauer,Hypocalymma cordifolium
Hypocalymma scariosum Schauer,Hypocalymma scariosum
Hypocalymma strictum Schauer,Hypocalymma strictum
Kunzea ericifolia (Sm.) Heynh. subsp. ericifolia,Kunzea ericifolia subsp. ericifolia
Kunzea recurva Schauer,Kunzea recurva
 Gaudium laevigatum (Gaertn.) Peter G.Wilson,Gaudium laevigatum
Melaleuca croxfordiae Craven,Melaleuca croxfordiae
Melaleuca cuticularis Labill.,Melaleuca cuticularis
Melaleuca densa R.Br.,Melaleuca densa
Melaleuca diosmifolia Andrews,Melaleuca diosmifolia
Melaleuca microphylla Sm.,Melaleuca microphylla
Melaleuca nesophila F. Muell.,Melaleuca nesophila
Melaleuca pentagona Labill. var. pentagona,Melaleuca pentagona var. pentagona
Melaleuca preissiana Schauer,Melaleuca preissiana
Melaleuca rhaphiophylla Schauer,Melaleuca rhaphiophylla
Melaleuca striata Labill.,Melaleuca striata
Melaleuca thymoides Labill.,Melaleuca thymoides
Melaleuca sp. 2 (I. Abbott),Melaleuca sp. 2 (Mt. Ney - Lake King)
Pericalymma ellipticum (Endl.) Schauer,Pericalymma ellipticum
Pericalymma spongiocaule Cranfield,Pericalymma spongiocaule
Rinzia schollerifolia (Lehm.) Trudgen,Rinzia schollerifolia
Taxandria angustifolia (Schauer) J.R.Wheeler & N.G.Marchant,Taxandria angustifolia
Taxandria juniperina (Schauer) J.R.Wheeler & N.G.Marchant,Taxandria juniperina
Taxandria linearifolia (DC.) J.R.Wheeler & N.G.Marchant,Taxandria linearifolia
Taxandria marginata (Labill.) J.R.Wheeler & N.G.Marchant,Taxandria marginata
Taxandria parviceps (Schauer) J.R.Wheeler & N.G.Marchant,Taxandria parviceps
Taxandria spathulata (Schauer) J.R.Wheeler & N.G.Marchant,Taxandria spathulata
Thryptomene saxicola (Hook.) Schauer,Thryptomene saxicola
Verticordia endlicheriana Schauer,Verticordia endlicheriana
Verticordia plumosa (Desf.) Druce var. plumosa,Verticordia plumosa var. plumosa
Myoporum caprarioides Benth.,Myoporum caprarioides
Myoporum oppositifolium R.Br.,Myoporum oppositifolium
Myoporum tetrandrum (Labill.) Domin,Myoporum tetrandrum
Olax benthamiana Miq.,Olax benthamiana
Olax phyllanthi (Labill.) R.Br.,Olax phyllanthi
Epilobium billardiereanum Ser.,Epilobium billardiereanum
Orobanche minor Sm.,Orobanche minor
Phytolacca octandra L.,Phytolacca octandra
Billardiera drummondii (C.Morren) L.Cayzer & Crisp,Billardiera drummondii
"Billardiera fraseri (Hook.) L.Cayzer, Crisp & I.Telford",Billardiera fraseri
Billardiera fusiformis Labill.,Billardiera fusiformis
Billardiera heterophylla (Lindl.) L.Cayzer & Crisp,Billardiera heterophylla
Billardiera laxiflora (Benth.) E. M. Bennett,Billardiera laxiflora
Billardiera variifolia DC.,Billardiera variifolia
Billardiera venusta (Putt.) L.Cayzer & Crisp,Billardiera venusta
Comesperma calymega Labill.,Comesperma calymega
Comesperma confertum Labill.,Comesperma confertum
Comesperma flavum DC.,Comesperma flavum
Comesperma nudiusculum DC.,Comesperma nudiusculum
Comesperma virgatum Labill.,Comesperma virgatum
Muehlenbeckia adpressa (Labill.) Meisn.,Muehlenbeckia adpressa
Calandrinia brevipedata F.Muell.,Calandrinia brevipedata
Calandrinia calyptrata Hook.f.,Calandrinia calyptrata
Calandrinia polypetala Fenzl,Calandrinia polypetala
Calandrinia sp. southern granites (G.J. Keighery 11266),Calandrinia sp. southern granites (G.J.Keighery 11266)
Calandrinia tholiformis Obbens,Calandrinia tholiformis
Lysimachia arvensis (L.) U.Manns & Anderb.,Lysimachia arvensis
Samolus repens (J.R.Forst. & G.Forst.) Pers.,Samolus repens
Adenanthos cuneatus Labill.,Adenanthos cuneatus
Adenanthos obovatus Labill.,Adenanthos obovatus
Adenanthos sericeus Labill. subsp. sericeus,Adenanthos sericeus subsp. sericeus
Adenanthos x cunninghamii Meisn.,Adenanthos x cunninghamii
Banksia armata R.Br.,Banksia armata
Banksia attenuata R.Br.,Banksia attenuata
Banksia coccinea R.Br.,Banksia coccinea
Banksia dryandroides Sweet,Banksia dryandroides
Banksia formosa R.Br.,Banksia formosa
Banksia gardneri  A.S.George var. gardneri,Banksia gardneri
Banksia grandis Willd.,Banksia grandis
Banksia ilicifolia R.Br.,Banksia ilicifolia
Banksia littoralis R.Br.,Banksia littoralis
Banksia nivea (Labill.) R.Br.,Banksia nivea
Banksia nutans A. S. George var. cernuella,Banksia nutans
Banksia occidentalis R.Br.,Banksia occidentalis
Banksia pellaeifolia A.R.Mast & K.R.Thiele,Banksia pellaeifolia
Banksia praemorsa Andrews,Banksia praemorsa
Banksia pteridifolia R.Br.,Banksia pteridifolia
Banksia quercifolia R.Br.,Banksia quercifolia
Banksia seminuda (A.S.George) Rye subsp. seminuda,Banksia seminuda subsp. seminuda
Banksia serra (R.Br.) A.R.Mast & K.R.Thiele,Banksia serra
Banksia sessilis (Knight) Domin,Banksia sessilis
Banksia verticillata R.Br.,Banksia verticillata
Conospermum caeruleum R.Br. subsp. caeruleum,Conospermum caeruleum subsp. caeruleum
Conospermum caeruleum subsp. oblanceolatum E.M.Benn.,Conospermum caeruleum subsp. oblanceolatum
Conospermum capitatum R.Br.,Conospermum capitatum
Conospermum petiolare R.Br.,Conospermum petiolare
Conospermum teretifolium R.Br.,Conospermum teretifolium
Franklandia fucifolia R.Br.,Franklandia fucifolia
Grevillea depauperata R.Br.,Grevillea depauperata
Grevillea fasciculata R.Br.,Grevillea fasciculata
Grevillea pulchella (R.Br.) Meisn. subsp. pulchella,Grevillea pulchella subsp. pulchella
Grevillea trifida (R.Br.) Meisn.,Grevillea trifida
Hakea amplexicaulis R.Br.,Hakea amplexicaulis
Hakea ceratophylla (Sm.) R.Br.,Hakea ceratophylla
Hakea corymbosa R.Br.,Hakea corymbosa
Hakea cucullata R.Br.,Hakea cucullata
Hakea drupacea (C.F.Gaertn.) Roem. & Schult.,Hakea drupacea
Hakea elliptica (Sm.) R.Br.,Hakea elliptica
Hakea florida R.Br.,Hakea florida
Hakea lasiantha R.Br.,Hakea lasiantha
Hakea lasiocarpha R.Br.,Hakea lasiocarpha
Hakea linearis R.Br.,Hakea linearis
Hakea oldfieldii Benth.,Hakea oldfieldii
Hakea oleifolia (Sm.) R.Br.,Hakea oleifolia
Hakea prostrata R.Br.,Hakea prostrata
Hakea ruscifolia Labill.,Hakea ruscifolia
Hakea sulcata R.Br.,Hakea sulcata
Hakea trifurcata (Sm.) R.Br.,Hakea trifurcata
Hakea tuberculata R.Br.,Hakea tuberculata
Hakea varia R.Br.,Hakea varia
Isopogon attenuatus R.Br.,Isopogon attenuatus
Isopogon cuneatus R.Br.,Isopogon cuneatus
Isopogon formosus R.Br. subsp. formosus,Isopogon formosus subsp. formosus
Isopogon longifolius R.Br.,Isopogon longifolius
Isopogon uniflora R.Br.,Isopogon uniflora R.Br.
Lambertia echinata R.Br. subsp. citrina Hnatiuk,Lambertia echinata
Petrophile diversifolia R.Br.,Petrophile diversifolia
Petrophile longifolia R.Br.,Petrophile longifolia
Petrophile rigida R.Br.,Petrophile rigida
Petrophile squamata R.Br. subsp. squamata,Petrophile squamata
Stirlingia latifolia (R.Br.) Steud.,Stirlingia latifolia
Stirlingia tenuifolia R.Br.) Steud.,Stirlingia tenuifolia
Synaphea favosa R.Br.,Synaphea favosa
Synaphea media A.S.George,Synaphea media
Synaphea petiolaris R.Br.,Synaphea petiolaris
Synaphea polymorpha R.Br.,Synaphea polymorpha
Clematis linearifolia Steud.,Clematis linearifolia
Clematis pubescens Endl.,Clematis pubescens
Spyridium globulosum (Labill.) Benth.,Spyridium globulosum
Spyridium majoranifolium (Fenzl) Rye,Spyridium majoranifolium
Trymalium ledifolium Fenzl,Trymalium ledifolium
"Trymalium odoratissimum subsp. trifidum (Rye) Kellermann, Rye & K.R.Thiele",Trymalium odoratissimum subsp. trifidum
Opercularia hispidula Endl.,Opercularia hispidula
Opercularia vaginata Labill.,Opercularia vaginata
Boronia alata Sm.,Boronia alata
Boronia albiflora R.Br. ex Benth.,Boronia albiflora
Boronia crenulata Sm.,Boronia crenulata
Boronia denticulata Sm. subsp. denticulata,Boronia denticulata
Boronia gracilipes F. Muell.,Boronia gracilipes
Boronia spathulata Lindl.,Boronia spathulata
Boronia sp. aff. denticulata Sm. (CSIRO 335A,Boronia sp. aff. denticulata Sm. (CSIRO 335A
Boronia stricta Bartl.,Boronia stricta
Boronia tetrandra Labill.,Boronia tetrandra
Chorilaena quercifolia Endl.,Chorilaena quercifolia
Chorilaena anceps (DC.) Duretto & Heslewood,Chorilaena anceps
Chorilaena rudis (Bartl.) Duretto & Heslewood,Chorilaena rudis
Cyanothamnus subsessilis (Benth.) Duretto & Heslewood,Cyanothamnus subsessilis
Crowea angustifolia Sm. var. dentata,Crowea angustifolia
Exocarpos sparteus R.Br.,Exocarpos sparteus
Leptomeria ellytes Lepschi,Leptomeria ellytes
Leptomeria lehmannii Miq.,Leptomeria lehmannii
Leptomeria squarrulosa R.Br.,Leptomeria squarrulosa
Dodonaea ceratocarpa Endl.,Dodonaea ceratocarpa
Bellardia trixago (L.) All.,Bellardia trixago
Dischisma arenarium E.Meyer,Dischisma arenarium
Euphrasia collina R.Br.,Euphrasia collina
Gratiola pubescens R.Br.,Gratiola pubescens
Parentucellia latifolia (L.) Caruel,Parentucellia latifolia
Anthocercis littorea Labill.,Anthocercis littorea
Anthocercis viscosa R.Br.,Anthocercis viscosa
Solanum nigrum L.,Solanum nigrum
Solanum symonii H. Eichler,Solanum symonii
Stackhousia huegelii Endl.,Stackhousia huegelii
Stackhousia pubescens A. Rich.,Stackhousia pubescens
Levenhookia pauciflora Benth.,Levenhookia pauciflora
Levenhookia pusilla R.Br.,Levenhookia pusilla
Stylidium adnatum R.Br.,Stylidium adnatum
Stylidium amoenum R.Br.,Stylidium amoenum
Stylidium assimile R.Br.,Stylidium assimile
Stylidium calcaratum R.Br.,Stylidium calcaratum
Stylidium corymbosum R.Br.,Stylidium corymbosum
Stylidium diversifolium R.Br.,Stylidium diversifolium
Stylidium ecorne (F.L.Erickson & J.H.Willis) P.G.Farrell & S.H.James,Stylidium ecorne
Stylidium fasciculatum R.Br.,Stylidium fasciculatum
Stylidium glaucum Labill.,Stylidium glaucum
Stylidium gloeophyllum Wege,Stylidium gloeophyllum
Stylidium hirsutum R.Br.,Stylidium hirsutum
Stylidium imbricatum Benth.,Stylidium imbricatum
Stylidium inundatum R.Br.,Stylidium inundatum
Stylidium junceum R.Br.,Stylidium junceum
Stylidium luteum R.Br.,Stylidium luteum
Stylidium piliferum R.Br.,Stylidium piliferum
Stylidium plantagineum Sonder,Stylidium plantagineum
Stylidium pygmaeum R.Br.,Stylidium pygmaeum
Stylidium repens R.Br.,Stylidium repens
Stylidium scandens R.Br.,Stylidium scandens
Stylidium schoenoides DC.,Stylidium schoenoides
Stylidium spathulatum R.Br.,Stylidium spathulatum
Stylidium squamosotuberosum Carlquist,Stylidium squamosotuberosum
Stylidium violaceum R.Br.,Stylidium violaceum
Pimelea angustifolia R.Br.,Pimelea angustifolia
Pimelea clavata Labill.,Pimelea clavata
Pimelea drummondii (Turcz.) Rye,Pimelea drummondii
Pimelea ferruginea Labill.,Pimelea ferruginea
Pimelea hispida R.Br.,Pimelea hispida
Pimelea imbricata R.Br. var. imbricata,Pimelea imbricata var. imbricata
Pimelea lehmanniana Meisn.,Pimelea lehmanniana
Pimelea longiflora R.Br.,Pimelea longiflora
Pimelea preissii Meisn.,Pimelea preissii
Pimelea rosea R.Br.,Pimelea rosea
Pimelea suaveolens Meisn.,Pimelea suaveolens
Pimelea sylvestris R.Br.,Pimelea sylvestris
Tetratheca setigera Endl.,Tetratheca setigera
Tremandra stelligera R.Br. ex DC.,Tremandra stelligera
Parietaria debilis G. Forst.,Parietaria debilis
