family,species,Location,Jan,Feb,Mar,Apr,May,Jun,Jul,Aug,Sep,Oct,Nov,Dec,SDH confirm,Granite yes=y,Conservtion status,Geographic range west relative to TPBNR,Geographic range centered relative to TPBNR,Geographic range east relative to TPBNR
ADIANTACEAE,Anogramma leptophylla (L.) Link.,12,,,,,,,,,o,,,,•,y,,western,,
ASPLENIACEAE,Asplenium aethiopicum (Burm.f.) Bech. ,,,,,,,,,,,,,,• new PERTH,y,,western,,
DENNSTAEDTIACEAE,Histiopteris incisa (Thunb.) J.Sm.,,,,,,,,,,,,,,• ,y,,western,,
DENNSTAEDTIACEAE,Pteridium esculentum (G.Forst.) Cockayne,"10,13",,,,,,,,,,,,,•,y,,western,,
LINDSAEACEAE,Lindsaea linearis Sw.,"3,4",,,,,,,,o,,o,,,•,Y,,western,,
LYCOPODIACEAE,"Brownseya serpentina (Kunze) Li Bing Zhang, L.D.Sheph., D.K.Chen, X.M.Zhou & H.He",,,,,,,,,,,,,,• new SDH,,,western,,
LYCOPODIACEAE,Phylloglossum drummondii Kunze.,12,,,,,,,,,0,,,,•,y,,western,,
SCHIZAECEAE,Schizaea fistulosa Labill.,&,,,,,,,,,,,,,•,y,,western,,
PODOCARPACEAE,Podocarpus drouynianus F.Muell.,3,x,,,,,,,,,,,,•,,,western,,
ZAMIACEAE,Macrozamia riedlei (Gaudich.) C.A.Gardner,,,,,,,,,,,,,,• ,Y,,western,,
HYDATELLACEAE,"Trithuria austinensis D.D.Sokoloff, Remizowa, T.Macfarlane & Rudall",,,,,,,,,,,,,,• ,Y,,,centered,
LAURACEAE,Cassytha glabella R.Br.,"1,2,3,8,8",x,x,x,,x,x,x,x,,x,x,,• ,y,,,centered,
LAURACEAE,Cassytha racemosa Nees,"2,3",x,,,,,,,,,,,,• ,,,,centered,
ALLIACEAE,* Allium triquetrum L.,10,,,,,,,,,,,,,• ,,,western,,
ASPARAGACEAE,Laxmannia jamesii Keighery,,,,,,,,,,,,,,• new PERTH,y,,western,,
ASPARAGACEAE,Lomandra nigricans T.Mcfarlane,"1,2,3,5,11",,,,,x,,x,,x,,,,• ,,,western,,
ASPARAGACEAE,Lomandra pauciflora (R.Br.) Ewart,,,,,,,,,,,,,,• new PERTH,,,western,,
ASPARAGACEAE,Lomandra purpurea (Endl.) Ewart,,,,,,,,,,,,,,• new Dilly,y,,western,,
ASPARAGACEAE,Lomandra rigida Labill.,3,x,,,,,,,,,,o,,• sp. Indet.,,,,,
ASPARAGACEAE,Lomandra sonderi (F.Muell.) Ewart.,3,,,,,,,x,,,,,,• ,,,western,,
ASPARAGACEAE,Thysanotus asper Lindl.,"1,2",x,x,,,,,x,,,,,,• sp. Indet.,,,,,
ASPARAGACEAE,Thysanotus dichotomus (Labill.) R.Br.,,,,,,,,,,,,,, new Dilly,y,,western,,
ASPARAGACEAE,Thysanotus glaucifolius Brittan,"3,10",x,,,,,,,,,,,,• ,,,,,eastern
ASPARAGACEAE,Thysanotus gracilis R.Br.,"2,10,11",,,x,x,,,,,,,,,• ,,,western,,
ASPARAGACEAE,Thysanotus isantherus R.Br.,,,,,,,,,,,,,,• ,y,,western,,
ASPARAGACEAE,Thysanotus multiflorus R.Br.,3,x,,,,,,,,,,,,• ,,,western,,
ASPARAGACEAE,Thysanotus patersonii R.Br.,"1,2",,,,,,,,,x,x,,,• ,y,,,centered,
ASPARAGACEAE,Thysanotus sparteus R.Br.,,,,,,,,,,,,,,• new PERTH,y,,,centered,
ASPARAGACEAE,Thysanotus tenellus Endl.,"3,5",x,,,,,,,,,,,x,• ,y,,western,,
ASPARAGACEAE,Thysanotus thyrsoideus Baker,2,,,,,,,,,,x,,,• ,,,western,,
BORYACEAE,Borya nitida Labill. ,"8,12",,,,,,,,,x,x,,,• ,y,,,,eastern
CENTROLEPIDACEAE,Aphelia cyperoides R.Br.,,,,,,,,,,,,,,• ,y,,western,,
CENTROLEPIDACEAE,Centrolepis aristata (R.Br.) Poir.,8,,,,,,,,,,,,,• ,y,,western,,
CENTROLEPIDACEAE,Centrolepis caespitosa D.A.Cooke ,,,,,,,,,,,,,,• new PERTH,,,western,,
CENTROLEPIDACEAE,Centrolepis drummondiana (Nees) Walp.,,,,,,,,,,,,,,• ,y,,western,,
CENTROLEPIDACEAE,Centrolepis fascicularis Labill.,,,,,,,,,,,,,,• new PERTH,,,western,,
CENTROLEPIDACEAE,Centrolepis glabra (Sond.) Hieron.,,,,,,,,,,,,,,• ,y,,,centered,
CENTROLEPIDACEAE,Centrolepis humillima Benth.,,,,,,,,,,,,,,• ,y,,,centered,
CENTROLEPIDACEAE,Centrolepis pilosa Hieron.,,,,,,,,,,,,,,• ,y,,,centered,
CENTROLEPIDACEAE,Centrolepis polygyna (R.Br.) Hieron.,"8,9",,,,,,,,,,,,,• ,y,,,centered,
CENTROLEPIDACEAE,Centrolepis strigosa (R.Br.) Roem. & Schult.,"7,8,9",,,,,,,,,,,,,• ,y,,,,eastern
COLCHICACEAE,Burchardia congesta Lindl.,"1,2,5,11",x,x,,,,,,,x,x,,,• name change,y,,western,,
COLCHICACEAE,Wurmbea dioica (R.Br.) F.Muell. subsp. alba T.Macfarlane,,,,,,,,,,,,,,• ,y,,western,,
CYPERACEAE,"Ammothryon grandiflorum (Lehm.) R.L.Barrett, K.L.Wilson & J.J.Bruhl",12,,,,o,,,,o,,,,x,• name change,,,western,,
CYPERACEAE,Baumea sp. laxa (K.Wilson 11052),,,,,,,,,,,,,,• new PERTH,,,western,,
CYPERACEAE,Chaetospora curvifolia R.Br.,"10,11",,,,,,,,x,,x,x,x,• name change,,,western,,
CYPERACEAE,Chaetospora subbulbosa (Benth.) K.L.Wilson & R.L.Barrett,5.8,,,,,,,,,,,,,• name change,,,western,,
CYPERACEAE,Cyathochaeta avenacea (R.Br.) Benth.,,,,,,,,,,,,,,• new PERTH,,,western,,
CYPERACEAE,Cyathochaeta equitans K.L.Wilson,"2,11",x,,,,,,,,,,,,• new det.,,,,centered,
CYPERACEAE,Cyperus tenuiflorus Rottb.,"1,11",,,,,x,,,,,,,,• sp. indet,,,,,
CYPERACEAE,*Cyperus congestus Vahl,"1,11",,,,,x,,,,,,,,•,,,western,,
CYPERACEAE,Evandra aristata R.Br.,"1,3",x,x,,,o,,o,,o,o,,,•,,,western,,
CYPERACEAE,*Ficinia marginata  (Thunb.) Fourc.,1,,,,,,,,,,,,,• alien,y,,western,,
CYPERACEAE,"Ficinia nodosa (Rottb.) Goetgh., Muasya & D.A.Simpson","1,2,7,8,9,11,13",x,x,,,x,x,o,,,o,,,• name change,,,,centered,
CYPERACEAE,Gahnia sp. Headland (G.J. Keighery 8501),11,,,,,,,,,,,,,• name change,,,,,eastern
CYPERACEAE,Gahnia trifida Labill.,"2,3.8",x,,,,,,o,,,,,,•,,,,centered,
CYPERACEAE,Gymnoschoenus anceps (R.Br.) C.B.Clarke,,,,,,,,,,,,,,• new PERTH,,,western,,
CYPERACEAE,Isolepis cernua (Vahl) Roem. & Schult.,9,,,,,,,,,,,,,•,y,,western,,
CYPERACEAE,*Isolepis prolifer (Rottb.) R.Br.,13,,,,,,,,,,,,,• alien,,,,,
CYPERACEAE,Isolepis sp. Cape Vancouver,,,,,,,,,,,,,,• new PERTH,y,,,,
CYPERACEAE,Lepidosperma angustatum R.Br.,"1,3,4,8",o,o,x,,x,,x,,,,,,• ,y,,,centered,
CYPERACEAE,Lepidosperma aff. fimbriatum Nees.,"1,3,5,6,11",,,,o,,,0,,,,,,• name change for L brunonianum,,,,,
CYPERACEAE,Lepidosperma drummondii Benth.,,,,,,,,,,,,,,• new PERTH,,,,centered,
CYPERACEAE,Lepidosperma effusum Benth.,2,o,o,o,,o,o,,,,o,,,• ,,,western,,
CYPERACEAE,Lepidosperma gladiatum Labill.,"1,2,4,5,8,9,11,12",o,,,,o,o,,x,,0,,,• ,,,,centered,
CYPERACEAE,Lepidosperma gracile R.Br.,,,,,,,,,,,,,,• new PERTH,y,,western,,
CYPERACEAE,Lepidosperma hopperi R.L.Barrett,,,,,,,,,,,,,,• ,y,,,centered,
CYPERACEAE,Lepidosperma longitudinale Labill.,1,,,,,,,,,x,,,,• ,,,western,,
CYPERACEAE,Lepidosperma striatum R.Br.,"1,3",o,,,,,,0,,,,,,• ,,,western,,
CYPERACEAE,Lepidosperma tetraquetrum Nees.,,,,,,,,,o,,,,,• ,,,western,,
CYPERACEAE,"Lepidosperma sp. Carracarrup Creek (S. Kern, R. Jasper, D. Brassington LCH 16738)",,,,,,,,,,,,,,• new PERTH,,,,,eastern
CYPERACEAE,Lepidosperma sp. indet (CSIRO 353A),1,,,,,o,,,,,,,,• sp. Indet.,,,,,
CYPERACEAE,Machaerina acuta (Labill.) J.Kern,,,,,,,,,,,,,,• new PERTH,,,,centered,
CYPERACEAE,Machaerina articulata (R.Br.) T.Koyama,"1,2,3,13",,,,,o,,,,,,,,• name change,,,western,,
CYPERACEAE,Machaerina juncea (R.Br.) T.Koyama,"1,3,12",,,,,,,,,,,,,• name change,,,western,,
CYPERACEAE,Machaerina laxa (Nees) T.Koyama ,,,,,,,,,,,,,,• new PERTH,y,,western,,
CYPERACEAE,Machaerina preissii (Nees) L.A.S.Johnson & T.Koyama,13,,,,,,,,,,,,,• name change,,,western,,
CYPERACEAE,Machaerina rubiginosa (Spreng.) T.Koyama,,,,,,,,,,,,,,• new PERTH,,,western,,
CYPERACEAE,Mesomelaena graciliceps (C.B.Clarke) K.L.Wilson,,,,,,,,,,,,,,• new PERTH,,,western,,
CYPERACEAE,Mesomelaena tetragona (R.Br.) Benth.,"1,3.8",,x,x,x,x,,x,,,,,,• ,,,,centered,
CYPERACEAE,Mesomelaena stygia (R.Br.) Nees.,"1,3,8",,,,,,,,,,,,,• ,y,,,centered,
CYPERACEAE,Mesomelaena sp. aff. stygia (CSIRO 384),1,,,,,,,x,,x,,,,• sp. Indet.,,,,,
CYPERACEAE,Morelotia octandra (Nees) R.L.Barrett & J.J.Bruhl,,,,,,,,,,,,,,• ,y,,western,,
CYPERACEAE,Netrostylis sp. Jarrah Forest (R. Davis 7391),,,,,,,,,,,,,,• new Dilly,y,,western,,
CYPERACEAE,Schoenus acuminatus R.Br.,,,,,,,,,,,,,,• new PERTH,,,western,,
CYPERACEAE,Schoenus breviculmis Benth.,,,,,,,,,,,,,,• new PERTH,,,,,eastern
CYPERACEAE,Schoenus brevifolius R.Br.,"2,3,8",x,,,,,o,o,o,o,o,x,,• sp. Unknown,,,,,
CYPERACEAE,Schoenus brevisetis (R.Br.) Poir.,,,,,,,,,,,,,,• new Dilly,y,,,centered,
CYPERACEAE,Schoenus caespititius W.Fitzg.,"6,11,12",,,,o,,,,,,,,,• ,,,,centered,
CYPERACEAE,Schoenus cruentus (Nees) Benth. ,,,,,,,,,,,,,,• new PERTH,,,western,,
CYPERACEAE,Schoenus efoliatus F.Muell.,,,,,,,,,,,,,,• new PERTH,,,western,,
CYPERACEAE,Schoenus hexandrus F. Muell. & Tate. ,11,,,,,,,,,,,,,• sp. Indet.,,,,,
CYPERACEAE, Schoenus multiglumis Benth.,,,,,,,,,,,,,,• new PERTH,,,western,,
CYPERACEAE, Schoenus nitens (R.Br.) Roem. & Schult.,,,,,,,,,,,,,,• ,,,western,,
CYPERACEAE,Schoenus odontocarpus F.Muell.,,,,,,,,,,,,,,• ,y,,,centered,
CYPERACEAE, Schoenus pedicellatus (R.Br.) Benth.,,,,,,,,,,,,,,• new PERTH,y,,western,,
CYPERACEAE,Schoenus rigens S. T. Blake. ,"2,4",,o,,x,x,,,,,,,,• sp. Indet.,,,,,
CYPERACEAE,Schoenus sp. Cape Riche Cushion (G.J. Keighery 9922),,,,,,,,,,,,,,• new PERTH,,,,,eastern
CYPERACEAE,Schoenus sp. carsei (K.Wilson 11054),,,,,,,,,,,,,,• new PERTH,,,,,
CYPERACEAE,Schoenus sp. Grassy (E. Gude & J. Harvey 250),,,,,,,,,,,,,,• new PERTH,,P2,western,,
CYPERACEAE,Schoenus sp. South coast (R. Davis 10239) ,,,,,,,,,,,,,,• new PERTH,,,western,,
CYPERACEAE,Schoenus subflavus Kuek. ,11,,,,,,,,,,,,,• ,,P2,,centered,
CYPERACEAE,Schoenus sublateralis (Steud.) C.B.Clarke,,,,,,,,,,,,,,• new Dilly ,y,,western,,
CYPERACEAE,Schoenus submicrostachyus Kük.,,,,,,,,,,,,,,• new PERTH,,,,centered,
CYPERACEAE,Tricostularia sp. Two Peoples Bay (G. Wardell-Johnson GWJ 114),,,,,,,,,,,,,,• new consvn,,,,,eastern
DASYPOGONACEAE,Calectasia demarzii R.L.Barrett,"2,5",x,,,,,,x,x,,x,,,• name change,,,,centered,
DASYPOGONACEAE,Dasypogon bromeliifolius R.Br.,"1,3,5",x,,,,x,,x,,x,x,x,,• ,,,western,,
DASYPOGONACEAE,Kingia australis R.Br.,10,,,,,,,,,,,,,• ,,,western,,
HAEMODORACEAE,Anigozanthos flavidus Redoute,"2,3",x,x,,,x,,,,x,x,,,• ,,,western,,
HAEMODORACEAE, Anigozanthos preissii Endl.,"1,3",,,,,,,,,x,x,,,• ,,,western,,
HAEMODORACEAE,Conostylis aculeata R.Br. subsp. aculeata,"2,6.8.11",,,,,,,,,x,x,x,,• ,,,western,,
HAEMODORACEAE,Conostylis serrulata R.Br.,"1,4,5,6",,,,,,,,x,x,x,x,,• ,,,western,,
HAEMODORACEAE,Conostylis setigera R.Br. subsp. setigera,"2,3",,,,,,,,,x,x,,,• name change,,,western,,
HAEMODORACEAE,Haemodorum laxum R.Br.,,,,,,,,,,,,,,• new SDH,y,,western,,
HAEMODORACEAE,Haemodorum sparsiflorum F.Muell.,,,,,,,,,,,,,,• new SDH,,,western,,
HAEMODORACEAE,Haemodorum spicatum R.Br.,"3,11",x,,,,,,,,,,,,• ,y,,western,,
HAEMODORACEAE,Phlebocarya ciliata R.Br.,,,,,,,,,,,,,,• new SDH,,,western,,
HAEMODORACEAE,Tribonanthes violacea Endl.,12,,,,,x,,x,,,,,,• ,y,,,centered,
HEMEROCALLIDACEAE ,Agrostocrinum hirsutum (Lindl.) Keighery,,,,,,,,,,,,,,• new Dilly,y,,western,,
HEMEROCALLIDACEAE ,Agrostocrinum scabrum (R.Br.) BailL.,"1,3,5",x,,,,,,x,,,x,x,,• ,y,,,centered,
HEMEROCALLIDACEAE ,Chamaescilla corymbosa (R.Br.) Benth.,3,,,,,,,,,x,,,,• ,y,,,centered,
HEMEROCALLIDACEAE ,Dianella revoluta R.Br.,"7,8,9",,,,,,,,,,,,,• ,,,,centered,
HEMEROCALLIDACEAE ,Johnsonia lupulina R.Br.,"1,3,4",x,x,,,x,x,,,x,x,x,x,• ,,,western,,
HEMEROCALLIDACEAE ,Tricoryne elatior R.Br.,,,,,,,,,,,,,,• new Dilly,y,,,centered,
HEMEROCALLIDACEAE ,Stypandra glauca R.Br.,"7,9",,,,,,,,,,,,,• name change,y,,,centered,
IRIDACEAE,* Crocosmia x crocosmiiflora (E.Morren) N.E.Br.,11,,,x,,,,,,,,,,• ,,,western,,
IRIDACEAE,* Moraea flaccida (Sweet) Steud.,11,,,,,,,,,,,,,• name change,,,western,,
IRIDACEAE,Patersonia lanata R.Br.,,,,,,,,,,,,,,• new PERTH,,,,,eastern
IRIDACEAE,Patersonia occidentalis R.Br.,"2,8,10",,,,,,,,,,,x,,• ,y,,,centered,
IRIDACEAE,Patersonia umbrosa Endl.,"1,3,3",,,,,,,,,,,x,,• ,,,western,,
IRIDACEAE,* Romulea rosea var. australis (Ewart) M.P.de Vos,11,,,,,,,x,,,,,,• name change,y,,western,,
JUNCACEAE,*Juncus capitatus Weigel.,13,,,x,,,,,,,,,,• alien,,,western,,
JUNCACEAE,Juncus kraussii Hochst.,"2,11,13",x,,x,x,,,,,,,,,• ,,,,centered,
JUNCACEAE, Juncus meianthus K.L.Wilson,,,,,,,,,,,,,,• new PERTH,y,P3,western,,
JUNCACEAE,Juncus pallidus R.Br.,13,,,x,,,,,,,,,,• ,,,western,,
JUNCAGINACEAE,Cycnogeton lineare (Endl.) Sond.,"1,2,9,10,13",x,,,,,,x,,x,x,,,• name change,,,western,,
JUNCAGINACEAE,Triglochin minutissima F.Muell. ,,,,,,,,,,,,,,• new PERTH,,,,,eastern
JUNCAGINACEAE,Triglochin striata Ruiz Lopez & Pavon.,3,x,,,,,,,,,,,,•,,,,centered,
ORCHIDACEAE,Caladenia brownii Hopper,,,,,,,,,,,,,,• new APBr,,,western,,
ORCHIDACEAE,Caladenia cairnsiana F. Muell.,&,,,,,,,,,,,,,• ,,,,centered,
ORCHIDACEAE,Caladenia corynephora A.S.George,"2,11",x,,,,,,,,,,x,,• ,,,western,,
ORCHIDACEAE,Caladenia fuscolutescens Hopper & A.P.Br.,"3,11",,,,,,,,,x,x,,,• name change,,,,,eastern
ORCHIDACEAE,Caladenia flava R.Br. subsp. flava,"1,2,3,6,10,11",,,,,,,,,x,x,,,• stat. change,y,,,centered,
ORCHIDACEAE,Caladenia flava subsp. sylvestris Hopper & A.P.Br. ,,,,,,,,,,,,,,• new PERTH,y,,western,,
ORCHIDACEAE,Caladenia granitora Hopper & A.P.Br.,12,,,,,,,,,,,x,,• name change,y,,,,eastern
ORCHIDACEAE,Caladenia heberleana Hopper & A.P.Br.,,,,,,,,,,,,,,• new APBr,,,,centered,
ORCHIDACEAE,Caladenia latifolia R.Br.,"1,2,9,11",,,,,x,,,,x,x,,,• ,y,,,centered,
ORCHIDACEAE,Caladenia longicauda Lindl.,&,,,,,,,,,,,,,• ,,,,centered,
ORCHIDACEAE,Caladenia longicauda Lindl. x pectinata R.S.Rogers,"2,6",,,,,,,,,,x,,,• ,,,,,
ORCHIDACEAE,Caladenia marginata Lindl.,,,,,,,,,,,,,,• ,y,,western,,
ORCHIDACEAE,Caladenia pectinata R.S.Rogers,"1,3,6,10,11,12",,,,,,,,,x,x,,,• ,,,western,,
ORCHIDACEAE," 	Caladenia plicata Fitzg.",,,,,,,,,,,,,,• new APBr,,,western,,
ORCHIDACEAE," 	Caladenia serotina Hopper & A.P.Br.",,,,,,,,,,,,,,• new APBr,,,western,,
ORCHIDACEAE,Caladenia x ericksoniae Nicholls,1,,,,,,,,,,,,,• ,,,,centered,
ORCHIDACEAE,Calochilus uliginosus D.L.Jones ,12,,,,,,,,,,x,,,• name change,,,western,,
ORCHIDACEAE," 	Corysanthes recurva (D.L.Jones) D.L.Jones & M.A.Clem.",12,,,,,,,x,,,,,,• name change,,,western,,
ORCHIDACEAE,Corysanthes despectans (D.L.Jones & R.C.Nash) D.L.Jones & M.A.Clem.,&,,,,,,,,,,,,,• name change,,,western,,
ORCHIDACEAE,Cryptostylis ovata R.Br.,11,,,,,,,,,,,,x,• ,y,,western,,
ORCHIDACEAE,Cyanicula gemmata (Lindl.) Hopper & A.P.Br.,,,,,,,,,,,,,,• name change,y,,western,,
ORCHIDACEAE,Cyanicula sericea (Lindl.) Hopper & A.P.Br.,3,,,,,,,,,x,,,,• name change,y,,western,,
ORCHIDACEAE, Cyrtostylis huegelii Endl.,,,,,,,,,,,,,,• new PERTH,y,,western,,
ORCHIDACEAE,Cyrtostylis robusta D.L.Jones & M.A.Clem.,"1,2",,,,,,x,x,x,x,x,,,• ,,,,centered,
ORCHIDACEAE,* Disa bracteata Sw.,12,,,,,,,,,,,x,,• name change,y,,western,,
ORCHIDACEAE,Diuris emarginata R.Br.,,,,,,,,,,,,,,• new PERTH,,,,,
ORCHIDACEAE,Diuris heberlei D.L.Jones,10,x,,,,,,,,,,,,• name change,,P2,western,,
ORCHIDACEAE,Diuris laevis Fitzg.,2,,,,,,,,,,x,,,• ,,,western,,
ORCHIDACEAE,Diuris laxiflora Lindley,&,,,,,,,,,,,,,• sp. Indet.,,,western,,
ORCHIDACEAE, Diuris littoralis D.L.Jones & C.J.French,,,,,,,,,,,,,,• new APBr,y,,,,eastern
ORCHIDACEAE,Diuris longifolia R.Br.,"3,11",,,,,,,,x,,x,,,• ,y,,western,,
ORCHIDACEAE,"Diuris sp. (Torndirrup - australis ms D.L. Jones, G.B Brockman & C.J. French pers. comm.)",,,,,,,,,,,,,,• new Brockman,,,,,
ORCHIDACEAE,Diuris sp. (Two People Bay - ammophila ms G. Brockman & C.J. French pers. comm.)  ,,,,,,,,,,,,,,• new Brockman,,,,,
ORCHIDACEAE,Diuris pauciflora R.Br,,,,,,,,,,,,,,• new Brockman,,,western,,
ORCHIDACEAE,Drakaea livida J.Drumm.,,,,,,,,,,,,,,• new APBr,,,western,,
ORCHIDACEAE,Drakaea glyptodon Fitzg.,,,,,,,,,,,,,,• new APBr,,,western,,
ORCHIDACEAE, Drakaea thynniphila A.S.George,,,,,,,,,,,,,,• new APBr,,,western,,
ORCHIDACEAE,Elythranthera brunonis (Endl.) A.S.George,"1,3,8,1",,,,,,,,,,x,,,• ,y,,,centered,
ORCHIDACEAE,Elythranthera emarginata (Lindley) A.S.George,11,,,,,,,,,,,,,• ,,,western,,
ORCHIDACEAE,Epiblema grandiflorum R.Br. ,3,x,,,,,,,,,,,,• ,,,western,,
ORCHIDACEAE,Eriochilus dilatatus Lindl.,"1,3",,,x,x,x,,,,,,,,• ,y,,,centered,
ORCHIDACEAE,Eriochilus dilatatus Lindl. subsp. dilatatus,,,,,,,,,,,,,,• new APBr,y,,,centered,
ORCHIDACEAE,Eriochilus dilatatus Lindl. subsp. multiflorus (Lindl.) Hopper & A.P.Br.,,,,,,,,,,,,,,• new APBr,,,western,,
ORCHIDACEAE, Eriochilus helonomos Hopper & A.P.Br.,,,,,,,,,,,,,,• new APBr,,,western,,
ORCHIDACEAE,Eriochilus pulchellus Hopper & A.P.Br.,,,,,,,,,,,,,,• ,y,,,centered,
ORCHIDACEAE,Eriochilus scaber Lindl.,,,,,,,,,x,,,,,• ,y,,,centered,
ORCHIDACEAE,Leporella fimbriata (Lindl.) A.S.George,&,,,,,,,,,,,,,• ,,,,centered,
ORCHIDACEAE,Leptoceras menziesii R.Br.,10,,,,,,,,,x,,,,• ,y,,,centered,
ORCHIDACEAE,Pyrorchis nigricans (R.Br.) D.L.Jones & M.A.Clem.,"10,11",,,,,,,x,,x,,,,• name change,,,,centered,
ORCHIDACEAE,Lyperanthus serratus Lindl.,"1,11,12",,,,,,,,,x,,,,• ,,,western,,
ORCHIDACEAE,Microtis alba R.Br.,"1,2,4",,x,,,,,,,,x,x,,• ,,,western,,
ORCHIDACEAE,Microtis alboviridis R.J.Bates,,,,,,,,,,,,,,• new PERTH,,,western,,
ORCHIDACEAE,Microtis brownii Rchb.f.,,,,,,,,,,,,,,• new PERTH,,,western,,
ORCHIDACEAE, Microtis cupularis (D.L.Jones & G.Brockman) A.P.Br.,,,,,,,,,,,,,,• new APBr,,,western,,
ORCHIDACEAE,Microtis familiaris R.J.Bates,,,,,,,,,,,,,,• new PERTH,,,western,,
ORCHIDACEAE,Microtis media R.Br. subsp. densiflora (Benth.) R.J.Bates,,,,,,,,,,,,,,• new APBr,,,western,,
ORCHIDACEAE,Microtis media R.Br. subsp. media,"2,3",x,,,,,,,,,,,,• name change,y,,,centered,
ORCHIDACEAE, Microtis pulchella R.Br.,,,,,,,,,,,,,,• new Brockman,,P4,western,,
ORCHIDACEAE,Paracaleana aff. disjuncta D.L.Jones,,,,,,,,,,,,,,• new Brockman,,,,,eastern
ORCHIDACEAE,Paracaleana nigrita (Lind.) Blaxell,12,,,,,,,,,,,x,,• ,,,western,,
ORCHIDACEAE,Praecoxanthus aphyllus (Benth.) Hopper & A.P.Br.,10,,,,,,,,,,,,,• name change,,,,centered,
ORCHIDACEAE,Pheladenia deformis (R.Br.) D.L.Jones & M.A.Clem.,6,,,,,,,x,,,,,,• name change,,,western,,
ORCHIDACEAE, Prasophyllum brownii Rchb.f.,,,,,,,,,,,,,,• new APBr,,,western,,
ORCHIDACEAE, Prasophyllum cucullatum Rchb.f.,,,,,,,,,,,,,,• new PERTH,,,western,,
ORCHIDACEAE, Prasophyllum drummondii Rchb.f.,,,,,,,,,,,,,,• new APBr,,,western,,
ORCHIDACEAE,Prasophyllum elatum R.Br.,3,,,,,,,,,x,,,,• ,y,,western,,
ORCHIDACEAE,Prasophyllum fimbria Rchb.f.,"10,12",,,,,,,x,,x,,,,• ,y,,western,,
ORCHIDACEAE, Prasophyllum gibbosum R.Br.,,,,,,,,,,,,,,• new APBr,,,western,,
ORCHIDACEAE,Prasophyllum hians Rchb.f.,"3,10",,,,,,,,,x,,,,• ,,,western,,
ORCHIDACEAE, Prasophyllum macrostachyum R.Br.,,,,,,,,,,,,,,• new APBr,,,western,,
ORCHIDACEAE,Prasophyllum parvifolium Lindl.,"1,2,3,6,12",,x,,,x,x,x,x,x,x,,,• ,y,,,centered,
ORCHIDACEAE,Prasophyllum paulinae D.L.Jones & M.A.Clem.,,,,,,,,,,,,,,• new PERTH,,P1,western,,
ORCHIDACEAE,Prasophyllum regium R. S. Rogers,3,,,,,,,,x,,,,,• ,,,western,,
ORCHIDACEAE,Prasophyllum sp. early (G. Brockman GBB 1626),,,,,,,,,,,,,,• new PERTH,,,western,,
ORCHIDACEAE,Pterostylis actites (D.L.Jones & C.J.French) D.L.Jones & C.J.French,,,,,,,,,,,,,,• new APBr,,,western,,
ORCHIDACEAE,Pterostylis ectypha (D.L.Jones & C.J.French) D.L.Jones & C.J.French,,,,,,,,,,,,,,• new Brockman,,,,centered,
ORCHIDACEAE,Pterostylis microphylla D.L.Jones & C.J.French,"1,4,10,11",,,,,,x,,x,x,,,,• name change,y,,western,,
ORCHIDACEAE,Pterostylis plumosa L. Cady,"10,11",,,,,,,,,,x,,,• sp. Indet.,,,,,
ORCHIDACEAE,Pterostylis rogersii E.Coleman,"1,2,11",x,,,,x,,x,,,,,,• ,,,western,,
ORCHIDACEAE,Pterostylis turfosa Endl.,12,,,,,,,x,,,x,,,• name change,y,,,centered,
ORCHIDACEAE,Pterostylis vittata Lindl.,"1,11,12",,,,,x,x,,,,,,,• ,y,,,centered,
ORCHIDACEAE,Thelymitra antennifera (Lindl.) Hook.f.,12,,,,,,,,,,x,,,• ,y,,,centered,
ORCHIDACEAE,Thelymitra benthamiana Rchb.f.,,,,,,,,,,,,,,• new PERTH,,,western,,
ORCHIDACEAE,Thelymitra campanulata Lindl.,1,,,,,,,,,,x,,,• ,,,,centered,
ORCHIDACEAE,Thelymitra canaliculata R.Br.,"1,2",,,,,,,,,,x,,,• ,,,western,,
ORCHIDACEAE,Thelymitra cornicina Rchb.f. ,,,,,,,,,,,,,,• new PERTH,,,western,,
ORCHIDACEAE,Thelymitra crinita Lindley,"1,3,6,12",,,,,,,,,x,x,,,• ,y,,western,,
ORCHIDACEAE,Thelymitra cucullata Rupp ,,,,,,,,,,,,,,• ,y,,western,,
ORCHIDACEAE, Thelymitra fasciculata W.Fitzg.,,,,,,,,,,,,,,• new APBr,,,western,,
ORCHIDACEAE,Thelymitra flexuosa Endl.,12,,,,,,,,,,x,,,• ,y,,western,,
ORCHIDACEAE,Thelymitra fuscolutea R.Br.,1,,,,,,,,,,x,,,• ,,,western,,
ORCHIDACEAE,Thelymitra graminea Lindl.,,,,,,,,,,,,,,• ,y,,western,,
ORCHIDACEAE,Thelymitra granitora D.L.Jones & M.A.Clem.,,,,,,,,,,,,,,• new APBr,y,,,centered,
ORCHIDACEAE,Thelymitra macrophylla Lindl.,,,,,,,,,,,,,,• ,y,,western,,
ORCHIDACEAE, Thelymitra mucida Fitzg.,,,,,,,,,,,,,,• new APBr,,,western,,
ORCHIDACEAE,Thelymitra nuda R.Br.,12,,,,,,,,,,x,,,• sp. Indet.,,,,,
ORCHIDACEAE, Thelymitra paludosa Jeanes,,,,,,,,,,,,,,• new APBr,,,western,,
ORCHIDACEAE,Thelymitra porphyrosticta F.Muell.,,,,,,,,,,,,,,• new consvn,,P2,,centered,
ORCHIDACEAE,Thelymitra sp. (late south coast Brown 2022 Pg 246),,,,,,,,,,,,,,• new Brockman,,,,,
ORCHIDACEAE,Thelymitra tigrina R.Br.,&,,,,,,,,,,,,,• ,,,western,,
ORCHIDACEAE,Thelymitra uliginosa Jeanes,,,,,,,,,,,,,,• new Brockman,,,• new Brockman,,
ORCHIDACEAE,Thelymitra vulgaris Jeanes,"1,2",,,,,,,,,,x,,,• new APBr,y,,western,,
PHILYDRACEAE,Philydrella drummondii L.G.Adams,,,,,,,,,,,,,,sp. Indet,y,,,,
PHILYDRACEAE,Philydrella pygmaea (R.Br.) Caruel ,,,,,,,,,,,,,,• ,Y,,western,,
POACEAE,* Aira cupaniana Guss.,,,,,,,,,,,,,,• ,y,,western,,
POACEAE,* Aira caryophyllea L. ,"6,7,11,12",,,,,,,,,,,,,•,y,,western,,
POACEAE,* Aira praecox L.,,,,,,,,,,,,,,• ,y,,western,,
POACEAE,Amphipogon amphipogonoides (Steud.) Vickery,,,,,,,,,,,,,,• new PERTH,,,western,,
POACEAE,Amphipogon debilis R.Br.,,,,,,,,,,,,,,,y,,western,,
POACEAE,Amphipogon laguroides R.Br.,"3,11",x,,,,,,,,,,,,•,y,,western,,
POACEAE,Amphipogon strictus R.Br.,,,,,,,,,,,,,,• ,y,,,centered,
POACEAE,Amphipogon turbinatus R.Br.,"5,11    ",,,,,,o,o,,,,,,•,,,,centered,
POACEAE,* Anthoxanthum odoratum L.,1,,,,,,,,,,x,,,•,y,,western,,
POACEAE,Austrostipa compressa (R.Br.) S.W.L.Jacobs & J.Everett,"2,5,6,10",,,,,,,,,,o,o,,• name change,,,western,,
POACEAE,Austrostipa elegantissima (Labill.) S.W.L.Jacobs & J.Everett,&,,,,,,,,,,,,,• sp. indet,,,,,
POACEAE,Austrostipa everettiana A.R.Williams,,,,,,,,,,,,,,• new PERTH,,P1,,,eastern
POACEAE,Austrostipa flavescens (Labill.) S.W.L.Jacobs & J.Everett,8,,,,,,,,,,,,,• name change,y,,,centered,
POACEAE,* Briza maxima L. ,7,,,,,,,,,,,,,•,y,,western,,
POACEAE,* Briza minor L.,,,,,,,,,,,,,,• ,y,,western,,
POACEAE,* Bromus diandrus Roth. ,"7,8,9",,,,,,,,,,,,,•,,,western,,
POACEAE,* Ehrharta longiflora Sm.,7,,,,,,,,,,,,,•,,,western,,
POACEAE,* Holcus lanatus L.,"11,13",,,x,,,,,,,,,,•,y,,western,,
POACEAE,Lachnagrostis filiformis (G.Forst.) Trin.,"2,9",,0,,,,,,,,,,,• name change,,,,,
POACEAE,* Lagurus ovatus L.,11,o,,,,,,,,,,,,•,y,,western,,
POACEAE,Neurachne alopecuroidea R.Br.,,,,,,,,,,,,,,• ,y,,,centered,
POACEAE,* Parapholis incurva (L.) C.E.Hubb.,2,,o,,,,,,,,,,,•,,,,centered,
POACEAE,Poa drummondiana Nees.,"2,6,10,11",x,x,,,,,o,,,0,0,,•,,,,centered,
POACEAE,Poa poiformis (Labill.) Druce.,"7,8,9,11",,,,,,,,,,,,,•,,,,centered,
POACEAE,Poa porphyroclados Nees,,,,,,,,,,,,,,• new PERTH,y,,western,,
POACEAE,Rytidosperma caespitosum (Gaudich.) Connor & Edgar,"2,6,11",,,,,,,,,o,,ox,,• name change,y,,,centered,
POACEAE,Spinifex hirsutus Labill.,"10,11",,,,,,,,,,,,,•,,,,centered,
POACEAE,Sporobolus virginicus (L.) Kunth.,"7,8,9",,,,,,,,,,,,,•,,,,centered,
POACEAE,Tetrarrhena laevis R.Br.,,,,,,,,,,,,,,• new Dilly,y,,western,,
POACEAE,* Vulpia myuros (L.) C.C.Gmel.,,,,,,,,,,,,,,,y,,,centered,
RESTIONACEAE,Anarthria dioica (Steud.) C.I. Fomichev,,,,,,,,,,,,,,• new PERTH,,,,centered,
RESTIONACEAE,Anarthria gracilis R.Br. ,"1,3,8",,,,,,,,,o,x,,,• ,y,,western,,
RESTIONACEAE,Anarthria laevis R.Br.,,,,,,,,,,,,,,• new PERTH,,,,centered,
RESTIONACEAE,Anarthria prolifera R.Br. ,"1,2,3,5,6,8,11",x,,o,,x,o,x,o,o,x,,,• ,y,,,centered,
RESTIONACEAE,Anarthria scabra R.Br. ,"1,3,5,8,12",x,,,,x,,x,x,x,x,x,x,• ,y,,,centered,
RESTIONACEAE,Desmocladus austrinus B.G.Briggs & L.A.S.Johnson ,,,,,,,,,,,,,,• new PERTH,,,,centered,
RESTIONACEAE,Desmocladus fasciculatus (R.Br.) B.G.Briggs & L.A.S.Johnson,"3,8",x,,,,,,,,,,,,• name change,y,,,centered,
RESTIONACEAE,Desmocladus flexuosus (R.Br.) B.G.Briggs & L.A.S.Johnson,"1,2,5,6,11",x,ox,x,o,o,,,,o,o,ox,,• name change,,,,centered,
RESTIONACEAE,Empodisma gracillimum (F.Muell.) L.A.S.Johnson & D.F.Cutler,,,,,,,,,,,,,,• new PERTH,,,western,,
RESTIONACEAE,Hypolaena exsulca R.Br.,"1,3,5,11",x,,,,o,,o,,,o,o,,• ,,,,centered,
RESTIONACEAE,Hypolaena fastigiata R.Br.,,,,,,,,,,,,,,• new PERTH,,,,centered,
RESTIONACEAE,Hypolaena pubescens (R.Br.) Nees,,,,,,,,,,,,,,• new PERTH,,,western,,
RESTIONACEAE,Leptocarpus coangustatus Nees.,"1,3,10,11",,,,,,,,,,,,,• ,,,western,,
RESTIONACEAE,Leptocarpus scariosus R.Br.,"1,3,6,10,13",x,x,o,,x,,o,o,,x,,o,• ,,,western,,
RESTIONACEAE,Leptocarpus scoparius B.G.Briggs,,,,,,,,,,,,,,• new PERTH,,,western,,
RESTIONACEAE,Leptocarpus tenax (Labill.) R.Br.,,,,,,,,,,,,,,• new PERTH,,,western,,
RESTIONACEAE,Lepyrodia drummondiana Steud.,8,,,,,,,,,,,,,• ,,,western,,
RESTIONACEAE,Lepyrodia hermaphrodita R.Br.,,,,,,,,,,,,,,• new PERTH,,,western,,
RESTIONACEAE,Lepyrodia monoica F.Muell.,8,,,,,,,,,,,,,• new PERTH,,,western,,
RESTIONACEAE,Lepyrodia muirii F.Muell.,,,,,,,,,,,,,,• new PERTH,,,western,,
RESTIONACEAE,Lepyrodia sp. 1,8,,,,,,,,,,,,,• sp. Indet.,,,,,
RESTIONACEAE,Loxocarya cinerea R.Br. ,,,,,,,,,,,,,,• new PERTH,,,western,,
RESTIONACEAE,Loxocarya striata (F.Muell.) B.G.Briggs & L.A.S.Johnson,"2,3,4",,,,x,o,,o,o,x,o,,,• name change,,,western,,
RESTIONACEAE,Lyginia barbata R.Br.,"1,2,5,6,11",o,ox,,,,,x,,x,x,o,,• ,,,western,,
RESTIONACEAE, Lyginia imberbis R.Br. ,,,,,,,,,,,,,,• new PERTH,,,,centered,
TYPHACEAE,Typha domingensis Pers. ,"2,11",x,x,,,,x,,,,,,,•,,,,,eastern
TYPHACEAE,Typha orientalis C.Presl ,,,,,,,,,,,,,,• new PERTH,,,western,,
XANTHORRHOEACEAE,Xanthorrhoea platyphylla D.J.Bedford.,"10,12",,,,,,,,,,,,,• ,y,,,,eastern
XYRIDACEAE,Xyris lanata R.Br.,"1,3",x,,,,,,,,x,x,,,• ,,,western,,
AIZOACEAE,* Carpobrotus aequilaterus (Haw.) N.E.Br.,"1,11",,,,,x,,x,,,x,,,• ,,,,centered,
AIZOACEAE,Carpobrotus virescens (Haw.) Schwantes,"2,6,7,8,9",o,,,,,,,,x,x,x,,• ,y,,,centered,
AIZOACEAE, Disphyma crassifolium subsp. clavellatum (Haw.) Chinnock,"8,9",,,,,,,,,,,,,• stat. change,,,,,eastern
AIZOACEAE,* Tetragonia decumbens Mill.,8,,,,,,,,,,,,,• ,,,western,,
AIZOACEAE,Tetragonia implexicoma (Miq.) Hook.f. ,"2,8",,,,,,,,,x,,,,• ,,,,centered,
APIACEAE,Actinotus glomeratus Benth.,1,,,,,x,,,,,,,,• ,,,western,,
APIACEAE,Actinotus omnifertilis (F. Muell.) Benth.,"1,3",x,x,,x,x,,,,,,,,• ,,,western,,
APIACEAE, Apium prostratum Vent. var. prostratum ,"7,8,9,11",,,,,,,,,,,,,• stat. change,,,western,,
APIACEAE,"Daucus glochidiatus (Labill.) Fisch., C.A.Mey. & Ave-Lall.",,,,,,,,,,,,,,• ,y,,,centered,
APIACEAE, Centella asiatica (L.) Urb.,2,,,,,,,,,,,,,• ,,,western,,
APIACEAE,Homalosciadium homalocarpum (F.Muell.) H.Eichler,11,,,,,,,,,,,,,• ,y,,western,,
APIACEAE,Hydrocotyle alata A.Rich.,,,,,,,,,,,,,,• ,y,,western,,
APIACEAE,Hydrocotyle callicarpa Bunge,,,,,,,,,,,,,,• ,y,,,centered,
APIACEAE,Hydrocotyle diantha DC.,"8,9",,,,,,,,,,,,,• ,,,western,,
APIACEAE,Hydrocotyle intertexta A.Rich.,,,,,,,,,,,,,,• ,y,,,,eastern
APIACEAE, Hydrocotyle serendipita A.J.Perkins,,,,,,,,,,,,,,• ,y,P2,western,,
APIACEAE,Platysace compressa (Labill.) C.Norman,"1,2,3,6,10,11",x,x,x,x,x,x,x,x,x,x,x,x,• ,y,,,centered,
APIACEAE,Platysace filiformis (Bunge) C.Norman,,,,,,,,,,,,,,• new Dilly,y,,western,,
APIACEAE,Trachymene coerulea Graham,,,,,,,,,,,,,,• ,y,,western,,
APIACEAE,Trachymene cyanopetala (F. Muell.) Benth.,"1,3",,,,,,,,,,,,,• ,,,,,eastern
APIACEAE,Trachymene pilosa Sm.,"2,6,10,11",,,,,,,,,ox,x,x,,• ,y,,,centered,
APIACEAE,Xanthosia huegelii (Benth.) Steud.,11,,,,,,,,,,x,,,• ,,,,centered,
APIACEAE,Xanthosia rotundifolia DC.,"1,3,4,8,12",x,x,x,x,x,x,x,x,x,x,x,x,• ,y,,western,,
ASTERACEAE,Actites megalocarpus (Hook.f.) Lander,11,,,,,,,,,,,,,• ,,,western,,
ASTERACEAE,* Arctotheca calendula (L.) Levyns,"1,3,5",x,,,,x,,,,x,x,,x,• ,,,,centered,
ASTERACEAE,* Arctotheca populifolia (F. Bergius) Northlindh,"11,12",,,,,,,,,,,,,• ,,,,centered,
ASTERACEAE,Asteridea asteroides (Turcz.) Kroner ,10,,,,,,,,,,x,,,• ,,,,,eastern
ASTERACEAE,Asteridea nivea (Steetz) Kroner,8,,,,,,,,,,,,,• ,,,,,eastern
ASTERACEAE,Brachyscome iberidifolia Benth.,,,,,,,,,,,,,,• ,,,,centered,
ASTERACEAE,Brachyscome pusilla Steetz,6,,,,,,,,x,x,x,,,• ,,,,,eastern
ASTERACEAE,Leucophyta brownii Cass.,"7,8",,,,,,,,,,,,,• name change,,,,centered,
ASTERACEAE,* Carduus pycnocephalus L.,,,,,,,,,,,,,,• ,y,,western,,
ASTERACEAE,* Cotula coronopifolia L.,13,,x,,,,,,,,,,,• alien,y,,western,,
ASTERACEAE,Craspedia variabilis J.Everett & Doust ,,,,,,,,,,,,,,• name change,,,western,,
ASTERACEAE,Euchiton collinus Cass.,"7,13",,x,,,,,,,,,,,• not alien,,,western,,
ASTERACEAE,Euchiton sphaericus (Willd.) Holub,,,,,,,,,,,,,,• ,y,,,centered,
ASTERACEAE,* Hypochaeris glabra L.,"1,3,7,9,11",x,x,,,x,,,,,,,,• ,y,,,centered,
ASTERACEAE,Ixiolaena viscosa Benth.,2,x,,,,,,,,,,,,• ,,,western,,
ASTERACEAE, Lagenophora huegelii Benth.,"6,10",,,,,,,,,,x,,,• ,,,western,,
ASTERACEAE,Leptorhynchos scaber (Benth.) Haegi ,"2,6,10,12",,,,,,,,,,x,x,x,• name change,y,,western,,
ASTERACEAE,Millotia tenuifolia Cass.,3,,,,,,,,,,x,,,• ,y,,,centered,
ASTERACEAE,Olearia axillaris (DC.) F.Muell. ex Benth.,"8,11",,,,x,,,,,,,,,• ,y,,,centered,
ASTERACEAE,Olearia ciliata (Benth.) F.Muell. ex Benth.,5,,,,,,,,,,,x,x,• ,,,,,eastern
ASTERACEAE, Pithocarpa cordata (DC.) Schmidt-Leb. & R.L.Barrett,"1,2",x,x,,x,x,,,,,,,,• name change,,,western,,
ASTERACEAE,Podolepis canescens Cunn. ex DC.,2,x,x,,,x,x,,,x,,,,• sp. Indet.,,,,,
ASTERACEAE,Podolepis rugata Labill.,6,,,,,,,,,,x,x,x,• ,,,,,eastern
ASTERACEAE,Podotheca angustifolia (Labill.) Less.,"2,6,10,11",,,,,,,,,,x,x,,• ,,,,centered,
ASTERACEAE,Pycnosorus pleiocephalus (F.Muell.) J.Everett & Doust,&,,,,,,,,,,,,,• sp. Indet.,,,,,
ASTERACEAE,Quinetia urvillei Cass.,"6,8,9,11",,,,,,,,,,,,,• ,y,,,centered,
ASTERACEAE,Rhodanthe citrina (Benth.) Paul G.Wilson,"1,2,3,6,11",,,,,,,,,x,x,,,• name change,y,,,centered,
ASTERACEAE,Senecio elegans L.,"1,6,11",,,,,,,,,,x,,,• ,y,,western,,
ASTERACEAE,Senecio hispidulus A.Rich.,,,,,,,,,,,,,,• ,y,,western,,
ASTERACEAE,Senecio pinnatifolius var. latilobus (Steetz) I.Thomps. ,"1,2,6,7,8,10,11",x,,,,,,x,x,x,x,x,x,• name change,,,western,,
ASTERACEAE,Senecio ramosissimus DC.,"1,2",x,,,,,,,,,x,,,• ,,,western,,
ASTERACEAE,Siloxerus humifusus Labill.,8,,,,,,,,,,,,,• ,y,,western,,
ASTERACEAE,* Sonchus asper Hill,"1,3,1",,,,,,,x,,,x,,x,• ,,,western,,
ASTERACEAE,* Sonchus oleraceus L.,"2,7,8,9",x,x,,,,,,,,,,,• ,,,,centered,
ASTERACEAE,Trichocline spathulata (DC.) J.H.Willis,7,,,,,,,,,,,,,• ,,,western,,
ASTERACEAE,* Ursinia anthemoides (L.) Poir.,&,,,,,,,,,,,,,• ,,,,centered,
ASTERACEAE,* Vellereophyton dealbatum (Thunb.) Hilliard & B.L.Burtt,"1,3,13",,x,,,x,,,,,x,,,• ,y,,western,,
ASTERACEAE, Waitzia suaveolens (Benth.) Druce var. suaveolens ,"2,6,10,11",x,x,x,x,,,,,,,,,• stat. change,,,,centered,
ASTERACEAE,Xerochrysum wilsonii T.L.Collins,,,,,,,,,,,,,,• ,,,western,,
BRASSICACEAE,* Cakile maritima Scop.,"8,11",,,,,,,,,,,,,• ,,,,centered,
BRASSICACEAE,* Cardamine hirsuta L.,,,,,,,,,,,,,,• ,,,western,,
BRASSICACEAE,* Heliophila pusilla L.,"5,6",,,,,,,,,,,,,• ,y,,western,,
BRASSICACEAE,Lepidium foliosum Desv.,7,,,,,,,,,,,,,• ,,,,centered,
BRASSICACEAE,Lepidium rotundum (Desv.) DC.,2,,,,,,,,,,x,,,• sp. Indet.,,,,,eastern
CAMPANULACEAE,Isotoma hypocrateriformis (R.Br.) Druce,"3,6,11",,x,,,,,,,,x,x,x,• ,y,,western,,
CAMPANULACEAE, Isotoma scapigera (R.Br.) Don,11,,,,,,,,,,,,,• ,,,,centered,
CAMPANULACEAE,Lobelia anceps L.f.,"1,2,7,9,13",x,x,x,x,x,,,,,,,,• name change,y,,western,,
CAMPANULACEAE,Lobelia gibbosa Labill.,"2,6",,x,x,,,,,,,,,,• ,y,,,centered,
CAMPANULACEAE,Lobelia heterophylla Labill.,"1,2,3,6",x,x,x,,,,,,,x,,,• ,,,,centered,
CAMPANULACEAE,Lobelia rarifolia E.Wimm.,3,x,,,,,,,,,,,,• ,,,,centered,
CAMPANULACEAE,Lobelia rhombifoliaVriese,3,,,,,,,,,,x,,,• ,,,western,,
CAMPANULACEAE,Wahlenbergia gracilenta Loth.,11,,,,,,,,,,x,,,• ,,,,centered,
CAMPANULACEAE,* Wahlenbergia capensis (L.) DC.,11,,,,,,,,,,x,,,• ,,,,centered,
CARYOPHYLLACEAE,* Sagina apetala Ard.,7,,,,,,,,,,,,,• ,,,,centered,
CASUARINACEAE,Allocasuarina fraseriana (Miq.) L.Johnson,10,,,,,,,,,,,,,• ,y,,western,,
CASUARINACEAE,Allocasuarina humilis (Otto & Dietr.) L.Johnson,"2,6,8,11,12",,x,x,x,,x,x,x,x,x,x,x,• ,,,,centered,
CASUARINACEAE,Allocasuarina lehmanniana (Miq.) L.Johnson,10,,,,,,,,,,,,,• ,,,,centered,
CASUARINACEAE,Allocasuarina trichodon (Miq.) L.Johnson,"2,4,8",x,,x,,,,,o,,,,,• ,y,,,,eastern
CASUARINACEAE,Allocasuarina thuyoides (Miq.) L.A.S.Johnson,,,,,,,,,,,,,,• ,y,,,centered,
CEPHALOTACEAE,Cephalotus follicularis Labill. ,10,x,x,,,,,,,,,,,• ,,,western,,
CHENOPODIACEAE,Atriplex isatidea Moq.,"7,8,11",,,,,,,,,,,,,• ,,,,centered,
CHENOPODIACEAE,* Atriplex prostrata DC,3,,,,o,,,,,,,,,• alien,,,,centered,
CHENOPODIACEAE,Maireana oppositifolia (F. Muell.) Paul G. Wilson,9,,,,,,,,,,,,,• ,,,,,eastern
CHENOPODIACEAE,Rhagodia baccata Moq.,"2,7,8,9",x,,,,x,x,,,,,,,• ,,,,centered,
CHENOPODIACEAE,* Rumex acetosella L.,13,,,,,,,,,,,,,• alien,,,western,,
CHENOPODIACEAE,Salicornia blackiana Ulbr.,8,,,,,,,,,,,,,• name change,,,,centered,
CHENOPODIACEAE,Salicornia quinqueflora Ung.-Sternb.,,,,,,,,,,,,,,• new PERTH,,,,,eastern
CHENOPODIACEAE,Threlkeldia diffusa R.Br.,8,,,,,,,,,,,,,• ,,,,centered,
CRASSULACEAE,Crassula colorata (Nees) Ostenf.,11,,,,,,,,,,,,,• ,y,,,centered,
CRASSULACEAE,Crassula decumbens Thunb. var. decumbens,"7,8,9,11",,,,,,,,,,,,,• ,y,,western,,
CRASSULACEAE,Crassula glomerata P.J.Bergius,,,,,,,,,,,,,,• new PERTH,,,western,,
CRASSULACEAE,* Crassula natans Thunb. var. minor (Eckl. & Zeyh.) G.D.Rowley,,,,,,,,,,,,,,• ,y,,,centered,
CRASSULACEAE,Crassula tetramera (Toelken) A.P.Druce & Sykes,,,,,,,,,,,,,,• ,y,,,,eastern
DILLENIACEAE,Hibbertia cuneiformis (Labill.) Sm.,"1,2,7,8,11",x,,,x,x,,x,,x,x,,,• ,,,,centered,
DILLENIACEAE, Hibbertia cunninghamii Hook.,"2,3,8,11,12",,,,,,,x,x,x,x,x,,• ,y,,western,,
DILLENIACEAE,Hibbertia depressa Steud. ,10,,,,,,,,,,,,,• ,,,western,,
DILLENIACEAE,Hibbertia desmophylla (Benth.) F. Muell.,3,x,,,,,,,,,,,,• sp. Indet.,,,,,
DILLENIACEAE,Hibbertia hemignosta (Steud.) J.R.Wheeler,11,,,,,,,,,,,,,• name change,y,,,,eastern
DILLENIACEAE,Hibbertia furfuracea (DC.) Benth. ,"5,8,10",,,x,,x,,x,x,x,x,x,x,• ,y,,western,,
DILLENIACEAE,Hibbertia grossulariifolia (Salisb.) Salisb.,11,,,,,,,,x,,,,,• ,,,western,,
DILLENIACEAE,Hibbertia microphylla Steud.,12,,,,,,,,,x,x,,,• ,,,western,,
DILLENIACEAE,Hibbertia pulchra Ostenf. var. acutibractea J.R.Wheeler,"3,5",x,,x,x,x,x,x,,,x,,,• stat. change,,,western,,
DILLENIACEAE,Hibbertia racemosa (Endl.) Gilg.,"1,2,6,8,11",x,x,x,,x,x,x,x,x,x,x,x,• ,,,,centered,
DILLENIACEAE,Hibbertia verrucosa (Turcz.) Benth.,12,,,,,x,,x,x,,,,,• ,,,,,eastern
DROSERACEAE,Drosera drummondii R.Br.,6,,,,,,,,,,x,,,• name change,y,,,centered,
DROSERACEAE,Drosera erythrogyne N.G.Marchant & Lowrie,"1,4",,,,,,,x,,x,,,,• name change,y,,western,,
DROSERACEAE,Drosera erythrorhiza Lindl.,"3,11,12",,,,,,,x,x,x,,,,• ,y,,western,,
DROSERACEAE,Drosera glanduligera Lehm.,3,,,,,,,,,x,x,,,• ,y,,,centered,
DROSERACEAE,Drosera huegelii Endl.,"1,3,11,12",,,,,,,x,x,x,,,,• ,y,,,centered,
DROSERACEAE,Drosera menziesii DC.,,,,,,,,,,,,,,• new PERTH,y,,western,,
DROSERACEAE,Drosera microphylla Endl.,5,,,,,,,,x,,,,,• ,,,,centered,
DROSERACEAE,Drosera modesta Diels,3,,,,,,,,,,x,,,• ,Y,,western,,
DROSERACEAE,Drosera pallida Lindley,"1,2,3,6",,,,,x,,x,x,x,x,x,,• name change,y,,western,,
DROSERACEAE,Drosera platypoda Turez.,3,,,,,,,,,x,x,,,• ,,,western,,
DROSERACEAE,Drosera pulchella Lehm.,3,x,,,,,,,,,,,,• ,,,western,,
DROSERACEAE,Drosera roseana N.G.Marchant & Lowrie,3,,,,,,,,,,,,,• name change,,,western,,
DROSERACEAE,Drosera sp. Branched styles (S.C. Coffey 193) ,,,,,,,,,,,,,,• new PERTH,y,,,centered,
DROSERACEAE,Drosera stolonifera Endl.,"3,11",,,,,,,,,x,x,,,• ,y,,western,,
EREMOSYNACEAE,Eremosyne pectinata Endl. ,,,,,,,,,,,,,,• ,Y,,western,,
ERICACEAE,Acrotriche cordata (Labill.) R.Br.,"2,8",,,,,,x,,,,,,,• ,,,,centered,
ERICACEAE,Andersonia caerulea R.Br.,"1,3,6,11,12",,x,,,x,x,x,x,x,x,x,,• ,,,,centered,
ERICACEAE,Andersonia micrantha R.Br.,12,,,,,,,,,,,,,• ,,,,centered,
ERICACEAE,Andersonia pinaster Lemson,,,,,,,,,,,,,,• new PERTH,,Vu,western,,
ERICACEAE,Andersonia setifolia Benth.,,,,,,,,,,,,,,• new PERTH,,P3,,centered,
ERICACEAE, Andersonia simplex (Stschegl.) Druce,3,,,,,,,,,x,,,,• ,,,,centered,
ERICACEAE,Andersonia sprengelioides R.Br.,"8,11",,,,,,,,,,,,,• ,y,,,centered,
ERICACEAE, Brachyloma baxteri (DC.) Puente-Lel.,"1,3,5",x,x,x,x,x,,x,,,,,,• name change,,,,centered,
ERICACEAE,Cosmelia rubra R.Br.,"3,12",x,x,,,,,,x,x,,,,• ,,,western,,
ERICACEAE, Leucopogon altissimus Hislop,"1,12",,x,x,x,,,x,x,,x,,,• name change,y,P3,,,eastern
ERICACEAE,Leucopogon assimilis R.Br. ,,,,,,,,,,,,,,• new PERTH,,,,,eastern
ERICACEAE,Leucopogon capitellatus DC.,"3,4",,,,x,x,x,x,x,x,x,x,x,• new PERTH,y,,western,,
ERICACEAE,Leucopogon carinatus R.Br.,"1,3,4,6,8",,,,x,,,,,,,,,• ,,,,,eastern
ERICACEAE,Leucopogon distans R.Br.,"1,3",x,x,x,x,x,,x,,x,x,,,• ,,,western,,
ERICACEAE, Leucopogon elegans Sond. subsp. elegans ,5,x,,,,,,,,,,,,• stat. change,,,,,eastern
ERICACEAE,Leucopogon gibbosus Stschegl.,,,,,,,,,,,,,,• new PERTH,,,,centered,
ERICACEAE,Leucopogon glabellus R.Br.,3,x,,,,,,,,,,,,• ,,,western,,
ERICACEAE,Leucopogon hirsutus Sond.,,,,,,,,,,,,,,• new PERTH,,,western,,
ERICACEAE,Leucopogon obovatus (Labill.) R.Br. subsp. obovatus,"2,3,6,7,8,9,11",,,,,x,x,x,x,x,x,x,x,• stat. change,y,,,centered,
ERICACEAE,Leucopogon parviflorus (Andrews) Lindl.,"1,2,3,5,6",,x,,,x,x,x,x,x,x,,,• ,,,,centered,
ERICACEAE,Leucopogon reflexus R.Br.,"1,5,8",,,,,,,x,x,x,x,,,• ,,,western,,
ERICACEAE,Leucopogon verticillatus R.Br.,"3,10",x,,,,x,,x,x,x,x,,,• ,y,,,,
ERICACEAE,Leucopogon sp. indet (CSIRO 118B),6,,,,,,,,,,,,,• sp. Indet.,,,,,
ERICACEAE,Leucopogon sp. indet (CSIRO 415),3,,,,,x,,,,,,,,• sp. Indet.,,,,,
ERICACEAE,Lysinema ciliatum R.Br.,"1,2,3,5,6",x,x,x,x,x,x,x,x,x,x,x,x,• ,,,,centered,
ERICACEAE,Lysinema conspicuum R.Br.,"1,3,10",x,,x,x,x,,,,x,x,,,• ,,,western,,
ERICACEAE,Lysinema pentapetalum R.Br.,,,,,,,,,,,,,,• new PERTH,,,,centered,
ERICACEAE,Needhamiella pumilio (R.Br.) L.Watson,1,,x,,,,,,,x,,,,• ,,,,centered,
ERICACEAE,Oligarrhena micrantha R.Br.,12,,,,,x,,x,,,x,,,• ,,,,,eastern
ERICACEAE,Sphenotoma capitata (R.Br.) Lindl.,"3,4",,,,,,,,,,,,x,• ,,,western,,
ERICACEAE,Sphenotoma dracophylloides Sond.,"5,12",,,,,,,,,,x,x,x,• ,,,western,,
ERICACEAE,Sphenotoma gracilis (R.Br.) Sweet ,"1,3,10,12",x,,,,,,,,x,x,,,• ,,,western,,
ERICACEAE,Sphenotoma parviflora F.Muell. ,,,,,,,,,,,,,,• new PERTH,,,western,,
ERICACEAE,Sphenotoma sp. Stirling Range (P.G. Wilson 4235),,,,,,,,,,,,,,• new consvn,,P4,,,
ERICACEAE,Styphelia corynocarpa (Sond.) F.Muell.,&,,,,,,,,,,,,,• name change,,,,,eastern
ERICACEAE,"Styphelia discolor (Sond.) Hislop, Crayn & Puente-Lel.",5,,,,,x,,,,,,,,• name change,,,western,,
ERICACEAE,Styphelia erubescens F.Muell.,"2,12",x,,,x,,,,,,x,,,• name change,,,western,,
ERICACEAE,Styphelia flavescens (Sond.) F.Muell. ,"3,10",x,,,,,,,,,,,,• name change,,,,centered,
ERICACEAE,Styphelia madida Hislop,,,,,,,,,,,,,,• new PERTH,,,,,
ERICACEAE,Styphelia melaleucoides F.Muell. ,&,,,,,,,,,,,,,• ,,,,,eastern
ERICACEAE, Styphelia microcalyx (Sond.) F.Muell.,1.6,,,,,x,,x,,,,,,• sp. Indet.,,,,,
ERICACEAE,Styphelia pallida (R.Br.) Spreng.,"3,5",,,,,,,,x,x,x,,,• name change,y,,western,,
ERICACEAE,Styphelia pendula (R.Br.) Spreng.,11,,,x,,,,,x,,,,,• name change,,,western,,
ERICACEAE,Styphelia propinqua (R.Br.) Spreng. ,"1,3,5",,x,x,x,x,,x,,,,,,• name change,,,western,,
ERICACEAE,Styphelia stricta (Benth.) F.Muell.,"3,5",,x,x,,,,x,x,,o,,,• sp. Indet.,,,,,
EUPHORBIACEAE,Amperea ericoides A. Juss.,"5,11",,,,,,,,,,x,,,• ,,,western,,
EUPHORBIACEAE,Amperea protensa Nees,,,,,,,,,,,,,,• new PERTH,,,western,,
EUPHORBIACEAE,* Euphorbia paralias L.,"8,11",,,,,,,,,,,,,• ,,,,centered,
EUPHORBIACEAE,Lysiandra calycina (Labill.) R.W.Bouman,"1,2,5,6,10,11",o,,,x,,x,x,x,x,x,x,x,• name change,,,,centered,
EUPHORBIACEAE,Poranthera florosa Halford & R.J.F.Hend.,,,,,,,,,,,,,,• new PERTH,y,,,centered,
EUPHORBIACEAE,Poranthera huegelii Klotzsch,3,x,,,,,,,,,x,,,• ,,,western,,
EUPHORBIACEAE,Poranthera microphylla Brongn.,"6,10",,,,,,,,,,x,,,• ,y,,,centered,
EUPHORBIACEAE,Ricinocarpos glaucus Endl.,"4,12",,,,,,,,,x,x,,,• ,y,,western,,
EUPHORBIACEAE,Ricinocarpos tuberculatus Muell. Arg.,8,,,,,,,,x,,,,,• sp. Indet,,P2,,,
FABACEAE,Acacia applanata Maslin,,,,,,,,,,,,,,• new PERTH,,,western,,
FABACEAE,Acacia browniana H.L.Wendl. var. browniana,"1,3",x,x,,,,,x,,,,,,• ,y,,western,,
FABACEAE,Acacia cochlearis (Labill.) H.L.Wendl.,"1,2,6,11",x,x,,,,,,,,,,,• ,,,,centered,
FABACEAE,Acacia cupularis Domin ,,,,,,,,,,,,,,• new PERTH,,,,,eastern
FABACEAE,Acacia cyclops G.Don,"2,3,11",x,,,,,,,,,,,,• ,y,,,centered,
FABACEAE,Acacia leioderma Maslin,"1,3,5,8,12",,,,,x,,x,x,x,x,,,• ,y,,,,eastern
FABACEAE,Acacia littorea Maslin,"1,2,3,8",x,x,,,x,x,x,x,x,x,,,• ,,,western,,
FABACEAE,Acacia luteola Maslin,3,,,,,x,,x,x,x,x,,,• ,,,,centered,
FABACEAE,Acacia myrtifolia (Sm.) Willd.,"1,3,4,8,9",,,,,x,,x,x,x,x,,,• ,y,,,centered,
FABACEAE,Acacia myrtifolia (Sm.) Willd. var. angustifolia,3,,,,,,,,,,x,,,• sp. Indet.,,,,,
FABACEAE,Acacia pulchella R.Br.,3,,x,x,x,x,,,,x,x,,,• ,,,,centered,
FABACEAE,Acacia pulchella var. goadbyi (Domin) Maslin,12,,,,,,,x,,,,,,• ,,,,centered,
FABACEAE,Acacia robiniae Maslin,3,,,,,x,,,,,,,,• ,,,western,,
FABACEAE,Acacia sulcata R.Br. var. platyphylla Maiden & Blakely  ,"8,12",,,,,x,,x,,x,x,,,• stat. change,y,,,centered,
FABACEAE,Acacia varia Maslin var. varia,&,,,,,,,,,,,,,• ,,,western,,
FABACEAE,Acacia wildenowiana H.L.Wendl.,3,,,,,,,,,x,x,,,• ,,,,,
FABACEAE,Aotus intermedia Meisn.,"1,3",x,x,,,,,,,x,,,,• ,,,western,,
FABACEAE,Bossiaea dentata (R.Br.) Benth. ,4,,,x,,x,x,x,x,x,x,x,,• ,,,,,eastern
FABACEAE,Bossiaea linophylla R.Br.,"1,2,3,5,11",,,,,,,x,xo,x,x,,,• ,y,,western,,
FABACEAE,Bossiaea  praetermissa J.H.Ross,"3,5",,,,,,,,x,x,,x,,• name change,,,,centered,
FABACEAE,Burtonia asperula S. Moore,,,,,,,,,,,,,,• sp. Indet.,,,,,
FABACEAE,Callistachys sp. south-coast variant (M. Carter 180),"2,3,5,7,8,9,13",x,,,,,,,,,x,x,x,• name change,y,,,,eastern
FABACEAE, Chorizema cordatum Lindl.,,,,,,,,,,,,,,• ,y,,western,,
FABACEAE,Chorizema cytisoides Turcz.,,,,,,,,,,,,,,• new PERTH,,,,,eastern
FABACEAE,Chorizema glycinifolium (Sm.) Druce,"2,3,5,6,11",,,,,x,,x,x,x,x,,,• ,,,,centered,
FABACEAE,Chorizema ilicifolium Labill.,"1,2,6",,,,,,x,x,x,x,x,x,,• ,,,,centered,
FABACEAE,Chorizema reticulatum Meisn.,3,,,,,,,,x,,x,x,,• ,,,western,,
FABACEAE,Chorizema rhombeum R.Br.,,,,,,,,,,,,,,• new PERTH,,,western,,
FABACEAE,Chorizema spathulatum (Meisn.) J.M.Taylor & Crisp ,,,,,,,,,,,,,,• new PERTH,,,western,,
FABACEAE,Daviesia benthamii Meisn.,"1,2,3,4,5,6,11",x,,,,x,,x,x,x,x,x,x,• sp. Indet.,,,,,
FABACEAE,Daviesia decurrens Meisn.,8,,,,,,,,,,,,,• ,,,western,,
FABACEAE,Daviesia flexuosa Benth.,11,,,,,,,,,,,,,• ,,,western,,
FABACEAE,Daviesia incrassata Sm. subsp. incrassata,,,,,,,,,,,,,,• new PERTH,,,western,,
FABACEAE,Eutaxia myrtifolia (Sm.) R.Br.,"5,8,9,11",,,,,,,,x,x,x,x,,• name change,y,,,centered,
FABACEAE,Eutaxia parvifolia Benth.,,,,,,,,,,,,,,• new PERTH,y,,,centered,
FABACEAE,Eutaxia virgata Benth.,,,,,,,,,,,,,,• new PERTH,,,western,,
FABACEAE,Gastrolobium bilobum R.Br.,"8,9,12",,,x,,,,,x,x,x,x,x,• ,y,,,centered,
FABACEAE,Gastrolobium bracteolosum (F.Muell.) G.Chandler & Crisp ,,,,,,,,,,,,,,• new PERTH,,,,,eastern
FABACEAE,Gastrolobium coriaceum (Sm.) G.Chandler & Crisp,"3,5,10",,,,,,,,,x,x,,,• name change,y,,,centered,
FABACEAE,Gompholobium aristatum Benth.,3,x,,,,,,,,,,,,• sp. Indet.,,,,,
FABACEAE,Gompholobium capitatum Lindl.,,,,,,,,,,,,,,• new PERTH,,,western,,
FABACEAE,Gompholobium confertum (DC.) Crisp,"2,3,6,8,10,11",x,x,x,,x,,,,,x,x,x,• name change,,,,centered,
FABACEAE,Gompholobium knightianum Lindl.,"3,5,11",x,,,,x,,x,,x,x,,,• ,,,,centered,
FABACEAE,Gompholobium ovatum Meisn.,&,,,,,,,,,,,,,• name change,,,western,,
FABACEAE,Gompholobium polymorphum R.Br.,"3,5,11,12",x,,,,,,,,,x,x,,• ,,,,centered,
FABACEAE,Gompholobium scabrum Sm.,"3,12",,,x,,x,,,,x,x,x,x,• name change,,,,centered,
FABACEAE,Gompholobium tomentosum Labill.,"2,6",,,,,,,,x,,x,x,x,• ,,,,centered,
FABACEAE,Gompholobium venustum R.Br.,10,,,,,,,,,,,,,• ,,,,centered,
FABACEAE,Hardenbergia comptoniana (Andrews) Benth.,"1,2,12",,,,,x,,x,x,x,,,,• ,,,western,,
FABACEAE,Hovea chorizemifolia (Sweet) DC.,"3,12",,,,,,,x,,,,,,• ,,,western,,
FABACEAE,Hovea elliptica (Sm.) DC. ,&,,,,,,,,,,,,,• ,,,western,,
FABACEAE,Hovea trisperma Benth.,"4,5",,,,,,,,x,,,,,• ,,,,centered,
FABACEAE,Isotropis cuneifolia (Sm.) Benth. ex B.D.Jackson,"2,6,10,11",,,,,,,,x,x,x,,,• ,y,,,centered,
FABACEAE,Jacksonia furcellata (Bonpl.) DC.,,,,,,,,,,,,,,• sp. Indet.,,,,,
FABACEAE,Jacksonia horrida DC.,"2,3,4,6,8,11,12",x,x,x,x,x,x,x,x,x,x,x,x,• ,y,,western,,
FABACEAE,Jacksonia spinosa (Labill.) R.Br.,"1,3,4,5,12",x,,x,x,x,x,x,x,x,x,x,x,• ,,,,centered,
FABACEAE,Kennedia glabrata Lindl.,,,,,,,,,,,,,,• new PERTH,y,,western,,
FABACEAE,Kennedia coccinea Vent.,"1,2,3,6,10,11",,,,,,,,x,x,x,x,,• ,y,,,centered,
FABACEAE,Latrobea diosmifolia Benth.,,,,,,,,,,,,,,• new PERTH,,,western,,
FABACEAE,Latrobea genistoides (Meisn.) Meisn.,"1,3",,,,,,,,,x,x,,,• ,,,western,,
FABACEAE,Latrobea hirtella (Turez.) Benth.,"1,3",,x,,,,,,,,x,,,• sp. Indet.,,,,,
FABACEAE,Latrobea sp. South Coast (A.M. Ashby 1949) ,,,,,,,,,,,,,,• new PERTH,,,western,,
FABACEAE,* Lotus ? angustissimus L.,3,,,,,,,,,,x,,,• ,,,western,,
FABACEAE,Oxylobium obovatum Benth.,12,,,,,,,,,,,,,• sp. Indet.,,,,,
FABACEAE,Paraserianthes lophantha (Willd.) I.Nielsen,8,,,,,,,,,,,,,• ,,,,centered,
FABACEAE,* Psoralea pinnata L. ,13,,x,,,,,,,,,,,• ,,,western,,
FABACEAE,Pultenaea barbata C.R.P.Andrews,"1,3,13",,x,,,x,,x,,x,x,,,• ,,,,,eastern
FABACEAE,Pultenaea heterochila F.Muell.,"2,12",,,,,,,,x,x,,,,• name change,,,,,eastern
FABACEAE,Pultenaea reticulata (Smith) Benth.,"1,4",,,x,,x,,x,x,x,x,,x,• ,,,western,,
FABACEAE,Pultenaea verruculosa Turcz.,,,,,,,,,,,,,,• new PERTH,,,,centered,
FABACEAE,Sphaerolobium alatum Benth.,"3,5,8",,,,,x,,o,,x,x,,,• ,,,western,,
FABACEAE,Sphaerolobium grandiflorum (R.Br.) Benth.,"1,3",,,,,,,,,,x,,,• ,,,western,,
FABACEAE,Sphaerolobium hygrophilum R.Butcher,,,,,,,,,,,,,,• new PERTH,,,western,,
FABACEAE,Sphaerolobium linophyllum (Huegel) Benth.,2,,x,,,,,,,,,,x,• new PERTH,,,western,,
FABACEAE,Sphaerolobium nudiflorum (Meisn.) Benth.,,,,,,,,,,,,,,• new PERTH,,,western,,
FABACEAE,Sphaerolobium pubescens R.Butcher ,,,,,,,,,,,,,,• new PERTH,,,western,,
FABACEAE,Sphaerolobium rostratum R.Butcher,,,,,,,,,,,,,,• new PERTH,,,western,,
FABACEAE,Sphaerolobium vimineum Sm.,",2,3",,,,,,,,,x,x,,,• ,,,western,,
FABACEAE,Templetonia retusa (Vent.) R.Br.,8,,,,,,,,,,,,,• ,,,,centered,
FABACEAE,* Trifolium campestre Schreb.,,,,,,,,,,,,,,• ,y,,western,,
FABACEAE,* Trifolium dubium Sibth.,3,,,,,,,,,,x,,,• ,,,western,,
FABACEAE,* Ulex europaeus L.,10,,,,,,,,,x,,,,• ,,,western,,
FUMARIACEAE,* Fumaria muralis W.D.J.Koch,11,,,,,,,,,,x,,,• ,,,western,,
GENTIANACEAE,* Centaurium erythraea Rafn,"8,9",,,,,,,,,,,,,• ,y,,western,,
GENTIANACEAE,Schenkia australis (R.Br.) G.Mans,1,,,,x,,,,,,,,,• name change,,,,centered,
GERANIACEAE,* Erodium botrys (Cav.) Bertol.,3,,,,,,,,,,x,,,• ,,,western,,
GERANIACEAE,* Geranium molle L. ,11,,,,,,,,,,,,,• ,,,western,,
GERANIACEAE,* Pelargonium capitatum (L.) L'Her.,"2,11",x,,,,,,,,,x,,,• ,,,western,,
GERANIACEAE,Pelargonium drummondii Turcz.,"7,8",,,,,,,,,,,,,• name change,y,,,centered,
GERANIACEAE,Pelargonium littorale Huegel,"2,10",,,,,,,,,,x,,,• name change,,,,centered,
GOODENIACEAE,Dampiera fasciculata R.Br.,"1,3,4,5",,,,,,,x,x,,x,x,x,• ,,,,,eastern
GOODENIACEAE,Dampiera leptoclada Benth.,"4,5",,,,,,,x,,x,x,,,• ,y,,western,,
GOODENIACEAE,Dampiera linearis R.Br.,"1,3,4,8,12",x,,,,x,,x,,x,x,x,,• ,y,,western,,
GOODENIACEAE,Dampiera decurrens Rajput & Carolin,8,,,,,,,,,,x,,,• sp. Indet.,,,,,
GOODENIACEAE,Goodenia coerulea R.Br.,3,x,,,,,,,,,,,,• name change,,,western,,
GOODENIACEAE,Goodenia eatoniana F.Muell. ,,,,,,,,,,,,,,• new PERTH,,,western,,
GOODENIACEAE,Goodenia filiformis R.Br.,&,,,,,,,,,,,,,• ,,,,centered,
GOODENIACEAE,Goodenia trinervis (Labill.) K.A.Sheph. ,"2,4,5,6,8,11,12",,,,,,,x,x,,x,x,x,• name change,y,,,centered,
GOODENIACEAE,Lechenaultia tubiflora R.Br.,"3,4,5,11,12",,,,,,,x,x,,x,x,,• ,,,,,eastern
GOODENIACEAE, Scaevola filifolia (R.Br.) K.A.Sheph.,"1,3",,x,x,x,x,,,,x,x,,,• name change,,,western,,
GOODENIACEAE,Scaevola glandulifera DC.,,,,,,,,,,,,,,• ,,,western,,
GOODENIACEAE,Scaevola globulifera Labill.,"2,6,111",,,,,,,,,x,x,x,x,• ,y,,,centered,
GOODENIACEAE,Scaevola nitida R.Br.,"1,2,3,8,11",x,,x,,,,,,x,x,,,• ,y,,western,,
GOODENIACEAE,Scaevola phlebopetala F.Muell.,3,x,,,,,,,,,,,,• sp. Indet.,,,,,
GOODENIACEAE,Scaevola revoluta R.Br.,#,,,,,,,,,,,,,• sp. Indet.,,,,,
GOODENIACEAE,Scaevola striata R.Br.,"3,4,5,10",,,,,,,,x,,x,x,x,• ,,,,centered,
GYROSTEMONACEAE,Gyrostemon sheathii W.Fitzg.,"2,8,11",x,,,,x,,x,,x,x,,,• ,y,,,centered,
GYROSTEMONACEAE,Gyrostemon thesioides (Hook.f.) A.S.George,"2,10,11",,,,,,,,,x,,,,• ,,,,centered,
HALORAGACEAE,Glischrocaryon aureum (Lindl.) Orchard,,,,,,,,,,,,,,• ,y,,,centered,
HALORAGACEAE,Gonocarpus benthamii Orchard,,,,,,,,,,,,,,• ,,,western,,
HALORAGACEAE,Gonocarpus nodulosus Nees,,,,,,,,,,,,,,• ,y,,,centered,
HALORAGACEAE,Meionectes brownii Hook.f. ,2,x,x,,,,,x,,,x,,,• name change,,,western,,
LAMIACEAE,Hemigenia podalyrina F.Muell. ,12,,,,,,,,x,,,,,• ,,,western,,
LAMIACEAE,Hemigenia sp. aff. servicea Benth. (CSIRO 584),3,x,,,,,,,,,,,,• sp. Indet.,,,,,
LAMIACEAE,Microcorys barbata R.Br.,4,x,,,,,,x,,x,x,x,,• ,y,,,,eastern
LAMIACEAE,Microcorys virgata R.Br. ,12,,,,x,,,,,,,,,• ,y,,,,eastern
LAMIACEAE,Westringia dampieri R.Br.,"1,4,8,9,12",,,,,,,,x,x,x,,,• ,,,,centered,
LENTIBULARIACEAE,Utricularia menziesii R.Br.,,,,,,,,x,,,,,,• ,y,,western,,
LOGANIACEAE,Logania fasciculata R.Br.,6,,,,,x,x,x,x,,,x,,• ,,,,,eastern
LOGANIACEAE,Logania vaginalis (Labill.) F. Muell.,"1,2",x,,,,,x,,,x,x,,,• ,,,,,
LOGANIACEAE, Orianthera serpyllifolia (R.Br.) C.S.P.Foster & B.J.Conn,"2,3,5,6,8,10,11",x,,,,x,,x,,x,x,x,x,• name change,,,,centered,
LOGANIACEAE, Phyllangium divergens (Hook.f.) Dunlop,,,,,,,,,,,,,,• new PERTH,,,,centered,
LOGANIACEAE,Phyllangium paradoxum (R.Br.) Dunlop,"2,5,6,8,9,11",,,,,,,,,,x,x,,• name change,y,,western,,
LORANTHACEAE,Nuytsia floribunda (Labill.) G.Don,5,,,x,,,,,,,,,,• ,y,,,centered,
MALVACEAE,Commersonia corniculata (Sm.) K.A.Sheph. & C.F.Wilkins,,,,,,,,,,,,,,• ,y,,western,,
MALVACEAE,Commersonia corylifolia (Graham) C.F.Wilkins & Whitlock,,,,,,,,,,,,,,• ,y,,western,,
MALVACEAE,Commersonia parviflora (Endl.) F.Muell.,,,,,,,,,,,,,,• ,y,,,,eastern
MALVACEAE,Lasiopetalum floribundum Benth.,,,,,,,,,,,,,,• new PERTH,,,western,,
MALVACEAE,Lasiopetalum indutum Steud.,,,,,,,,,,,,,,• new PERTH,,,,,eastern
MALVACEAE,Lasiopetalum sp. Denmark (B.G. Hammersley 2012),,,,,,,,,,,,,,• new PERTH,,,western,,
MALVACEAE,Malva preissiana Miq.,7,,,,,,,,,,,,,• not alien,,,,centered,
MALVACEAE,Sida hookeriana Miq.,,,,,,,,,,,,,,• ,y,,western,,
MALVACEAE,Thomasia discolor Steud.,&,,,,,,,,,,,,,• ,y,,western,,
MALVACEAE,Thomasia aff. foliosa Gay.,&,,,,,,,,,,,,,• sp. Indet.,,,,,
MALVACEAE,Thomasia purpurea (Dryand.) J.Gay,"4,5,12",,,,,,,,,,x,x,x,• ,y,,western,,
MALVACEAE,Thomasia solanacea (Sims) J.Gay,,,,,,,,,,,,,,• ,y,P4,western,,
MENYANTHACEAE, Liparophyllum lasiospermum (F.Muell.) Tippery & Les,"1,2,3",,,,,,,,,x,x,,,• name change,,,western,,
MENYANTHACEAE,Ornduffia parnassifolia (Labill.) Tippery & Les,"2,3,10",x,x,,,,,,,,x,,,• name change,y,,,centered,
MYRTACEAE,Actinodium cunninghamii Schauer,3,x,,,,,,x,,x,x,,,• ,,,western,,
MYRTACEAE,Actinodium sp. Fitzgerald River (H.A. Froebe & R. Classen 810),,,,,,,,,,,,,,• new PERTH,,,,,eastern
MYRTACEAE,Agonis flexuosa (Willd.) Sweet,"2,6,8,9,11",x,,x,,x,,x,,,x,x,x,• ,y,,western,,
MYRTACEAE,Agonis theiformis Schauer,"1,3",x,,x,,,,,,,x,x,,• name change,y,,western,,
MYRTACEAE,Astartea corniculata Schauer,,,,,,,,,,,,,,• new PERTH,,,western,,
MYRTACEAE,Astartea glomerulosa Schauer ,"1,3,8,13",x,x,,,x,,,,,,,,• name change,y,,western,,
MYRTACEAE,Astartea pulchella (DC.) Rye,,,,,,,,,,,,,,• new PERTH,,,western,,
MYRTACEAE,Beaufortia anisandra Schauer,"1,3",x,x,x,x,x,,x,,,,,,• ,,,,,eastern
MYRTACEAE,Beaufortia decussata R.Br.,"1,3,4,5",x,,x,x,x,x,x,x,x,,,,• ,,,western,,
MYRTACEAE,Callistemon glaucus Sweet,1,,,,x,x,,,,,,,,• name change,,,western,,
MYRTACEAE,Calothamnus sanguineus Labill.,#,,,,,,,,,,,,,• sp. Indet.,,,western,,
MYRTACEAE,Calytrix asperula (Schauer) Benth.,3,x,x,,,,,,,,,,,• ,,,,,eastern
MYRTACEAE,Calytrix hirta (Regel) Nge & K.R.Thiele ,"10,11",,,,,,,,,,,,,• new PERTH,y,,,centered,
MYRTACEAE,Calytrix leschenaultii (Schauer) Benth.,4,,,,,,,,x,,,,,• ,,,,centered,
MYRTACEAE,Chamelaucium orarium N.G.Marchant ,8,,,,,,,,,,x,,,• name change,y,P2,,centered,
MYRTACEAE,Corymbia calophylla (Lindl.) K.D.Hill & L.A.S.Johnson,"3,4,10,1,12",x,x,x,,,,,,,,,,• ,y,,western,,
MYRTACEAE,Darwinia citriodora (Endl.) Benth.,12,,,,,,,,,x,,,,• ,y,,western,,
MYRTACEAE,Darwinia diosmoides (DC.) Benth.,8,,,,,,,,,,,,,• ,y,,,,eastern
MYRTACEAE,Darwinia oederoides (Turez.) Benth.,10,,,,,,,,,,,,,• ,,,western,,
MYRTACEAE,Darwinia vestita (Endl.) Benth.,"1,2,3,4,5,8,12",,,,,,,x,x,x,x,x,,• ,,,,centered,
MYRTACEAE,Eucalyptus acies Brooker,,,,,,,,,,,,,,• new PERTH,,,,,eastern
MYRTACEAE,Eucalyptus angulosa Schauer,"4,8,11,12",x,,x,,,,,o,,x,,,• ,y,,,centered,
MYRTACEAE,Eucalyptus conferruminata D.J.Carr & S.G.M.Carr,"4,12",,x,,,,x,,x,x,,,,• ,y,,,,eastern
MYRTACEAE,Eucalyptus conferruminata D.J.Carr & S.G.M.Carr x cornuta Labill.,,,,,,,,,,,,,,• new PERTH,y,,,centered,
MYRTACEAE,Eucalyptus cornuta Labill.,"8,11,122",,,x,,,,,,,,,,• ,y,,,centered,
MYRTACEAE,Eucalyptus doratoxylon F.Muell.,,,,,,,,,,,,,,• new PERTH,,,,centered,
MYRTACEAE, Eucalyptus goniantha Turcz. subsp. goniantha ,"3,5,11,12",,x,,,,,,x,,,,,• stat. change,,,,centered,
MYRTACEAE, Eucalyptus marginata Sm. subsp. marginata ,"3,4,10,11,12",x,,x,,,x,x,,x,x,,,• stat. change,y,,western,,
MYRTACEAE,Eucalyptus marginata Sm. x megacarpa F.Muell.,,,,,,,,,,,,,,• ,y,,western,,
MYRTACEAE,Eucalyptus megacarpa F.Muell.,"4,10,11,12",,,x,,x,x,,x,,x,,,• ,y,,western,,
MYRTACEAE,Eucalyptus notactites (L.A.S.Johnson & K.D.Hill) D.Nicolle & M.E.French ,,,,,,,,,,,,,,• new PERTH,,,,centered,
MYRTACEAE,Eucalyptus staeri (Maiden) Kessel & C.Gardner,"3,10,12",x,,,,,,,,,,,,• ,,,western,,
MYRTACEAE,Eucalyptus x missilis Brooker & Hopper ,12,,,,,,,,,,,,,• new PERTH,,,,,eastern
MYRTACEAE,Homalospermum firmum Schauer,"1,3,10,12",x,,,,,,o,,,,,,• ,,,western,,
MYRTACEAE,Hypocalymma angustifolium Endl.,1,,,,,,,,,,x,x,,• new PERTH,y,,western,,
MYRTACEAE,Hypocalymma cordifolium Schauer,"3,4,8",x,,,,x,,x,x,x,x,,,• ,,,western,,
MYRTACEAE,Hypocalymma scariosum Schauer ,,,,,,,,,,,,,,• new PERTH,,,western,,
MYRTACEAE,Hypocalymma strictum Schauer,"1,3,8,12",,x,x,,x,,,,,,,,• ,,,western,,
MYRTACEAE, Kunzea ericifolia (Sm.) Heynh. subsp. ericifolia ,"1,3,10,13",o,,,o,,,,,,x,x,,• stat. change,,,western,,
MYRTACEAE,Kunzea recurva Schauer,1,,,,,,,,,,,x,,• ,,,,centered,
MYRTACEAE,*  Gaudium laevigatum (Gaertn.) Peter G.Wilson,&,,,,,,,,,,,,,• name change,,,western,,
MYRTACEAE,Melaleuca croxfordiae Craven ,"10,12,13",,,,,,,,,,,x,,• new PERTH,y,,western,,
MYRTACEAE,Melaleuca cuticularis Labill.,"10,11,13",,,,,,,,,x,,,,• ,,,,centered,
MYRTACEAE,Melaleuca densa R.Br.,,,,,,,,,,,,,,• ,,,western,,
MYRTACEAE,Melaleuca diosmifolia Andrews,"8,12",,,,,,,,,x,,,,• ,y,,,centered,
MYRTACEAE,Melaleuca microphylla Sm.,,,,,,,,,,,,,,• new PERTH,,,western,,
MYRTACEAE, * Melaleuca nesophila F. Muell.,#,,,,,,,,,,,,,• part alien,,,,,eastern
MYRTACEAE,Melaleuca pentagona Labill. var. pentagona,"1,2,6",x,,,,,,,,,,,,• ,,,,,eastern
MYRTACEAE,Melaleuca preissiana Schauer,"10,11",x,,,,,,,,,,,,• ,,,western,,
MYRTACEAE,Melaleuca rhaphiophylla Schauer,"10,11",,,,,,,,,,,x,,• ,,,western,,
MYRTACEAE,Melaleuca striata Labill.,"1,2,3,4,5,8,10",x,,x,x,x,x,x,,,x,x,x,• ,,,,,eastern
MYRTACEAE,Melaleuca thymoides Labill.,"1,2,3,6,8,11,12,13",x,,x,x,x,x,x,x,x,x,x,x,• ,,,,centered,
MYRTACEAE, Melaleuca sp. 2 (I. Abbott),8,,,,,,,,,,,,,• sp. Indet.,,,,,
MYRTACEAE,Pericalymma ellipticum (Endl.) Schauer,3,,,,,,,,,,x,,,• ,,,western,,
MYRTACEAE,Pericalymma spongiocaule Cranfield,,,,,,,,,,,,,,• new PERTH,,,western,,
MYRTACEAE,Rinzia schollerifolia (Lehm.) Trudgen,"3,10",,,,,,,x,,,x,x,,• name change,,,western,,
MYRTACEAE,Taxandria angustifolia (Schauer) J.R.Wheeler & N.G.Marchant,,,,,,,,,,,,,,• new PERTH,y,,western,,
MYRTACEAE,Taxandria juniperina (Schauer) J.R.Wheeler & N.G.Marchant ,"1,2,3,5,13",x,x,x,x,x,x,x,x,x,x,x,x,• name change,,,western,,
MYRTACEAE,Taxandria linearifolia (DC.) J.R.Wheeler & N.G.Marchant ,"3,8,13",x,,x,,x,,,,,,,,• name change,,,western,,
MYRTACEAE,Taxandria marginata (Labill.) J.R.Wheeler & N.G.Marchant,"5,8,9,12",,,x,x,x,x,x,,,x,,,• name change,y,,,centered,
MYRTACEAE,Taxandria parviceps (Schauer) J.R.Wheeler & N.G.Marchant ,"1,2,3,5,12",x,x,x,,x,,x,x,x,x,x,,• name change,,,western,,
MYRTACEAE,Taxandria spathulata (Schauer) J.R.Wheeler & N.G.Marchant ,,,,,,,,,,,,,,• new PERTH,,,,,eastern
MYRTACEAE,Thryptomene saxicola (Hook.) Schauer,5,,,,,,x,x,x,x,,,,• ,y,,,centered,
MYRTACEAE,Verticordia endlicheriana Schauer,,,,,,,,,,,,,,• new PERTH,,,,,eastern
MYRTACEAE,Verticordia plumosa (Desf.) Druce var. plumosa,"5,8",,,,,,,x,x,x,,x,,• stat. change,y,,western,,
MYOPORACEAE,Myoporum caprarioides Benth.,2,,,,,,,,,,x,,,• sp. Indet.,,,,,
MYOPORACEAE,Myoporum oppositifolium R.Br.,2,,x,,,x,x,,x,,,,,• ,,,western,,
MYOPORACEAE,Myoporum tetrandrum (Labill.) Domin,,,,,,,,,,,,,,• new PERTH,,,,centered,
OLACACEAE,Olax benthamiana Miq. ,,,,,,,,,,,,,,• new PERTH,,,,centered,
OLACACEAE,Olax phyllanthi (Labill.) R.Br.,"1,2,3,6,8",,x,x,x,x,x,x,x,x,x,,,• ,y,,,centered,
ONAGRACEAE,Epilobium billardiereanum Ser.,2,,x,,,,,,,,,,,• ,,,western,,
OROBANCHACEAE,Orobanche minor Sm.,,,,,,,,,,,,,,,Y,,western,,
PHYTOLACCACEAE,* Phytolacca octandra L.,3,,x,,,,,,,,,,,• ,y,,western,,
PITTOSPORACEAE,Billardiera drummondii (C.Morren) L.Cayzer & Crisp,,,,,,,,,,,,,,• new Dilly,y,,western,,
PITTOSPORACEAE,"Billardiera fraseri (Hook.) L.Cayzer, Crisp & I.Telford",3,x,,x,,,,,,,,,,• name change,,,western,,
PITTOSPORACEAE,Billardiera fusiformis Labill.,,,,,,,,,,,,,,• ,y,,,centered,
PITTOSPORACEAE,Billardiera heterophylla (Lindl.) L.Cayzer & Crisp,"1,2,3,4,9,10,13",x,x,x,x,,,x,,,x,x,,• ,y,,,centered,
PITTOSPORACEAE,Billardiera laxiflora (Benth.) E. M. Bennett,"1,3,4,5",,x,x,x,x,,,,,,x,,• ,y,,western,,
PITTOSPORACEAE,Billardiera variifolia DC. ,"1,2,3",x,x,x,x,x,,,,,,,,• ,,,western,,
PITTOSPORACEAE,Billardiera venusta (Putt.) L.Cayzer & Crisp,,,,,,,,,,,,,,• new PERTH,,,,,eastern
POLYGALACEAE,Comesperma calymega Labill.,"1,2,3,6",x,x,x,,,,,,,x,x,x,• ,,,,centered,
POLYGALACEAE,Comesperma confertum Labill.,"1,2,3,6,10",x,x,,,,,,,,x,x,x,• ,,,,centered,
POLYGALACEAE,Comesperma flavum DC.,3,x,,,,,,,,,,,,• ,,,,centered,
POLYGALACEAE,Comesperma nudiusculum DC.,"1,2",,,,,x,,,,,,,,• ,,,western,,
POLYGALACEAE,Comesperma virgatum Labill.,"2,3,5,6,11",,x,,,,,,,x,x,x,,• ,y,,,centered,
POLYGONACEAE,Muehlenbeckia adpressa (Labill.) Meisn.,"8,9",,,,,,,,,,,,,• ,y,,,centered,
PORTULACACEAE,Calandrinia brevipedata F.Muell.,"1,2 ",,,,,,,,,x,x,,,• ,,,,centered,
PORTULACACEAE,Calandrinia calyptrata Hook.f.,"7,8",,,,,,,,,,,,,• ,y,,,centered,
PORTULACACEAE,Calandrinia polypetala Fenzl,2,,,,,,,,,,x,,,• sp. Indet.,,,,,
PORTULACACEAE,Calandrinia sp. southern granites (G.J. Keighery 11266),,,,,,,,,,,,,,,y,,western,,
PORTULACACEAE,Calandrinia tholiformis Obbens ,2,,,,,,,,,,x,,,• name change,,,,centered,
PRIMULACEAE,* Lysimachia arvensis (L.) U.Manns & Anderb.,"1,5",,,,,,,x,,,,,x,• name change,y,,,centered,
PRIMULACEAE,Samolus repens (J.R.Forst. & G.Forst.) Pers.,8,,,,,,,,,,,,,• ,,,,centered,
PROTEACEAE,Adenanthos cuneatus Labill.,"1,2,3,6,8,11",x,x,x,x,x,x,x,x,x,x,x,x,• ,,,,centered,
PROTEACEAE,Adenanthos obovatus Labill.,"1,3,4",x,x,x,x,x,x,x,x,x,x,,x,• ,,,western,,
PROTEACEAE,Adenanthos sericeus Labill. subsp. sericeus,"1,2,4,8,12",x,x,x,x,x,x,x,x,x,x,,,• stat. change,,,,centered,
PROTEACEAE,Adenanthos x cunninghamii Meisn.,"10,11",,,,,,,,,x,x,,,• name change,,,western,,
PROTEACEAE,Banksia armata R.Br.,5,,,,,x,,x,x,,,x,,• ,,,,centered,
PROTEACEAE,Banksia attenuata R.Br.,"3,8,10,11,12",x,,,,,,,,x,x,,,• ,,,western,,
PROTEACEAE,Banksia coccinea R.Br.,"1,10,12",,,,,,x,x,x,x,x,,,• ,,,,centered,
PROTEACEAE,Banksia dryandroides Sweet,12,,,,,,,,,,,,,• ,,,,,eastern
PROTEACEAE,Banksia formosa R.Br.,"3,5,8,12",x,,x,,x,x,x,x,x,x,,,• ,y,,western,,
PROTEACEAE, Banksia gardneri  A.S.George var. gardneri,"3,11",x,,,,,,,,,,x,x,• ,,,,centered,
PROTEACEAE,Banksia grandis Willd.,"3,10,11,12",x,x,,,,,,,,,x,,• ,y,,western,,
PROTEACEAE,Banksia ilicifolia R.Br.,"3,10",x,,,,,,,,,,,,• ,,,western,,
PROTEACEAE,Banksia littoralis R.Br.,"1,3,10,11,12",,,,,x,,,,,,,,• ,,,western,,
PROTEACEAE,Banksia nivea (Labill.) R.Br.,"2,5,6,8,11",,,,,x,,,x,x,x,,,• ,,,,centered,
PROTEACEAE,Banksia nutans A. S. George var. cernuella,10,,,x,,,,,,,,,,• ,,,,,eastern
PROTEACEAE,Banksia occidentalis R.Br. ,"1,10",,,x,x,x,x,,,,x,,,• ,,,,centered,
PROTEACEAE,Banksia pellaeifolia A.R.Mast & K.R.Thiele ,,,,,,,,,,,,,,• new PERTH,,,,,eastern
PROTEACEAE,Banksia praemorsa Andrews,"1,8,10,11,12",,,,,x,,x,,,x,,,• ,,,,centered,
PROTEACEAE,Banksia pteridifolia R.Br.,"4,5,8,11",,,,,,,x,x,,,,,• sp. Indet.,,,,,eastern
PROTEACEAE,Banksia quercifolia R.Br.,"1,10",,x,x,x,x,,x,,,x,,,• ,,,western,,
PROTEACEAE,Banksia seminuda (A.S.George) Rye subsp. seminuda,"1,10",,,,,x,,,,,,,,• ,,,western,,
PROTEACEAE,Banksia serra (R.Br.) A.R.Mast & K.R.Thiele,10,,,,,,,,,,,x,,• ,,,western,,
PROTEACEAE,Banksia sessilis (Knight) Domin,"1,2,6,8,11,12",,x,x,,x,x,x,x,x,x,,,• ,,,western,,
PROTEACEAE,Banksia verticillata R.Br.,"1,12",x,x,,x,x,x,x,,,,,,• ,y,,western,,
PROTEACEAE,Conospermum caeruleum R.Br. subsp. caeruleum,"3,8,12",,,,,x,,x,x,x,x,x,x,• stat. change,,,,centered,
PROTEACEAE,Conospermum caeruleum subsp. oblanceolatum E.M.Benn.,,,,,,,,,,,,,,• new PERTH,,,,,eastern
PROTEACEAE,Conospermum capitatum R.Br.,,,,,,,,,,,,,,• ,y,,western,,
PROTEACEAE,Conospermum petiolare R.Br.,"1,3",x,,,,,,,,,,,,• ,,,,,eastern
PROTEACEAE,Conospermum teretifolium R.Br.,"4,5",x,,,,,,,,,,,x,• ,,,,centered,
PROTEACEAE,Franklandia fucifolia R.Br.,"5,12",x,,,x,,,,,,,,,• ,,,,centered,
PROTEACEAE,Grevillea depauperata R.Br.,&,,,,,,,,,,,,,• name change,,,western,,
PROTEACEAE,Grevillea fasciculata R.Br.,&,,,,,,,,,,,,,• ,,,,,eastern
PROTEACEAE,Grevillea pulchella (R.Br.) Meisn. subsp. pulchella,"2,3,12",x,x,,,,,x,,x,x,,,• stat. change,,,western,,
PROTEACEAE,Grevillea trifida (R.Br.) Meisn.,"1,3,10",,,,,x,,,,,,,,• ,,,western,,
PROTEACEAE,Hakea amplexicaulis R.Br.,&,,,,,,,,,,,,,• ,,,western,,
PROTEACEAE,Hakea ceratophylla (Sm.) R.Br.,"3,8,12",x,,,,x,,x,,x,,,,• ,,,western,,
PROTEACEAE,Hakea corymbosa R.Br.,8,,,,,,,x,x,,,,,• ,,,,centered,
PROTEACEAE,Hakea cucullata R.Br.,12,,,,,,,x,,,,,,• ,,,,,eastern
PROTEACEAE,Hakea drupacea (C.F.Gaertn.) Roem. & Schult.,"8,9,#",,,,,,,,,,,,,• name change,y,,,,eastern
PROTEACEAE,Hakea elliptica (Sm.) R.Br.,"1,4,8,12",,,,,,,,,,,o,,• ,y,,,centered,
PROTEACEAE,Hakea florida R.Br. ,,,,,,,,,,,,,,• new PERTH,,,western,,
PROTEACEAE,Hakea lasiantha R.Br.,,,,,,,,,,,,,,• new PERTH,,,western,,
PROTEACEAE,Hakea lasiocarpha R.Br.,"1,3",,,,x,x,,x,,x,,,,• name change,,,,,eastern
PROTEACEAE,Hakea linearis R.Br.,"1,5",,,,,,,o,,,,,,• ,,,western,,
PROTEACEAE,Hakea oldfieldii Benth.,,,,,,,,,,,,,,• new PERTH,,,,,
PROTEACEAE,Hakea oleifolia (Sm.) R.Br.,"1,3,6",,,,,x,,x,x,x,x,,,• ,,,western,,
PROTEACEAE,Hakea prostrata R.Br.,"1,2,6,11",,x,,,,x,x,x,x,x,x,,• ,,,,centered,
PROTEACEAE,Hakea ruscifolia Labill.,"2,3,6,11",,x,x,x,x,x,x,x,,x,,,• ,,,,centered,
PROTEACEAE,Hakea sulcata R.Br.,,,,,,,,,,,,,,• new PERTH,,,,centered,
PROTEACEAE,Hakea trifurcata (Sm.) R.Br.,"1,4,8",,,x,,x,x,x,x,,,x,,• ,y,,,centered,
PROTEACEAE,Hakea tuberculata R.Br.,,,,,,,,,,,,,,• new PERTH,,,,centered,
PROTEACEAE,Hakea varia R.Br.,"1,2,5",x,x,x,,x,,x,,x,,,x,• ,,,,centered,
PROTEACEAE,Isopogon attenuatus R.Br.,5,,,,,,,,,,,,o,• ,,,western,,
PROTEACEAE,Isopogon cuneatus R.Br.,&,,,,,,,,,,,,,• ,,,,centered,
PROTEACEAE,Isopogon formosus R.Br. subsp. formosus,"1,3,4,5",,,,,x,,x,x,x,x,,,• stat. change,y,,,centered,
PROTEACEAE,Isopogon longifolius R.Br.,"3,4",x,,,,,,,,,,,,• ,,,,centered,
PROTEACEAE,Isopogon uniflora R.Br.,5,x,,x,,x,x,x,x,,,x,,• sp. Indet.,,,,,
PROTEACEAE,Lambertia echinata R.Br. subsp. citrina Hnatiuk ,,,,,,,,,,,,,,• ,,,,centered,
PROTEACEAE,Petrophile diversifolia R.Br.,"1,3,10",x,,,,,,,,x,x,,,• ,,,western,,
PROTEACEAE,Petrophile longifolia R.Br.,1,,,,,x,,,,x,x,,,• ,,,,centered,
PROTEACEAE,Petrophile rigida R.Br.,"5,8",,,,,,,,,,x,x,,• ,,,western,,
PROTEACEAE,Petrophile squamata R.Br. subsp. squamata,"1,4,5,12",,,,,x,x,x,x,x,x,,,• stat. change,,,western,,
PROTEACEAE,Stirlingia latifolia (R.Br.) Steud.,3,o,,,,x,,x,,x,,,,• ,,,western,,
PROTEACEAE,Stirlingia tenuifolia R.Br.) Steud.,"2,12",,,,,,,,,x,x,,o,• ,,,,centered,
PROTEACEAE,Synaphea favosa R.Br.,,,,,,,,,,,,,,• ,,,,centered,
PROTEACEAE,Synaphea media A.S.George ,,,,,,,,,,,,,,• new PERTH,,,,,eastern
PROTEACEAE,Synaphea petiolaris R.Br.,&,,,,,,,,,,,,,• ,,,,centered,
PROTEACEAE,Synaphea polymorpha R.Br.,5,,,,,x,,x,x,x,x,x,,• ,y,,,centered,
RANUNCULACEAE,Clematis linearifolia Steud.,#,,,,,,,,,,,,,• name change,,,western,,
RANUNCULACEAE,Clematis pubescens Endl.,"1,2,9,11",,,x,x,x,x,x,,x,,,,• ,y,,,centered,
RHAMNACEAE,Spyridium globulosum (Labill.) Benth.,"1,2",x,,,,x,x,x,,x,x,,,• ,y,,,centered,
RHAMNACEAE,Spyridium majoranifolium (Fenzl) Rye,"1,2,6,8",x,x,x,x,x,,x,,x,,,,• name change,y,,,,eastern
RHAMNACEAE,Trymalium ledifolium Fenzl,"1,2,11",x,x,,,x,,,,x,,,,• ,,,western,,
RHAMNACEAE,"Trymalium odoratissimum subsp. trifidum (Rye) Kellermann, Rye & K.R.Thiele","4,8,12",,,,,,,x,x,,x,,,• name change,,,western,,
RUBIACEAE,Opercularia hispidula Endl.,"2,3,10",x,,,,,,,,x,x,,,• ,y,,,centered,
RUBIACEAE,Opercularia vaginata Labill.,2.6,,x,,,,,,,x,x,x,,• ,,,,centered,
RUTACEAE,Boronia alata Sm.,12,,,,,,,,,,,,,• ,,,western,,
RUTACEAE,Boronia albiflora R.Br. ex Benth.,"8,12",,,,,,,x,,,,,,• ,y,,,,eastern
RUTACEAE,Boronia crenulata Sm. ,"1,4,5,12",,,x,,x,,x,x,x,x,x,,• ,Y,,,centered,
RUTACEAE, Boronia denticulata Sm. subsp. denticulata ,"1,2,3",x,,,,,,,,,,,,• stat. change,,,,centered,
RUTACEAE,Boronia gracilipes F. Muell.,"12,13",,,,,,x,x,x,x,,,,• ,,,western,,
RUTACEAE,Boronia spathulata Lindl.,"1,2,3,4,12",x,x,x,x,x,,x,,x,x,x,x,• ,y,,,centered,
RUTACEAE,Boronia sp. aff. denticulata Sm. (CSIRO 335A,"1,2",,x,,,x,,,,,,,,• sp. Indet.,,,,,
RUTACEAE,Boronia stricta Bartl.,,,,,,,,,,,,,,• new PERTH,,,western,,
RUTACEAE,Boronia tetrandra Labill.,12,,,,,,,x,x,,x,,,• ,,,,,eastern
RUTACEAE,Chorilaena quercifolia Endl.,"1,4,8,9,12",,,,,,,x,x,x,x,,,• ,,,western,,
RUTACEAE,Chorilaena anceps (DC.) Duretto & Heslewood,"1,2,4,11",x,x,x,,x,x,x,x,x,x,x,x,• name change,,,western,,
RUTACEAE, Chorilaena rudis (Bartl.) Duretto & Heslewood,8,,x,,,,,,,,,,,• name change,,,,,eastern
RUTACEAE,Cyanothamnus subsessilis (Benth.) Duretto & Heslewood,,,,,,,,,,,,,,• new Dilly,y,,,centered,
RUTACEAE,Crowea angustifolia Sm. var. dentata,"3,4,12",,x,,,x,,,,x,,,,• ,,,western,,
SANTALACEAE,Exocarpos sparteus R.Br.,1,,,,,x,,,,,,,,• ,,,,centered,
SANTALACEAE,Leptomeria ellytes Lepschi,3,,,,,x,,,,x,,,,• name change,,,western,,
SANTALACEAE,Leptomeria lehmannii Miq. ,,,,,,,,,,,,,,• new PERTH,,,,,eastern
SANTALACEAE,Leptomeria squarrulosa R.Br.,2,,o,,,o,o,x,,o,x,,,• ,,,western,,
SAPINDACEAE,Dodonaea ceratocarpa Endl.,"8,9,12",,,,,,,,,,,,,• ,y,,,centered,
SCROPHULARIACEAE,* Bellardia trixago (L.) All.,11,,,,,,,,,,,,,• ,,,western,,
SCROPHULARIACEAE,* Dischisma arenarium E.Meyer,2,,,,,,,,,x,,,,• ,,,western,,
SCROPHULARIACEAE,Euphrasia collina R.Br.,2,,,,,,,,,,,,,• ,,,,centered,
SCROPHULARIACEAE,Gratiola pubescens R.Br.,"2,13",,x,,,,,,,,,,,• name change,,,western,,
SCROPHULARIACEAE,* Parentucellia latifolia (L.) Caruel,"6,11",,,,,,,,,,x,,,• ,y,,western,,
SOLANACEAE,Anthocercis littorea Labill.,"2,10,12",,,,,,,x,x,x,x,x,,• ,,,,centered,
SOLANACEAE,Anthocercis viscosa R.Br.,"1,7,8,9,12",,,,,x,,x,x,,x,x,,• ,y,,,centered,
SOLANACEAE,* Solanum nigrum L.,"1,2,3",ox,,,,x,,x,,,,,,• ,,,,centered,
SOLANACEAE,Solanum symonii H. Eichler,,,,,,,,,,x,,,,• ,y,,,centered,
STACKHOUSIACEAE,Stackhousia huegelii Endl.,11,,,,,,,,,,,,,• ,,,western,,
STACKHOUSIACEAE,Stackhousia pubescens A. Rich.,4,,,,,,,,,,x,x,,• ,,,,centered,
STYLIDIACEAE,Levenhookia pauciflora Benth.,"5,11",,,,,,,,,,x,,,• ,,,,,eastern
STYLIDIACEAE,Levenhookia pusilla R.Br.,"1,4,12",,,,,,,,,,x,x,,• ,y,,,centered,
STYLIDIACEAE,Stylidium adnatum R.Br.,"2,4,6,10,11",,,,,,,,,,x,x,,• ,y,,,centered,
STYLIDIACEAE,Stylidium amoenum R.Br.,8,,,,x,,,,,,,x,,• ,,,western,,
STYLIDIACEAE,Stylidium assimile R.Br.,3,x,,,,,,,,,,,,• ,,,western,,
STYLIDIACEAE,Stylidium calcaratum R.Br.,,,,,,,,,,,,,,• ,y,,western,,
STYLIDIACEAE,Stylidium corymbosum R.Br.,8,,,,,,,,,,,,,• ,,,,,eastern
STYLIDIACEAE,Stylidium diversifolium R.Br.,"3,4,11",x,,,,,,,,,,x,,• ,y,,western,,
STYLIDIACEAE,Stylidium ecorne (F.L.Erickson & J.H.Willis) P.G.Farrell & S.H.James,,,,,,,,,,,,,,• ,y,,western,,
STYLIDIACEAE,Stylidium fasciculatum R.Br.,"6,8",,,,,,,,,,,x,,• ,,,western,,
STYLIDIACEAE,Stylidium glaucum Labill.,3,,x,x,,,,x,,x,x,,,• ,,,western,,
STYLIDIACEAE,Stylidium gloeophyllum Wege,,,,,,,,,,,,,,• new PERTH,,P4,,,eastern
STYLIDIACEAE,Stylidium hirsutum R.Br.,10,x,,,,,,,,,,x,,• ,y,,,centered,
STYLIDIACEAE,Stylidium imbricatum Benth.,"3,4,5,10",,,,,,,,,,,,,• ,,,,,eastern
STYLIDIACEAE,Stylidium inundatum R.Br.,,,,,,,,,,,,,,• ,y,,western,,
STYLIDIACEAE,Stylidium junceum R.Br.,,x,,,,x,,,,,,,,• ,,,western,,
STYLIDIACEAE,Stylidium luteum R.Br.,"1,3",x,,,,,,,,,x,,,• ,,,western,,
STYLIDIACEAE,Stylidium piliferum R.Br.,"3,11",,,,,,,,,,x,,,• ,,,,centered,
STYLIDIACEAE,Stylidium plantagineum Sonder,10,,,,,,,,,,,x,,• ,y,,western,,
STYLIDIACEAE,Stylidium pygmaeum R.Br.,,,,,,,,,,,,,,• new PERTH,,,western,,
STYLIDIACEAE,Stylidium repens R.Br.,1,,x,,,x,,,,,,,,• ,,,,centered,
STYLIDIACEAE,Stylidium scandens R.Br.,"1,3",x,x,,x,x,,x,,x,x,,,• ,,,western,,
STYLIDIACEAE,Stylidium schoenoides DC.,"1,3,11",,,,,,,,,,x,,,• ,,,,centered,
STYLIDIACEAE,Stylidium spathulatum R.Br.,"4,3",,,,,,,x,x,x,x,x,,• ,y,,western,,
STYLIDIACEAE,Stylidium squamosotuberosum Carlquist,,,,,,,,,,,,,,• new PERTH,,,western,,
STYLIDIACEAE,Stylidium violaceum R.Br.,3,x,,,,,,,,,,,,• ,,,western,,
THYMELAEACEAE,Pimelea angustifolia R.Br.,,,,,,,,,,,,,,• new PERTH,,,,centered,
THYMELAEACEAE,Pimelea clavata Labill.,1,x,,,,,,x,,x,x,,,• ,,,western,,
THYMELAEACEAE,Pimelea drummondii (Turcz.) Rye,,,,,,,,,,,,,,• ,,,,,eastern
THYMELAEACEAE,Pimelea ferruginea Labill.,"6,8,11",,,,,,,,x,,,,x,• ,,,,centered,
THYMELAEACEAE,Pimelea hispida R.Br.,12,,,,,,,x,x,,x,x,,• ,,,western,,
THYMELAEACEAE, Pimelea imbricata R.Br. var. imbricata ,,,,,,,,,,,,,,• ,y,,western,,
THYMELAEACEAE,Pimelea lehmanniana Meisn.,,,,,,,,,,,,,,• new PERTH,,,,centered,
THYMELAEACEAE,Pimelea longiflora R.Br.,"1,3,5,8,11",x,x,,,x,,x,x,x,x,x,x,• ,y,,western,,
THYMELAEACEAE,Pimelea preissii Meisn.,"5,11,12",,,,,,,,,x,x,,,• sp. Indet.,,,,,
THYMELAEACEAE,Pimelea rosea R.Br.,"1,2,6,8,11",x,,,,x,x,x,x,x,x,x,x,• ,y,,western,,
THYMELAEACEAE,Pimelea suaveolens Meisn.,#,,,,,,,,,,,,,• sp. Indet.,,,,,
THYMELAEACEAE,Pimelea sylvestris R.Br.,&,,,,,,,,,,,,,• ,,,western,,
TREMANDRACEAE,Tetratheca setigera Endl.,"3,5,12",x,,,,x,,x,x,x,x,x,,• ,,,western,,
TREMANDRACEAE,Tremandra stelligera R.Br. ex DC.,"7,11",,,,,,,x,x,,x,,,• ,,,western,,
URTICACEAE,Parietaria debilis G. Forst.,"2,7,8",,,,,,,,,,x,,,• ,,,,,
