taxon_name,original_name,family
Acrachne racemosa,Acrachne racemosa,Poaceae
Amphibromus archeri,Amphibromus archeri,Poaceae
Amphibromus recurvatus,Amphibromus recurvatus,Poaceae
Amphipogon amphipogonoides,Amphipogon amphipogonoides,Poaceae
Amphipogon avenaceus,Amphipogon avenaceus,Poaceae
Amphipogon caricinus var. scaber,Amphipogon caricinus var. scaber,Poaceae
Amphipogon debilis,Amphipogon debilis,Poaceae
Amphipogon laguroides,Amphipogon laguroides,Poaceae
Amphipogon laguroides subsp. havelii,Amphipogon laguroides subsp. havelii,Poaceae
Amphipogon laguroides subsp. laguroides,Amphipogon laguroides subsp. laguroides,Poaceae
Amphipogon sericeus,Amphipogon sericeus,Poaceae
Amphipogon setaceus,Amphipogon setaceus,Poaceae
Amphipogon turbinatus,Amphipogon turbinatus,Poaceae
Aristida annua,Aristida annua,Poaceae
Aristida arida,Aristida arida,Poaceae
Aristida australis,Aristida australis,Poaceae
Aristida biglandulosa,Aristida biglandulosa,Poaceae
Aristida burbidgeae,Aristida burbidgeae,Poaceae
Aristida burraensis,Aristida burraensis,Poaceae
Aristida calycina var. filifolia,Aristida calycina var. filifolia,Poaceae
Aristida capillifolia,Aristida capillifolia,Poaceae
Aristida dominii,Aristida dominii,Poaceae
Aristida exserta,Aristida exserta,Poaceae
Aristida forsteri,Aristida forsteri,Poaceae
Aristida granitica,Aristida granitica,Poaceae
Aristida holathera var. latifolia,Aristida holathera var. latifolia,Poaceae
Aristida hygrometrica,Aristida hygrometrica,Poaceae
Aristida inaequiglumis,Aristida inaequiglumis,Poaceae
Aristida ingrata,Aristida ingrata,Poaceae
Aristida kimberleyensis,Aristida kimberleyensis,Poaceae
Aristida latzii,Aristida latzii,Poaceae
Aristida lazaridis,Aristida lazaridis,Poaceae
Aristida macroclada,Aristida macroclada,Poaceae
Aristida macroclada subsp. macroclada,Aristida macroclada subsp. macroclada,Poaceae
Aristida macroclada subsp. queenslandica,Aristida macroclada subsp. queenslandica,Poaceae
Aristida perniciosa,Aristida perniciosa,Poaceae
Aristida polyclados,Aristida polyclados,Poaceae
Aristida pruinosa,Aristida pruinosa,Poaceae
Aristida queenslandica var. dissimilis,Aristida queenslandica var. dissimilis,Poaceae
Aristida schultzii,Aristida schultzii,Poaceae
Aristida sciuroides,Aristida sciuroides,Poaceae
Aristida sp. [NHNSW_2014],Aristida sp.,Poaceae
Aristida sp. [Aristida sp. 2; NHNSW_2014],Aristida sp. 2,Poaceae
Aristida superpendens,Aristida superpendens,Poaceae
Aristida thompsonii,Aristida thompsonii,Poaceae
Aristida utilis,Aristida utilis,Poaceae
Aristida utilis var. grandiflora,Aristida utilis var. grandiflora,Poaceae
Aristida utilis var. utilis,Aristida utilis var. utilis,Poaceae
Arthragrostis aristispicula,Arthragrostis aristispicula,Poaceae
Arthragrostis brassiana,Arthragrostis brassiana,Poaceae
Arthragrostis brassiana var. brassiana,Arthragrostis brassiana var. brassiana,Poaceae
Arthragrostis brassiana var. minutiflora,Arthragrostis brassiana var. minutiflora,Poaceae
Arthragrostis clarksoniana,Arthragrostis clarksoniana,Poaceae
Arthragrostis deschampsioides,Arthragrostis deschampsioides,Poaceae
Arthraxon castratus,Arthraxon castratu,Poaceae
Arundinella grevillensis,Arundinella grevillensis,Poaceae
Arundinella montana,Arundinella montana,Poaceae
Arundinella setosa,Arundinella setosa,Poaceae
Bothriochloa decipiens var. cloncurrensis,Bothriochloa decipiens var. cloncurrensis,Poaceae
Bothriochloa decipiens var. decipiens,Bothriochloa decipiens var. decipiens,Poaceae
Calyptochloa cylindrosperma,Calyptochloa cylindropserma,Poaceae
Calyptochloa gracillima,Calyptochloa gracillima,Poaceae
Centotheca philippinensis,Centotheca philippinensis,Poaceae
Chamaeraphis hordeacea,Chamaeraphis hordeacea,Poaceae
Chionachne cyathopoda,Chionachne cyathopoda,Poaceae
Chionachne hubbardiana,Chionachne hubbardiana,Poaceae
Chrysopogon elongatus,Chrysopogon elongatus,Poaceae
Chrysopogon latifolius,Chrysopogon latifolius,Poaceae
Chrysopogon oliganthus,Chrysopogon oliganthus,Poaceae
Chrysopogon pallidus,Chrysopogon pallidus,Poaceae
Chrysopogon rigidus,Chrysopogon rigidus,Poaceae
Clausospicula extensa,Clausospicula extensa,Poaceae
Cleistochloa sclerachne,Cleistochloa sclerachne,Poaceae
Coix gasteenii,Coix gasteenii,Poaceae
Cymbopogon bombycinus,Cymbopogon bombycinus,Poaceae
Cymbopogon dependens,Cymbopogon dependens,Poaceae
Cymbopogon globosus,Cymbopogon globosus,Poaceae
Cymbopogon gratus,Cymbopogon gratus,Poaceae
Cymbopogon procerus,Cymbopogon procerus,Poaceae
Cymbopogon queenslandicus,Cymbopogon queenslandicus,Poaceae
Cyperochloa hirsuta,Cyperochloa hirsuta,Poaceae
Cyrtococcum oxyphyllum,Cyrtococcum oxyphyllum,Poaceae
Deyeuxia breviglumis,Deyeuxia breviglumis,Poaceae
Deyeuxia densa,Deyeuxia densa,Poaceae
Deyeuxia minor,Deyeuxia minor,Poaceae
Deyeuxia boormanii,Deyeuxia parviseta var. boormanii,Poaceae
Deyeuxia pungens,Deyeuxia pungens,Poaceae
Deyeuxia ramosa,Deyeuxia ramosa,Poaceae
Deyeuxia talariata,Deyeuxia talariata,Poaceae
Dichanthium fecundum,Dichanthium fecundum,Poaceae
Dichanthium queenslandicum,Dichanthium queenslandicum,Poaceae
Digitaria baileyi,Digitaria baileyi,Poaceae
Digitaria diminuta,Digitaria diminuta,Poaceae
Digitaria fumida,Digitaria fumida,Poaceae
Digitaria gibbosa,Digitaria gibbosa,Poaceae
Digitaria imbricata,Digitaria imbricata,Poaceae
Digitaria lanceolata,Digitaria lanceolata,Poaceae
Digitaria minima,Digitaria minima,Poaceae
Digitaria nematostachya,Digitaria nematostachya,Poaceae
Digitaria oraria,Digitaria oraria,Poaceae
Digitaria papposa,Digitaria papposa,Poaceae
Digitaria setigera,Digitaria setigera,Poaceae
Digitaria stenostachya,Digitaria stenostachya,Poaceae
Dimeria acinaciformis,Dimeria acinaciformis,Poaceae
Dimeria chloridiformis,Dimeria chloridiformis,Poaceae
Dimeria ornithopoda,Dimeria ornithopoda,Poaceae
Echinochloa elliptica,Echinochloa elliptica,Poaceae
Echinochloa kimberleyensis,Echinochloa kimberleyensis,Poaceae
Echinochloa macrandra,Echinochloa macrandra,Poaceae
Eragrostis capitula,Eragrostis capitula,Poaceae
Eragrostis cassa,Eragrostis cassa,Poaceae
Eragrostis concinna,Eragrostis concinna,Poaceae
Eragrostis confertiflora,Eragrostis confertiflora,Poaceae
Eragrostis crateriformis,Eragrostis crateriformis,Poaceae
Eragrostis cumingii,Eragrostis cumingii,Poaceae
Eragrostis desertorum,Eragrostis desertorum,Poaceae
Eragrostis ecarinata,Eragrostis ecarinata,Poaceae
Eragrostis exigua,Eragrostis exigua,Poaceae
Eragrostis fallax,Eragrostis fallax,Poaceae
Eragrostis filicaulis,Eragrostis filicaulis,Poaceae
Eragrostis hirticaulis,Eragrostis hirticaulis,Poaceae
Eragrostis infecunda,Eragrostis infecunda,Poaceae
Eragrostis lanipes,Eragrostis lanipes,Poaceae
Eragrostis longipedicellata,Eragrostis longipedicellata,Poaceae
Eragrostis olida,Eragrostis olida,Poaceae
Eragrostis petraea,Eragrostis petraea,Poaceae
Eragrostis potamophila,Eragrostis potamophila,Poaceae
Eragrostis rigidiuscula,Eragrostis rigidiuscula,Poaceae
Eragrostis schultzii,Eragrostis schultzii,Poaceae
Eragrostis stagnalis,Eragrostis stagnalis,Poaceae
Eragrostis stenostachya,Eragrostis stenostachya,Poaceae
Eragrostis sterilis,Eragrostis sterilis,Poaceae
Eragrostis subtilis,Eragrostis subtilis,Poaceae
Eragrostis triquetra,Eragrostis triquetra,Poaceae
Eragrostis unioloides,Eragrostis unioloides,Poaceae
Eragrostis uvida,Eragrostis uvida,Poaceae
Eremochloa ciliaris,Eremochloa ciliaris,Poaceae
Eremochloa muricata,Eremochloa muricata,Poaceae
Eriachne agrostidea,Eriachne agrostidea,Poaceae
Eriachne armitii,Eriachne armittii,Poaceae
Eriachne avenacea,Eriachne avenacea,Poaceae
Eriachne axillaris,Eriachne axillaris,Poaceae
Eriachne basalis,Eriachne basalis,Poaceae
Eriachne basedowii,Eriachne basedowii,Poaceae
Eriachne benthamii,Eriachne benthamii,Poaceae
Eriachne bleeseri,Eriachne bleeseri,Poaceae
Eriachne burkittii,Eriachne burkittii,Poaceae
Eriachne capillaris,Eriachne capillaris,Poaceae
Eriachne ciliata,Eriachne ciliata,Poaceae
Eriachne compacta,Eriachne compacta,Poaceae
Eriachne fastigiata,Eriachne fastigiata,Poaceae
Eriachne festucacea,Eriachne festucacea,Poaceae
Eriachne filiformis,Eriachne filiformis,Poaceae
Eriachne flaccida,Eriachne flaccida,Poaceae
Eriachne glandulosa,Eriachne glandulosa,Poaceae
Eriachne humilis,Eriachne humilis,Poaceae
Eriachne imbricata,Eriachne imbricata,Poaceae
Eriachne insularis,Eriachne insularis,Poaceae
Eriachne lanata,Eriachne lanata,Poaceae
Eriachne major,Eriachne major,Poaceae
Eriachne melicacea,Eriachne melicacea,Poaceae
Eriachne minuta,Eriachne minuta,Poaceae
Eriachne nervosa,Eriachne nervosa,Poaceae
Eriachne nodosa,Eriachne nodosa,Poaceae
Eriachne obtusa,Eriachne obtusa,Poaceae
Eriachne ovata,Eriachne ovata,Poaceae
Eriachne pauciflora,Eriachne pauciflora,Poaceae
Eriachne pulchella subsp. dominii,Eriachne pulchella subsp. dominii,Poaceae
Eriachne pulchella subsp. pulchella,Eriachne pulchella subsp. pulchella,Poaceae
Eriachne schultziana,Eriachne schultziana,Poaceae
Eriachne scleranthoides,Eriachne scleranthoides,Poaceae
Eriachne semiciliata,Eriachne semiciliata,Poaceae
Eriachne squarrosa,Eriachne squarrosa,Poaceae
Eriachne stipacea,Eriachne stipacea,Poaceae
Eriachne sulcata,Eriachne sulcata,Poaceae
Eriachne tenuiculmis,Eriachne tenuiculmis,Poaceae
Eriachne triodioides,Eriachne triodioides,Poaceae
Eriachne triseta,Eriachne triseta,Poaceae
Eriachne vesiculosa,Eriachne vesiculosa,Poaceae
Eriochloa fatmensis,Eriochloa fatmensis,Poaceae
Eulalia annua,Eulalia annua,Poaceae
Eulalia mackinlayi,Eulalia mackinlayi,Poaceae
Eulalia trispicata,Eulalia trispicata,Poaceae
Festuca plebeia,Festuca plebeia,Poaceae
Garnotia stricta,Garnotia stricta,Poaceae
Garnotia stricta var. longiseta,Garnotia stricta var. longiseta,Poaceae
Germainia capitata,Germainia capitata,Poaceae
Germainia grandiflora,Germainia grandiflora,Poaceae
Germainia truncatiglumis,Germainia truncatiglumis,Poaceae
Glyceria drummondii,Glyceria drummondii,Poaceae
Heteropogon triticeus,Heteropogon triticeus,Poaceae
Hierochloe fraseri,Hierochloe fraseri,Poaceae
Holcolemma dispar,Holcolemma dispar,Poaceae
Hygrochloa aquatica,Hygrochloa aquatica,Poaceae
Hymenachne acutigluma,Hymenachne acutigluma,Poaceae
Isachne confusa,Isachne confusa,Poaceae
Ischaemum barbatum,Ischaemum barbatum,Poaceae
Ischaemum decumbens,Ischaemum decumbens,Poaceae
Ischaemum fragile,Ischaemum fragile,Poaceae
Ischaemum muticum,Ischaemum muticum,Poaceae
Ischaemum polystachyum,Ischaemum polystachyum,Poaceae
Ischaemum tropicum,Ischaemum tropicum,Poaceae
Iseilema calvum,Iseilema calvum,Poaceae
Iseilema ciliatum,Iseilema ciliatum,Poaceae
Iseilema convexum,Iseilema convexum,Poaceae
Iseilema dolichotrichum,Iseilema dolichotrichum,Poaceae
Iseilema eremaeum,Iseilema eremaeum,Poaceae
Iseilema fragile,Iseilema fragile,Poaceae
Iseilema holmesii,Iseilema holmesii,Poaceae
Iseilema macratherum,Iseilema macratherum,Poaceae
Iseilema trichopus,Iseilema trichopus,Poaceae
Iseilema windersii,Iseilema windersii,Poaceae
Lachnagrostis adamsonii,Lachnagrostis adamsonii,Poaceae
Leptaspis banksii,Leptaspis banksii,Poaceae
Micraira adamsii,Micraira adamsii,Poaceae
Micraira compacta,Micraira compacta,Poaceae
Micraira dentata,Micraira dentata,Poaceae
Micraira dunlopii,Micraira dunlopii,Poaceae
Micraira inserta,Micraira inserta,Poaceae
Micraira multinervia,Micraira multinervia,Poaceae
Micraira pungens,Micraira pungens,Poaceae
Micraira spiciforma,Micraira spiciforma,Poaceae
Micraira spinifera,Micraira spinifera,Poaceae
Micraira subspicata,Micraira subspicata,Poaceae
Micraira subulifolia,Micraira subulifolia,Poaceae
Micraira tenuis,Micraira tenuis,Poaceae
Micraira viscidula,Micraira viscidula,Poaceae
Mnesithea annua,Mnesithea annua,Poaceae
Mnesithea formosa,Mnesithea formosa,Poaceae
Mnesithea rottboellioides,Mnesithea rottboellioides,Poaceae
Mullerochloa moreheadiana,Mullerochloa moreheadiana,Poaceae
Neololeba atra,Neololeba atra,Poaceae
Neurachne alopecuroidea,Neurachne alopecuroides,Poaceae
Neurachne lanigera,Neurachne lanigera,Poaceae
Neurachne queenslandica,Neurachne queenslandica,Poaceae
Neurachne tenuifolia,Neurachne tenuifolia,Poaceae
Ophiuros exaltatus,Ophiuros exaltatus,Poaceae
Oplismenus burmanni,Oplismenus burmannii,Poaceae
Oplismenus compositus,Oplismenus compositus,Poaceae
Oryza australiensis,Oryza australiensis,Poaceae
Oryza rufipogon,Oryza rufipogon,Poaceae
Ottochloa nodosa,Ottochloa nodosa,Poaceae
Panicum decompositum var. decompositum,Panicum decompositum var. decompositum,Poaceae
Panicum decompositum var. tenuius,Panicum decompositum var. tenuius,Poaceae
Panicum distachyum var. trichophorum,Panicum distachyum var. trichophorum,Poaceae
Panicum incomtum,Panicum incomtum,Poaceae
Panicum larcomianum,Panicum larcomianum,Poaceae
Panicum latzii,Panicum latzii,Poaceae
Panicum luzonense,Panicum luzonense,Poaceae
Panicum mindanaense,Panicum mindanaense,Poaceae
Panicum mitchellii,Panicum mitchellii,Poaceae
Panicum queenslandicum var. acuminatum,Panicum queenslandicum var. acuminatum,Poaceae
Panicum queenslandicum var. queenslandicum,Panicum queenslandicum var. queenslandicum,Poaceae
Panicum seminudum,Panicum seminudum,Poaceae
Panicum seminudum var. cairnsianum,Panicum seminudum var. cairnsianum,Poaceae
Panicum seminudum var. seminudum,Panicum seminudum var. seminudum,Poaceae
Panicum trachyrhachis,Panicum trachyrhachis,Poaceae
Paraneurachne muelleri,Paraneurachne muelleri,Poaceae
Paspalidium basicladum,Paspalidium basicladum,Poaceae
Paspalidium flavidum,Paspalidium flavidum,Poaceae
Paspalidium reflexum,Paspalidium reflexum,Poaceae
Paspalidium retiglume,Paspalidium retiglume,Poaceae
Paspalidium spartellum,Paspalidium spartellum,Poaceae
Paspalidium tabulatum,Paspalidium tabulatum,Poaceae
Pheidochloa gracilis,Pheidochloa gracilis,Poaceae
Poa billardierei,Poa billardierei,Poaceae
Poa clelandii,Poa clelandii,Poaceae
Poa crassicaudex,Poa crassicaudex,Poaceae
Poa drummondiana,Poa drummondiana,Poaceae
Poa gunnii,Poa gunnii,Poaceae
Poa halmaturina,Poa halmaturina,Poaceae
Poa homomalla,Poa homomalla,Poaceae
Poa jugicola,Poa jugicola,Poaceae
Poa lowanensis,Poa lowanensis,Poaceae
Poa mollis,Poa mollis,Poaceae
Poa morrisii,Poa morrisii,Poaceae
Poa porphyroclados,Poa porphyroclados,Poaceae
Poa rodwayi,Poa rodwayi,Poaceae
Poa sallacustris,Poa sallacustris,Poaceae
Poa umbricola,Poa umbricola,Poaceae
Pogonatherum crinitum,Pogonatherum crinitum,Poaceae
Polypogon tenellus,Polypogon tenellus,Poaceae
Pseudopogonatherum contortum,Pseudopogonatherum contortum,Poaceae
Pseudopogonatherum irritans,Pseudopogonatherum irritans,Poaceae
Rytidosperma acerosum,Rytidosperma acerosum,Poaceae
Rytidosperma clelandii,Rytidosperma clelandii,Poaceae
Rytidosperma diemenicum,Rytidosperma diemenicum,Poaceae
Rytidosperma fortunae-hibernae,Rytidosperma fortunae-hibernae,Poaceae
Rytidosperma geniculatum,Rytidosperma geniculatum,Poaceae
Rytidosperma lepidopodum,Rytidosperma lepidopodum,Poaceae
Rytidosperma nitens,Rytidosperma nitens,Poaceae
Rytidosperma occidentale,Rytidosperma occidentale,Poaceae
Rytidosperma pauciflorum,Rytidosperma pauciflorum,Poaceae
Rytidosperma racemosum var. obtusatum,Rytidosperma racemosum var. obtusatum,Poaceae
Rytidosperma remotum,Rytidosperma remotum,Poaceae
Sacciolepis myosuroides,Sacciolepis myosuroides,Poaceae
Schizachyrium crinizonatum,Schizachyrium crinizonatum,Poaceae
Schizachyrium dolosum,Schizachyrium dolosum,Poaceae
Schizachyrium mitchelliana,Schizachyrium mitchelliana,Poaceae
Schizachyrium occultum,Schizachyrium occultum,Poaceae
Schizachyrium pachyarthron,Schizachyrium pachyarthron,Poaceae
Schizachyrium perplexum,Schizachyrium perplexum,Poaceae
Schizachyrium pseudeulalia,Schizachyrium pseudeulalia,Poaceae
Scrotochloa tararaensis,Scrotochloa tararaensis,Poaceae
Scrotochloa urceolata,Scrotochloa urceolata,Poaceae
Setaria apiculata,Setaria apiculata,Poaceae
Setaria oplismenoides,Setaria oplismenoides,Poaceae
Sorghum nitidum,Sorghum nitidum,Poaceae
Spartochloa scirpoidea,Spartochloa scirpoidea,Poaceae
Spathia neurosa,Spathia neurosa,Poaceae
Spinifex hirsutus,Spinifex hirsutus,Poaceae
Spinifex longifolius,Spinifex longifolius,Poaceae
Sporobolus latzii,Sporobolus latzii,Poaceae
Sporobolus lenticularis,Sporobolus lenticularis,Poaceae
Sporobolus pamelae,Sporobolus pamelae,Poaceae
Sporobolus partimpatens,Sporobolus partimpatens,Poaceae
Sporobolus pulchellus,Sporobolus pulchellus,Poaceae
Sporobolus scabridus,Sporobolus scabridus,Poaceae
Stenotaphrum micranthum,Stenotaphrum micranthum,Poaceae
Tetrarrhena distichophylla,Tetrarrhena distichophylla,Poaceae
Tetrarrhena laevis,Tetrarrhena laevis,Poaceae
Thaumastochloa brassii,Thaumastochloa brassii,Poaceae
Thaumastochloa major,Thaumastochloa major,Poaceae
Thaumastochloa pubescens,Thaumastochloa pubescens,Poaceae
Thaumastochloa rariflora,Thaumastochloa rariflora,Poaceae
Thaumastochloa rubra,Thaumastochloa rubra,Poaceae
Thaumastochloa striata,Thaumastochloa striata,Poaceae
Themeda arguens,Themeda arguens,Poaceae
Themeda intermedia,Themeda intermedia,Poaceae
Thinopyrum distichum,Thinopyrum distichum,Poaceae
Thuarea involuta,Thuarea involuta,Poaceae
Thyridolepis multiculmis,Thyridolepis multiculmis,Poaceae
Triodia acutispicula,Triodia acutispicula,Poaceae
Triodia aeria,Triodia aeria,Poaceae
Triodia angusta,Triodia angusta,Poaceae
Triodia aristiglumis,Triodia aristiglumis,Poaceae
Triodia aurita,Triodia aurita,Poaceae
Triodia biflora,Triodia biflora,Poaceae
Triodia bitextura,Triodia bitextura,Poaceae
Triodia brizoides,Triodia brizoides,Poaceae
Triodia bromoides,Triodia bromoides,Poaceae
Triodia bunglensis,Triodia bunglensis,Poaceae
Triodia burbidgeana,Triodia burbidgeana,Poaceae
Triodia bynoei,Triodia bynoei,Poaceae
Triodia claytonii,Triodia claytonii,Poaceae
Triodia compacta,Triodia compacta,Poaceae
Triodia concinna,Triodia concinna,Poaceae
Triodia contorta,Triodia contorta,Poaceae
Triodia cunninghamii,Triodia cunninghamii,Poaceae
Triodia danthonioides,Triodia danthonioides,Poaceae
Triodia desertorum,Triodia desertorum,Poaceae
Triodia dielsii,Triodia dielsii,Poaceae
Triodia epactia,Triodia epactia,Poaceae
Triodia fitzgeraldii,Triodia fitzgeraldii,Poaceae
Triodia helmsii,Triodia helmsii,Poaceae
Triodia hubbardii,Triodia hubbardii,Poaceae
Triodia inaequiloba,Triodia inaequiloba,Poaceae
Triodia integra,Triodia integra,Poaceae
Triodia intermedia,Triodia intermedia,Poaceae
Triodia inutilis,Triodia inutilis,Poaceae
Triodia irritans,Triodia irritans,Poaceae
Triodia lanata,Triodia lanata,Poaceae
Triodia lanigera,Triodia lanigera,Poaceae
Triodia latzii,Triodia latzii,Poaceae
Triodia longiceps,Triodia longiceps,Poaceae
Triodia longiloba,Triodia longiloba,Poaceae
Triodia longipalea,Triodia longipalea,Poaceae
Triodia marginata,Triodia marginata,Poaceae
Triodia melvillei,Triodia melvillei,Poaceae
Triodia microstachya,Triodia microstachya,Poaceae
Triodia molesta,Triodia molesta,Poaceae
Triodia pascoeana,Triodia pascoeana,Poaceae
Triodia plectrachnoides,Triodia plectrachnoides,Poaceae
Triodia plurinervata,Triodia plurinervata,Poaceae
Triodia prona,Triodia prona,Poaceae
Triodia pungens,Triodia pungens,Poaceae
Triodia racemigera,Triodia racemigera,Poaceae
Triodia radonensis,Triodia radonensis,Poaceae
Triodia rigidissima,Triodia rigidissima,Poaceae
Triodia roscida,Triodia roscida,Poaceae
Triodia salina,Triodia salina,Poaceae
Triodia schinzii,Triodia schinzii,Poaceae
Triodia secunda,Triodia secunda,Poaceae
Triodia spicata,Triodia spicata,Poaceae
Triodia stenostachya,Triodia stenostachya,Poaceae
Triodia tomentosa,Triodia tomentosa,Poaceae
Triodia triaristata,Triodia triaristata,Poaceae
Triodia triticoides,Triodia triticoides,Poaceae
Triodia uniaristata,Triodia uniaristata,Poaceae
Triodia vella,Triodia vella,Poaceae
Triodia wiseana,Triodia wiseana,Poaceae
Trisetum spicatum subsp. australiense,Trisetum spicatum subsp. australiense,Poaceae
Urochloa argentea,Urochloa argentea,Poaceae
Urochloa atrisola,Urochloa atrisola,Poaceae
Urochloa distachya,Urochloa distachya,Poaceae
Urochloa gilesii var. gilesii,Urochloa gilesii var. gilesii,Poaceae
Urochloa kurzii,Urochloa kurzii,Poaceae
Urochloa occidentalis,Urochloa occidentalis,Poaceae
Urochloa occidentalis var. ciliata,Urochloa occidentalis var. ciliata,Poaceae
Urochloa polyphylla,Urochloa polyphylla,Poaceae
Urochloa pubigera,Urochloa pubigera,Poaceae
Urochloa reptans,Urochloa reptans,Poaceae
Urochloa whiteana,Urochloa whiteana,Poaceae
Walwhalleya proluta,Walwhalleya proluta,Poaceae
Whiteochloa airoides,Whiteochloa airoides,Poaceae
Whiteochloa biciliata,Whiteochloa biciliata,Poaceae
Whiteochloa capillipes,Whiteochloa capillipes,Poaceae
Whiteochloa cymbiformis,Whiteochloa cymbiformis,Poaceae
Whiteochloa multiciliata,Whiteochloa multiciliata,Poaceae
Whiteochloa semitonsa,Whiteochloa semitonsa,Poaceae
Xerochloa barbata,Xerochloa barbata,Poaceae
Xerochloa imberbis,Xerochloa imberbis,Poaceae
Yakirra majuscula,Yakirra majuscula,Poaceae
Yakirra muelleri,Yakirra muelleri,Poaceae
Yakirra nulla,Yakirra nulla,Poaceae
Yakirra pauciflora,Yakirra pauciflora,Poaceae
Acacia chamaeleon,Acacia stowardii,Fabaceae
Achyranthes aspera,Achyranthes aspera,Amaranthaceae
Acianthus sp. A,Acianthus sp. A sensu Harden (1993),Orchidaceae
Aciphylla glacialis,Aciphylla glacialis,Apiaceae
Aciphylla simplicifolia,Aciphylla simplicifolia,Apiaceae
Actinotus forsythii,Actinotus forsythii,Apiaceae
Actinotus gibbonsii,Actinotus gibbonsii,Apiaceae
Actinotus helianthi,Actinotus helianthi,Apiaceae
Actinotus minor,Actinotus minor,Apiaceae
Actinotus paddisonii,Actinotus paddisonii,Apiaceae
Aegopodium podagraria,Aegopodium podagraria,Apiaceae
Agave americana,Agave americana,Asparagaceae
Agrostis diemenica,Agrostis sp. B sensu Jacobs & Hastings (1993),Poaceae
Akania bidwillii,Akania bidwillii,Akaniaceae
Alangium polyosmoides,Alangium polyosmoides,Cornaceae
Alisma lanceolatum,Alisma lanceolatum,Alismataceae
Alisma plantago-aquatica,Alisma plantago-aquatica,Alismataceae
Allium ampeloprasum,Allium ampeloprasum,Alliaceae
Allium neapolitanum,Allium neapolitanum,Alliaceae
Allium oleraceum,Allium oleraceum,Alliaceae
Allium triquetrum,Allium triquetrum,Alliaceae
Allium vineale,Allium vineale,Alliaceae
Allocasuarina paludosa,Allocasuarina paludosa,Casuarinaceae
Alocasia brisbanensis,Alocasia brisbanensis,Araceae
Aloe arborescens,Aloe arborescens,Asphodelaceae
Aloe maculata,Aloe maculata,Asphodelaceae
Alstonia constricta,Alstonia constricta,Apocynaceae
Alstroemeria psittacina,Alstroemeria pulchella,Alstroemeriaceae
Alternanthera angustifolia,Alternanthera angustifolia,Amaranthaceae
Alternanthera denticulata,Alternanthera denticulata,Amaranthaceae
Alternanthera nana,Alternanthera nana,Amaranthaceae
Alternanthera nodiflora,Alternanthera nodiflora,Amaranthaceae
Alternanthera philoxeroides,Alternanthera philoxeroides,Amaranthaceae
Alternanthera pungens,Alternanthera pungens,Amaranthaceae
Alternanthera sp. A Flora of New South Wales (M.Gray 5187),Alternanthera sp. A sensu Harden (1990),Amaranthaceae
Alyxia buxifolia,Alyxia buxifolia,Apocynaceae
Alyxia ruscifolia,Alyxia ruscifolia,Apocynaceae
Amaranthus albus,Amaranthus albus,Amaranthaceae
Amaranthus cruentus,Amaranthus cruentus,Amaranthaceae
Amaranthus deflexus,Amaranthus deflexus,Amaranthaceae
Amaranthus grandiflorus,Amaranthus grandiflorus,Amaranthaceae
Amaranthus hybridus,Amaranthus hybridus,Amaranthaceae
Amaranthus macrocarpus,Amaranthus macrocarpus,Amaranthaceae
Amaranthus mitchellii,Amaranthus mitchellii,Amaranthaceae
Amaranthus muricatus,Amaranthus muricatus,Amaranthaceae
Amaranthus powellii,Amaranthus powellii,Amaranthaceae
Amaranthus quitensis,Amaranthus quitensis,Amaranthaceae
Amaranthus retroflexus,Amaranthus retroflexus,Amaranthaceae
Amaranthus spinosus,Amaranthus spinosus,Amaranthaceae
Amaranthus viridis,Amaranthus viridis,Amaranthaceae
Amaryllis belladonna,Amaryllis belladonna,Amaryllidaceae
Ammi majus,Ammi majus,Apiaceae
Ammi visnaga,Ammi visnaga,Apiaceae
Amyema linophylla,Amyema linophyllum,Loranthaceae
Amyema scandens,Amyema scandens,Loranthaceae
Anacampseros australiana,Anacampseros australiana,Portulacaceae
Anethum graveolens,Anethum graveolens,Apiaceae
Aphanopetalum resinosum,Aphanopetalum resinosum,Aphanopetalaceae
Apium graveolens,Apium graveolens,Apiaceae
Apium prostratum,Apium prostratum,Apiaceae
Aponogeton distachyos,Aponogeton distachyus,Aponogetonaceae
Aponogeton elongatus,Aponogeton elongatus,Aponogetonaceae
Mesembryanthemum cordifolium,Aptenia cordifolia,Aizoaceae
Araucaria cunninghamii,Araucaria cunninghamii,Araucariaceae
Araujia sericifera,Araujia sericifera,Apocynaceae
Archontophoenix cunninghamiana,Archontophoenix cunninghamiana,Arecaceae
Argophyllum nullumense,Argophyllum nullumense,Argophyllaceae
Arthropodium milleflorum,Arthropodium milleflorum,Asparagaceae
Arthropodium minus,Arthropodium minus,Asparagaceae
Arthropodium sp. Snowy R. catchment (N.G.Walsh 6195),Arthropodium sp. A sensu Harden (1993),Asparagaceae
Arthropodium sp. South-east Highlands (N.G.Walsh 811),Arthropodium sp. B sensu Harden (1993),Asparagaceae
Arum italicum,Arum italicum,Araceae
Asclepias curassavica,Asclepias curassavica,Apocynaceae
Asparagus aethiopicus,Asparagus aethiopicus,Asparagaceae
Asparagus africanus,Asparagus africanus,Asparagaceae
Asparagus asparagoides,Asparagus asparagoides,Asparagaceae
Asparagus officinalis,Asparagus officinalis,Asparagaceae
Asparagus plumosus,Asparagus plumosus,Asparagaceae
Asparagus scandens,Asparagus scandens,Asparagaceae
Asparagus virgatus,Asparagus virgatus,Asparagaceae
Asphodelus fistulosus,Asphodelus fistulosus,Asphodelaceae
Asplenium bulbiferum,Asplenium bulbiferum,Aspleniaceae
Asplenium obtusatum,Asplenium obtusatum,Aspleniaceae
Astrotricha cordata,Astrotricha cordata,Araliaceae
Astrotricha crassifolia,Astrotricha crassifolia,Araliaceae
Astrotricha floccosa,Astrotricha floccosa,Araliaceae
Astrotricha latifolia,Astrotricha latifolia,Araliaceae
Astrotricha ledifolia,Astrotricha ledifolia,Araliaceae
Astrotricha linearis,Astrotricha linearis,Araliaceae
Astrotricha longifolia,Astrotricha longifolia,Araliaceae
Astrotricha obovata,Astrotricha obovata,Araliaceae
Astrotricha roddii,Astrotricha roddii,Araliaceae
Astrotricha asperifolia,Astrotricha sp. B sensu Harden (1992),Araliaceae
Poa billardierei,Austrofestuca littoralis,Poaceae
Avicennia marina,Avicennia marina,Acanthaceae
Baeckea crassifolia,Baeckea crassifolia,Myrtaceae
Baumea articulata,Baumea articulata,Cyperaceae
Baumea gunnii,Baumea gunnii,Cyperaceae
Berula erecta,Berula erecta,Apiaceae
Billardiera longiflora,Billardiera longiflora,Pittosporaceae
Boronia bipinnata,Boronia bipinnata,Rutaceae
Brachyscome basaltica,Brachyscome basaltica,Asteraceae
Roebuckiella ciliocarpa,Brachyscome ciliocarpa,Asteraceae
Brachyscome dichromosomatica,Brachyscome dichromosomatica,Asteraceae
Brachyscome goniocarpa,Brachyscome goniocarpa,Asteraceae
Brachyscome tenuiscapa,Brachyscome tenuiscapa,Asteraceae
Brunoniella australis,Brunoniella australis,Acanthaceae
Brunoniella pumilio,Brunoniella pumilio,Acanthaceae
Bulbine alata,Bulbine alata,Asphodelaceae
Bulbine bulbosa,Bulbine bulbosa,Asphodelaceae
Bulbine glauca,Bulbine glauca,Asphodelaceae
Bulbine semibarbata,Bulbine semibarbata,Asphodelaceae
Bulbine vagans,Bulbine vagans,Asphodelaceae
Bupleurum lancifolium,Bupleurum lancifolium,Apiaceae
Caladenia flavovirens,Caladenia flavovirens,Orchidaceae
Caladenia iridescens,Caladenia iridescens,Orchidaceae
Caladenia footeana,Caladenia sp. B sensu Harden (1993),Orchidaceae
Caladenia chapmanii,Caladenia sp. C sensu Harden (1993),Orchidaceae
Calamus muelleri,Calamus muelleri,Arecaceae
Calandrinia sp. Nerriga (I.R.H.Telford 8677),Calandrinia sp. A sensu Harden (1990),Portulacaceae
Callerya australis,Callerya australis,Fabaceae
Callerya megasperma,Callerya megasperma,Fabaceae
Calostemma purpureum,Calostemma purpureum,Amaryllidaceae
Cyclophyllum coprosmoides,Canthium coprosmoides,Rubiaceae
Carissa ovata,Carissa ovata,Apocynaceae
Carpobrotus aequilaterus,Carpobrotus aequilaterus,Aizoaceae
Carpobrotus edulis,Carpobrotus edulis,Aizoaceae
Carpobrotus glaucescens,Carpobrotus glaucescens,Aizoaceae
Cassia brewsteri,Cassia brewsteri,Fabaceae
Cassinia x adunca,Cassinia adunca,Asteraceae
Cassinia arcuata,Cassinia arcuata,Asteraceae
Cassytha racemosa,Cassytha racemosa,Lauraceae
Catharanthus roseus,Catharanthus roseus,Apocynaceae
Celmisia asteliifolia,Celmisia asteliifolia,Asteraceae
Cenchrus sp. A,Cenchrus species A,Poaceae
Centaurea nigra,Centaurea sp. B sensu Murray (1992),Asteraceae
Centella asiatica,Centella asiatica,Apiaceae
Centella cordifolia,Centella cordifolia,Apiaceae
Cephalaralia cephalobotrys,Cephalaralia cephalobotrys,Araliaceae
Cheirostylis ovata,Cheirostylis ovata,Orchidaceae
Gentianella diemensis,Chionogentias diemensis,Gentianaceae
Chlorophytum comosum,Chlorophytum comosum,Asparagaceae
Cyclospermum leptophyllum,Ciclospermum leptophyllum,Apiaceae
Centaurea benedicta,Cnicus benedictus,Asteraceae
Colocasia esculenta,Colocasia esculenta,Araceae
Conium maculatum,Conium maculatum,Apiaceae
Cordyline congesta,Cordyline congesta,Asparagaceae
Cordyline petiolaris,Cordyline petiolaris,Asparagaceae
Cordyline rubra,Cordyline rubra,Asparagaceae
Cordyline stricta,Cordyline stricta,Asparagaceae
Corokia whiteana,Corokia whiteana,Argophyllaceae
Corynotheca micrantha,Corynotheca micrantha,Hemerocallidaceae
Crinum flaccidum,Crinum flaccidum,Amaryllidaceae
Crinum pedunculatum,Crinum pedunculatum,Amaryllidaceae
Cryptandra sp. A,Cryptandra sp. A sensu Harden (1990),Rhamnaceae
Cucumis myriocarpus,Cucumis myriocarpus,Cucurbitaceae
Vincetoxicum carnosum,Cynanchum carnosum,Apocynaceae
Cynanchum elegans,Cynanchum elegans,Apocynaceae
Cynanchum floribundum,Cynanchum floribundum,Apocynaceae
Cyperus latzii,Cyperus species A,Cyperaceae
Damasonium minus,Damasonium minus,Alismataceae
Daucus carota,Daucus carota,Apiaceae
Daucus glochidiatus,Daucus glochidiatus,Apiaceae
Deeringia amaranthoides,Deeringia amaranthoides,Amaranthaceae
Deeringia arborescens,Deeringia arborescens,Amaranthaceae
Dendrobium speciosum,Dendrobium speciosum,Orchidaceae
Dentella pulvinata,Dentella pulvinata,Rubiaceae
Desmodium rhytidophyllum,Desmodium rhytidophyllum,Fabaceae
Desmodium varians,Desmodium varians,Fabaceae
Arthropodium fimbriatum,Dichopogon fimbriatus,Asparagaceae
Arthropodium sp. Albury (A.D.J.Piesse 9),Dichopogon sp. A sensu Harden (1993),Asparagaceae
Arthropodium strictum,Dichopogon strictus,Asparagaceae
Dichosciadium ranunculaceum,Dichosciadium ranunculaceum,Apiaceae
Diplaspis hydrocotyle,Diplaspis hydrocotyle,Apiaceae
Dipteracanthus australasicus,Dipteracanthus australasicus,Acanthaceae
Disphyma crassifolium,Disphyma crassifolium,Aizoaceae
Diuris corymbosa,Diuris corymbosa,Orchidaceae
Diuris x nebulosa,Diuris nebulosa,Orchidaceae
Drymophila cyanocarpa,Drymophila cyanocarpa,Luzuriagaceae
Drymophila moorei,Drymophila moorei,Luzuriagaceae
Enydra fluctuans,Enydra fluctuans,Asteraceae
Erodium cygnorum,Erodium cygnorum,Geraniaceae
Eryngium expansum,Eryngium expansum,Apiaceae
Eryngium maritimum,Eryngium maritimum,Apiaceae
Eryngium ovinum,Eryngium ovinum,Apiaceae
Eryngium paludosum,Eryngium paludosum,Apiaceae
Eryngium pandanifolium,Eryngium pandanifolium,Apiaceae
Eryngium vesiculosum,Eryngium vesiculosum,Apiaceae
Euphorbia tannensis,Euphorbia tannensis,Euphorbiaceae
Euroschinus falcata,Euroschinus falcata,Anacardiaceae
Eustrephus latifolius,Eustrephus latifolius,Asparagaceae
Foeniculum vulgare,Foeniculum vulgare,Apiaceae
Frankenia sp. A,Frankenia sp. A sensu Harden (1990),Frankeniaceae
Froelichia gracilis,Froelichia gracilis,Amaranthaceae
Furcraea foetida,Furcraea foetida,Asparagaceae
Aizoon pubescens,Galenia pubescens,Aizoaceae
Galium migrans,Galium migrans,Rubiaceae
Geranium sessiliflorum,Geranium sessiliflorum,Geraniaceae
Gingidia algens,Gingidia algens,Apiaceae
Gingidia harveyana,Gingidia harveyana,Apiaceae
Gingidia rupicola,Gingidia montana,Apiaceae
Gomphocarpus fruticosus,Gomphocarpus fruticosus,Apocynaceae
Gomphocarpus physocarpus,Gomphocarpus physocarpus,Apocynaceae
Gomphrena celosioides,Gomphrena celosioides,Amaranthaceae
Notogrammitis angustifolia,Grammitis poeppigiana,Polypodiaceae
Guilleminea densa,Guilleminea densa,Amaranthaceae
Gunniopsis papillata,Gunniopsis papillata,Aizoaceae
Gunniopsis quadrifida,Gunniopsis quadrifida,Aizoaceae
Gunniopsis septifraga,Gunniopsis septifraga,Aizoaceae
Gymnostachys anceps,Gymnostachys anceps,Araceae
Cassinia ozothamnoides,Haeckeria ozothamnoides,Asteraceae
Hakea trineura,Hakea trineura,Proteaceae
Harnieria hygrophiloides,Harnieria hygrophiloides,Acanthaceae
Hedera helix,Hedera helix,Araliaceae
Coronidium adenophorum,Helichrysum adenophorum,Asteraceae
Coronidium rupicola,Helichrysum collinum,Asteraceae
Heterozostera tasmanica,Heterozostera tasmanica,Zosteraceae
Hibbertia sericea,Hibbertia sericea,Dilleniaceae
Hibbertia serpyllifolia,Hibbertia serpyllifolia,Dilleniaceae
Walwhalleya proluta,Homopholis proluta,Poaceae
Hoya australis,Hoya australis,Apocynaceae
Hoya australis subsp. australis,Hoya oligotricha,Apocynaceae
Hydrocotyle algida,Hydrocotyle algida,Araliaceae
Hydrocotyle bonariensis,Hydrocotyle bonariensis,Araliaceae
Hydrocotyle callicarpa,Hydrocotyle callicarpa,Araliaceae
Hydrocotyle foveolata,Hydrocotyle foveolata,Araliaceae
Hydrocotyle geraniifolia,Hydrocotyle geraniifolia,Araliaceae
Hydrocotyle laxiflora,Hydrocotyle laxiflora,Araliaceae
Hydrocotyle pedicellosa,Hydrocotyle pedicellosa,Araliaceae
Hydrocotyle sibthorpioides,Hydrocotyle peduncularis,Araliaceae
Hydrocotyle trachycarpa,Hydrocotyle trachycarpa,Araliaceae
Hydrocotyle tripartita,Hydrocotyle tripartita,Araliaceae
Hydrocotyle verticillata,Hydrocotyle verticillata,Araliaceae
Hygrophila angustifolia,Hygrophila angustifolia,Acanthaceae
Hymenocallis caribaea,Hymenocallis caribaea,Amaryllidaceae
Hypoestes floribunda,Hypoestes floribunda,Acanthaceae
Ilex aquifolium,Ilex aquifolium,Aquifoliaceae
Ipheion uniflorum,Ipheion uniflorum,Alliaceae
Ipomoea pes-caprae,Ipomoea pes-caprae,Convolvulaceae
Isoglossa eranthemoides,Isoglossa eranthemoides,Acanthaceae
Lobelia douglasiana,Isotoma armstrongii,Campanulaceae
Jasminum dallachii,Jasminum dallachii,Oleaceae
Seringia hookeriana,Keraudrenia integrifolia,Malvaceae
Lachnagrostis billardierei,Lachnagrostis billardierei,Poaceae
Lampranthus multiradiatus,Lampranthus multiradiatus,Aizoaceae
Lampranthus tegens,Lampranthus tegens,Aizoaceae
Lavatera trimestris,Lavatera trimestris,Malvaceae
Laxmannia compacta,Laxmannia compacta,Asparagaceae
Laxmannia gracilis,Laxmannia gracilis,Asparagaceae
Laxmannia orientalis,Laxmannia orientalis,Asparagaceae
Leionema sp. Colo River (P.H.Weston 2423),"Leionema sp. 'Hungryway Creek' (Lemberg, NSW69237)",Rutaceae
Lemna disperma,Lemna disperma,Araceae
Lepidium sp. B,Lepidium sp. B sensu Harden (1990),Brassicaceae
Leucojum aestivum,Leucojum aestivum,Amaryllidaceae
Lilaeopsis polyantha,Lilaeopsis polyantha,Apiaceae
Linospadix monostachyos,Linospadix monostachya,Arecaceae
Livistona australis,Livistona australis,Arecaceae
Lomandra bracteata,Lomandra bracteata,Asparagaceae
Lomandra brevis,Lomandra brevis,Asparagaceae
Lomandra collina,Lomandra collina,Asparagaceae
Lomandra confertifolia,Lomandra confertifolia,Asparagaceae
Lomandra cylindrica,Lomandra cylindrica,Asparagaceae
Lomandra effusa,Lomandra effusa,Asparagaceae
Lomandra elongata,Lomandra elongata,Asparagaceae
Lomandra filiformis,Lomandra filiformis,Asparagaceae
Lomandra fluviatilis,Lomandra fluviatilis,Asparagaceae
Lomandra glauca,Lomandra glauca,Asparagaceae
Lomandra gracilis,Lomandra gracilis,Asparagaceae
Lomandra hystrix,Lomandra hystrix,Asparagaceae
Lomandra laxa,Lomandra laxa,Asparagaceae
Lomandra leucocephala,Lomandra leucocephala,Asparagaceae
Lomandra longifolia,Lomandra longifolia,Asparagaceae
Lomandra micrantha,Lomandra micrantha,Asparagaceae
Lomandra montana,Lomandra montana,Asparagaceae
Lomandra multiflora,Lomandra multiflora,Asparagaceae
Lomandra obliqua,Lomandra obliqua,Asparagaceae
Lomandra patens,Lomandra patens,Asparagaceae
Lomandra spicata,Lomandra spicata,Asparagaceae
Malus x [Malus x domestica; NHNSW_2014_2],Malus x domestica,Rosaceae
Malva weinmanniana,Malva australiana,Malvaceae
Mandevilla laxa,Mandevilla laxa,Apocynaceae
Mangifera indica,Mangifera indica,Anacardiaceae
Leichhardtia australis,Marsdenia australis,Apocynaceae
Leichhardtia flavescens,Marsdenia flavescens,Apocynaceae
Leichhardtia fraseri,Marsdenia fraseri,Apocynaceae
Leichhardtia liisae,Marsdenia liisae,Apocynaceae
Leichhardtia lloydii,Marsdenia lloydii,Apocynaceae
Leichhardtia longiloba,Marsdenia longiloba,Apocynaceae
Gymnema pleiadenium,Marsdenia pleiadenia,Apocynaceae
Leichhardtia rostrata,Marsdenia rostrata,Apocynaceae
Leichhardtia suaveolens,Marsdenia suaveolens,Apocynaceae
Leichhardtia viridiflora,Marsdenia viridiflora,Apocynaceae
Meiogyne stenopetala,Meiogyne stenopetala,Annonaceae
Wollastonia biflora,Melanthera biflora,Asteraceae
Melodinus acutiflorus,Melodinus acutiflorus,Apocynaceae
Melodinus australis,Melodinus australis,Apocynaceae
Melodinus acutiflorus,Melodinus guilfoylei,Apocynaceae
Mentha x [Mentha x spicata; NHNSW_2014_2],Mentha x spicata,Lamiaceae
Mesembryanthemum aitonis,Mesembryanthemum aitonis,Aizoaceae
Mesembryanthemum crystallinum,Mesembryanthemum crystallinum,Aizoaceae
Mesembryanthemum nodiflorum,Mesembryanthemum nodiflorum,Aizoaceae
Cleretum papulosum,Micropterum papulosum,Aizoaceae
Microstegium nudum,Microstegium nudum,Poaceae
Mirbelia oxylobioides,Mirbelia oxylobioides,Fabaceae
Phyllangium paradoxum,Mitrasacme paradoxa,Loganiaceae
Monopsis debilis,Monopsis simplex,Campanulaceae
Montanoa bipinnatifida,Montanoa bipinnatifida,Asteraceae
Muscari armeniacum,Muscari armeniacum,Asparagaceae
Narcissus pseudonarcissus,Narcissus pseudonarcissus,Amaryllidaceae
Neisosperma poweri,Neisosperma poweri,Apocynaceae
Nerium oleander,Nerium oleander,Apocynaceae
Nothoscordum borbonicum,Nothoscordum borbonicum,Alliaceae
Nyssanthes diffusa,Nyssanthes diffusa,Amaranthaceae
Nyssanthes erecta,Nyssanthes erecta,Amaranthaceae
Ochrosia moorei,Ochrosia moorei,Apocynaceae
Olearia sp. Rhizomatica (I.R.Telford 11549),Olearia rhizomatica,Asteraceae
Olearia stellulata,Olearia stellulata,Asteraceae
Opuntia puberula,Opuntia tenuispina,Cactaceae
Oreomyrrhis argentea,Oreomyrrhis argentea,Apiaceae
Oreomyrrhis brevipes,Oreomyrrhis brevipes,Apiaceae
Oreomyrrhis ciliata,Oreomyrrhis ciliata,Apiaceae
Oreomyrrhis eriopoda,Oreomyrrhis eriopoda,Apiaceae
Oreomyrrhis pulvinifica,Oreomyrrhis pulvinifica,Apiaceae
Albuca bracteata,Ornithogalum longebracteatum,Asparagaceae
Ornithogalum pyramidale,Ornithogalum pyramidale,Asparagaceae
Ornithogalum umbellatum,Ornithogalum umbellatum,Asparagaceae
Oschatzia cuneifolia,Oschatzia cuneifolia,Apiaceae
Ozothamnus hookeri,Ozothamnus hookeri,Asteraceae
Papillilabium beckleri,Papillilabium beckleri,Orchidaceae
Pappochroma pappocromum,Pappochroma uniflora,Asteraceae
Aristolochia laheyana,Pararistolochia laheyana,Aristolochiaceae
Aristolochia praevenosa,Pararistolochia praevenosa,Aristolochiaceae
Parsonsia brownii,Parsonsia brownii,Apocynaceae
Parsonsia dorrigoensis,Parsonsia dorrigoensis,Apocynaceae
Parsonsia eucalyptophylla,Parsonsia eucalyptophylla,Apocynaceae
Parsonsia fulva,Parsonsia fulva,Apocynaceae
Parsonsia induplicata,Parsonsia induplicata,Apocynaceae
Parsonsia lanceolata,Parsonsia lanceolata,Apocynaceae
Parsonsia lilacina,Parsonsia lilacina,Apocynaceae
Parsonsia longipetiolata,Parsonsia longipetiolata,Apocynaceae
Parsonsia purpurascens,Parsonsia purpurascens,Apocynaceae
Parsonsia rotata,Parsonsia rotata,Apocynaceae
Parsonsia straminea,Parsonsia straminea,Apocynaceae
Parsonsia tenuis,Parsonsia tenuis,Apocynaceae
Parsonsia velutina,Parsonsia velutina,Apocynaceae
Parsonsia ventricosa,Parsonsia ventricosa,Apocynaceae
Paspalum virgatum,Paspalum wettsteinii,Poaceae
Pastinaca sativa,Pastinaca sativa,Apiaceae
Patersonia sericea,Patersonia sericea,Iridaceae
Molineriella minuta,Periballia minuta,Poaceae
Persoonia sp. [Persoonia nigrescens; NHNSW_2014_2],Persoonia nigrescens,Proteaceae
Phaius tankervilliae,Phaius tankervilliae,Orchidaceae
Physalis minima,Physalis minima,Solanaceae
Physalis crassifolia var. versicolor,Physalis viscosa,Solanaceae
Piper hederaceum,Piper novae-hollandiae,Piperaceae
Pistia stratiotes,Pistia stratiotes,Araceae
Platysace clelandii,Platysace clelandii,Apiaceae
Platysace ericoides,Platysace ericoides,Apiaceae
Platysace lanceolata,Platysace lanceolata,Apiaceae
Platysace linearifolia,Platysace linearifolia,Apiaceae
Platysace heterophylla var. heterophylla,Platysace sp. A sensu Powell & Hastings (1992),Apiaceae
Platysace stephensonii,Platysace stephensonii,Apiaceae
Platyzoma microphyllum,Platyzoma microphyllum,Pteridaceae
Pleogyne australis,Pleogyne australis,Menispermaceae
Pluchea tetranthera,Pluchea tetranthera,Asteraceae
Huberantha nitidissima,Polyalthia nitidissima,Annonaceae
Polygonum patulum,Polygonum patulum,Polygonaceae
Polyscias elegans,Polyscias elegans,Araliaceae
Polyscias murrayi,Polyscias murrayi,Araliaceae
Polyscias sambucifolia,Polyscias sambucifolia,Araliaceae
Duperreya commixta,Porana commixta,Convolvulaceae
Pothos longipes,Pothos longipes,Araceae
Prasophyllum alpinum,Prasophyllum alpinum,Orchidaceae
Prasophyllum morganii,Prasophyllum morganii,Orchidaceae
Proiphys cunninghamii,Proiphys cunninghamii,Amaryllidaceae
Prostanthera ammophila,Prostanthera sp. A sensu Conn (1992),Lamiaceae
Prostanthera althoferi subsp. longifolia,Prostanthera sp. B sensu Conn (1992),Lamiaceae
Prostanthera spinosa,Prostanthera spinosa,Lamiaceae
Pseuderanthemum variabile,Pseuderanthemum variabile,Acanthaceae
Mesembryanthemum granulicaule,Psilocaulon tenue,Aizoaceae
Pterostylis alata,Pterostylis alata,Orchidaceae
Pterostylis dubia,Pterostylis dubia,Orchidaceae
Pterostylis furcata,Pterostylis furcata,Orchidaceae
Pterostylis sp. Botany Bay (A.Bishop J221/1-13),Pterostylis sp. 'Botany Bay; (Bishop J2211-13),Orchidaceae
Pterostylis sp. B Flora of New South Wales (D.L.Jones 3900 et al.),Pterostylis sp. B sensu Harden (1993),Orchidaceae
Pterostylis x conoglossa,Pterostylis x conoglossa,Orchidaceae
Pterostylis x furcillata,Pterostylis x furcillata,Orchidaceae
Ptilotus sessilifolius,Ptilotus atriplicifolius,Amaranthaceae
Ptilotus erubescens,Ptilotus erubescens,Amaranthaceae
Ptilotus exaltatus,Ptilotus exaltatus,Amaranthaceae
Ptilotus extenuatus,Ptilotus extenuatus,Amaranthaceae
Ptilotus gaudichaudii,Ptilotus gaudichaudii,Amaranthaceae
Ptilotus indivisus,Ptilotus indivisus,Amaranthaceae
Ptilotus latifolius,Ptilotus latifolius,Amaranthaceae
Ptilotus leucocoma,Ptilotus leucocoma,Amaranthaceae
Ptilotus macrocephalus,Ptilotus macrocephalus,Amaranthaceae
Ptilotus nobilis,Ptilotus nobilis,Amaranthaceae
Ptilotus obovatus,Ptilotus obovatus,Amaranthaceae
Ptilotus parvifolius,Ptilotus parvifolius,Amaranthaceae
Ptilotus polystachyus,Ptilotus polystachyus,Amaranthaceae
Ptilotus semilanatus,Ptilotus semilanatus,Amaranthaceae
Ptilotus seminudus,Ptilotus seminudus,Amaranthaceae
Ptilotus spathulatus,Ptilotus spathulatus,Amaranthaceae
Aenictophyton anomalum,Ptychosema anomalum,Fabaceae
Pultenaea sp. Liverpool Range (L.A.S.Johnson 963),Pultenaea sp. 'Liverpool Range' (Johnson 963),Fabaceae
Pultenaea subternata,Pultenaea subternata,Fabaceae
Uvaria leichhardtii,Rauwenhoffia leichhardtii,Annonaceae
Rhaphidospora bonneyana,Rhaphidospora bonneyana,Acanthaceae
Rhodosphaera rhodanthema,Rhodosphaera rhodanthema,Anacardiaceae
Vincetoxicum lineare,Rhyncharrhena linearis,Apocynaceae
Rostellularia adscendens,Rostellularia adscendens,Acanthaceae
Rostellularia obtusa,Rostellularia obtusa,Acanthaceae
Rubus pyramidalis,Rubus pyramidalis,Rosaceae
Rubus radula,Rubus radula,Rosaceae
Siloxerus multiflorus,Rutidosis multiflora,Asteraceae
Sagittaria calycina var. calycina,Sagittaria montevidensis,Alismataceae
Sagittaria platyphylla,Sagittaria platyphylla,Alismataceae
Salix sp. [Salix sp._hybrid; NHNSW_2014_2],Salix sp._hybrid,Salicaceae
Salvinia sp. [Salvinia molesta; NHNSW_2014_2],Salvinia molesta,Hydrocharitaceae
Sambucus australasica,Sambucus australasica,Viburnaceae
Sambucus gaudichaudiana,Sambucus gaudichaudiana,Viburnaceae
Sambucus nigra,Sambucus nigra,Viburnaceae
Dracaena trifasciata,Sansevieria trifasciata,Asparagaceae
Sarcochilus olivaceus,Sarcochilus olivaceus,Orchidaceae
Cynanchum viminale subsp. australe,Sarcostemma australe,Apocynaceae
Sarcozona praecox,Sarcozona praecox,Aizoaceae
Scandix pecten-veneris,Scandix pecten-veneris,Apiaceae
Heptapleurum actinophyllum,Schefflera actinophylla,Araliaceae
Schinus molle var. areira,Schinus areira,Anacardiaceae
Schistotylus purpuratus,Schistotylus purpuratus,Orchidaceae
Azorella fragosea,Schizeilema fragoseum,Apiaceae
Schoenus paludosus,Schoenus paludosus,Cyperaceae
Secamone elliptica,Secamone elliptica,Apocynaceae
Senecio depressicola,Senecio lautus,Asteraceae
Senecio murrayanus,Senecio murrayanus,Asteraceae
Senecio picridioides,Senecio picridioides,Asteraceae
Senecio hispidissimus,Senecio sp. C sensu Harden (1992),Asteraceae
Senna corymbosa,Senna corymbosa,Fabaceae
Sesuvium portulacastrum,Sesuvium portulacastrum,Aizoaceae
Sida sp. Musselbrook (M.B.Thomas+ MRS437),Sida filiformis,Malvaceae
Malvella leprosa,Sida leprosa,Malvaceae
Silene latifolia subsp. alba,Silene pratensis,Caryophyllaceae
Solanum adenophorum,Solanum adenophorum,Solanaceae
Solanum furfuraceum,Solanum furfuraceum,Solanaceae
Solanum tetrathecum,Solanum tetrathecum,Solanaceae
Solidago canadensis,Solidago canadensis,Asteraceae
Sowerbaea juncea,Sowerbaea juncea,Asparagaceae
Spiranthes sinensis,Spiranthes sinensis,Orchidaceae
Spirodela polyrhiza,Spirodela polyrhiza,Araceae
Landoltia punctata,Spirodela punctata,Araceae
Sporobolus diandrus,Sporobolus diander,Poaceae
Styphelia sp. [Styphelia sp. A sensu Harden (1992); NHNSW_2014_2],Styphelia sp. A sensu Harden (1992),Ericaceae
Styphelia sp. [Styphelia sp. B sensu Harden (1992); NHNSW_2014_2],Styphelia sp. B sensu Harden (1992),Ericaceae
Tabernaemontana pandacaqui,Tabernaemontana pandacaqui,Apocynaceae
Tetragonia decumbens,Tetragonia decumbens,Aizoaceae
Tetragonia eremaea,Tetragonia eremaea,Aizoaceae
Tetragonia microptera,Tetragonia microptera,Aizoaceae
Tetragonia tetragonoides,Tetragonia tetragonioides,Aizoaceae
Tetrapanax papyrifer,Tetrapanax papyrifer,Araliaceae
Tetraria capillaris,Tetraria capillaris,Cyperaceae
Thelymitra rubra,Thelymitra rubra,Orchidaceae
Cascabela thevetia,Thevetia peruviana,Apocynaceae
Thinopyrum elongatum,Thinopyrum elongatum,Poaceae
Leichhardtia racemosa,Thozetia racemosa,Apocynaceae
Thunbergia alata,Thunbergia alata,Acanthaceae
Thysanotus baueri,Thysanotus baueri,Asparagaceae
Thysanotus juncifolius,Thysanotus juncifolius,Asparagaceae
Thysanotus patersonii,Thysanotus patersonii,Asparagaceae
Thysanotus tuberosus,Thysanotus tuberosus,Asparagaceae
Thysanotus virgatus,Thysanotus virgatus,Asparagaceae
Torilis nodosa,Torilis nodosa,Apiaceae
Toxicodendron succedaneum,Toxicodendron succedaneum,Anacardiaceae
Trachymene anisocarpa,Trachymene anisocarpa,Araliaceae
Trachymene cyanopetala,Trachymene cyanopetala,Araliaceae
Trachymene glaucifolia,Trachymene glaucifolia,Araliaceae
Trachymene humilis,Trachymene humilis,Araliaceae
Trachymene incisa,Trachymene incisa,Araliaceae
Trachymene ochracea,Trachymene ochracea,Araliaceae
Trachymene ornata,Trachymene ornata,Araliaceae
Trachymene procumbens,Trachymene procumbens,Araliaceae
Trachymene scapigera,Trachymene scapigera,Araliaceae
Trianthema portulacastrum,Trianthema portulacastrum,Aizoaceae
Trianthema triquetrum,Trianthema triquetra,Aizoaceae
Triglochin calcitrapa,Triglochin calcitrapum,Juncaginaceae
Triglochin centrocarpa,Triglochin centrocarpum,Juncaginaceae
Oxypetalum coeruleum,Tweedia coerulea,Apocynaceae
Vincetoxicum barbatum,Tylophora barbata,Apocynaceae
Vincetoxicum polyanthum,Tylophora benthamii,Apocynaceae
Vincetoxicum grandiflorum,Tylophora grandiflora,Apocynaceae
Vincetoxicum forsteri,Tylophora linearis,Apocynaceae
Vincetoxicum paniculatum,Tylophora paniculata,Apocynaceae
Vincetoxicum woollsii,Tylophora woollsii,Apocynaceae
Typhonium brownii,Typhonium brownii,Araceae
Typhonium eliosurum,Typhonium eliosurum,Araceae
Trachymene ceratocarpa,Uldinia ceratocarpa,Araliaceae
Carex sp. Flaccida (S.T.Blake 7398),Uncinia flaccida,Cyperaceae
Utricularia monanthos,Utricularia monanthos,Lentibulariaceae
Viburnum suspensum,Viburnum suspensum,Viburnaceae
Vinca major,Vinca major,Apocynaceae
Westringia sp. [Westringia species A; NHNSW_2014_2],Westringia species A,Lamiaceae
Wilsonia humilis,Wilsonia humilis,Convolvulaceae
Wolffia angusta,Wolffia angusta,Araceae
Wolffia australiana,Wolffia australiana,Araceae
Wolffia globosa,Wolffia globosa,Araceae
Xanthosia atkinsoniana,Xanthosia atkinsoniana,Apiaceae
Xanthosia dissecta,Xanthosia dissecta,Apiaceae
Xanthosia pilosa,Xanthosia pilosa,Apiaceae
Xanthosia tridentata,Xanthosia tridentata,Apiaceae
Xerothamnella parvifolia,Xerothamnella parvifolia,Acanthaceae
Yucca aloifolia,Yucca aloifolia,Asparagaceae
Zaleya galericulata,Zaleya galericulata,Aizoaceae
Zantedeschia aethiopica,Zantedeschia aethiopica,Araceae
Hippeastrum zephyranthum,Zephyranthes candida,Amaryllidaceae
Alyxia spicata,Alyxia spicata,Apocynaceae
Alyxia stellata,Alyxia stellata,Apocynaceae
Austrosteenisia blackii var. astipella,Austrosteenisia blackii var. astipella,Fabaceae
Calamus australis,Calamus australis,Arecaceae
Calamus caryotoides,Calamus caryotoides,Arecaceae
Cansjera leptostachya,Cansjera leptostachya,Opiliaceae
Capparis lucida,Capparis lucida,Capparaceae
Capparis sepiaria,Capparis sepiaria,Capparaceae
Cissus cardiophylla,Cissus cardiophylla,Vitaceae
Cissus hastata,Cissus hastata,Vitaceae
Cissus repens,Cissus repens,Vitaceae
Clematis pubescens,Clematis aristata var. longisepala,Ranunculaceae
Clematis pubescens,Clematis aristata var. occidentalis,Ranunculaceae
Coelospermum paniculatum var. paniculatum,Coelospermum paniculatum var. paniculatum,Rubiaceae
Coelospermum paniculatum var. syncarpum,Coelospermum paniculatum var. syncarpum,Rubiaceae
Colubrina asiatica,Colubrina asiatica,Rhamnaceae
Colubrina asiatica var. asiatica,Colubrina asiatica var. asiatica,Rhamnaceae
Connarus conchocarpus,Connarus conchocarpus,Connaraceae
Connarus conchocarpus subsp. conchocarpus,Connarus conchocarpus subsp. conchocarpus,Connaraceae
Derris sp. Daintree (D.E.Boyland+ 469),Derris sp. Daintree,Fabaceae
Diplocyclos palmatus subsp. affinis,Diplocyclos palmatus subsp. affinis,Cucurbitaceae
Diplocyclos palmatus subsp. palmatus,Diplocyclos palmatus subsp. palmatus,Cucurbitaceae
Hugonia jenkinsii,Durandea jenkinsii,Linaceae
Eustrephus latifolius,Eustrephus latifolius subsp. angustifolius,Asparagaceae
Eustrephus latifolius,Eustrephus latifolius var. angustifolius,Asparagaceae
Freycinetia scandens,Freycinetia scandens,Pandanaceae
Gymnanthera oblonga,Gymnanthera oblonga,Apocynaceae
Gynochthodes sessilis,Gynochthodes sessilis,Rubiaceae
Hibbertia scandens var. glabra,Hibbertia scandens var glabra,Dilleniaceae
Hibbertia scandens var. oxyphylla,Hibbertia scandens var oxyphylla,Dilleniaceae
Hibbertia scandens var. scandens,Hibbertia scandens var scandens,Dilleniaceae
Hoya australis subsp. australis,Hoya australis subsp. australis,Apocynaceae
Hoya australis subsp. oramicola,Hoya australis subsp. ormicola,Apocynaceae
Hoya australis subsp. rupicola,Hoya australis subsp. rupicola,Apocynaceae
Hoya australis subsp. sanae,Hoya australis subsp. sanae,Apocynaceae
Hoya australis subsp. tenuipes,Hoya australis subsp. tenuipes,Apocynaceae
Hydrocotyle acutiloba,Hydrocotyle acutiloba,Araliaceae
Hypserpa laurina,Hypserpa laurina,Menispermaceae
Ipomoea aculeata,Ipomoea aculeata,Convolvulaceae
Jasminum dallachii,Jasminum dallachi,Oleaceae
Jasminum didymum subsp. didymum,Jasminum didymum subsp didymum,Oleaceae
Jasminum didymum subsp. racemosum,Jasminum didymum subsp racemosum,Oleaceae
Jasminum elongatum,Jasminum elongatum,Oleaceae
Mallotus repandus,Mallotus repandus,Euphorbiaceae
Leichhardtia racemosa,Marsdenia hemiptera,Apocynaceae
Uvaria leichhardtii,Melodorum leichhardtii,Annonaceae
Uvaria uhrii,Melodorum uhrii,Annonaceae
Neosepicaea jucunda,Neosepicaea jucunda,Bignoniaceae
Pachygone ovata,Pachygone ovata,Menispermaceae
Parsonsia sankowskyana,Parsonsia sankowskyana,Apocynaceae
Piper hederaceum,Piper hederaceum,Piperaceae
Pycnarrhena novoguineensis,Pycnarrhena novoguineensis,Menispermaceae
Rhagodia candolleana subsp. argentea,Rhagodia candolleana subsp argentea,Chenopodiaceae
Rhamnella vitiensis,Rhamnella vitiensis,Rhamnaceae
Rourea brachyandra,Rourea brachyandra,Connaraceae
Rubus moluccanus var. trilobus,Rubus molluccanus var. trilobus,Rosaceae
Salacia chinensis,Salacia chinensis,Celastraceae
Salacia disepala,Salacia disepala,Celastraceae
Cynanchum viminale subsp. brunonianum,Sarcostemma brunonianum,Apocynaceae
Cynanchum viminale subsp. brunonianum,Sarcostemma viminale subsp. brunonianum,Apocynaceae
Smilax blumei,Smilax blumei,Smilacaceae
Smilax calophylla,Smilax calophylla,Smilacaceae
Stephania japonica var. japonica,Stephania japonica var. japonica,Menispermaceae
Stictocardia tiliifolia,Stictocardia tiliifolia,Convolvulaceae
Tetragonia implexicoma,Tetragonia implexicoma,Aizoaceae
Tetrastigma thorsborneorum,Tetrastigma thorsborneorum,Vitaceae
Uvaria concava,Uvaria concava,Annonaceae
Vandasina retusa,Vandasina retusa,Fabaceae
Vigna vexillata var. youngiana,Vigna vexillata  var. youngiana,Fabaceae
