Taxon name,Year,Month start,Month end,Notes,canonical_name
Alternanthera philoxeroides (Mart.) Griseb.,2021,January,NA,NA,Alternanthera philoxeroides
Rorippa nasturtium-aquaticum (L.) Hayek,2020,September,October,NA,Rorippa nasturtium-aquaticum
Rorippa nasturtium-aquaticum (L.) Hayek,2021,October,NA,NA,Rorippa nasturtium-aquaticum
Rorippa nasturtium-aquaticum (L.) Hayek,2022,October,NA,NA,Rorippa nasturtium-aquaticum
Araujia sericifera Brot.,2022,December,NA,NA,Araujia sericifera
Vincetoxicum barbatum (R.Br.) Kuntze,2020,November,NA,NA,Vincetoxicum barbatum
Vincetoxicum barbatum (R.Br.) Kuntze,2021,November,NA,NA,Vincetoxicum barbatum
Asparagus asparagoides (L.) W.Wight,2020,September,NA,NA,Asparagus asparagoides
Asparagus asparagoides (L.) W.Wight,2021,August,NA,NA,Asparagus asparagoides
Eustrephus latifolius R.Br.,2020,September,October,NA,Eustrephus latifolius
Eustrephus latifolius R.Br.,2021,October,November,NA,Eustrephus latifolius
Delairea odorata Lem.,2021,June,NA,NA,Delairea odorata
Anredera cordifolia (Ten.) Steenis,2021,February,March,NA,Anredera cordifolia
Campsis x tagliabuana (Vis.) Rehder,2021,January,NA,NA,Campsis x tagliabuana
Campsis x tagliabuana (Vis.) Rehder,2021,November,NA,NA,Campsis x tagliabuana
Pandorea pandorana (Andrews) Steenis subsp. pandorana,2020,September,NA,NA,Pandorea pandorana subsp. pandorana
Pandorea pandorana (Andrews) Steenis subsp. pandorana,2022,September,NA,NA,Pandorea pandorana subsp. pandorana
Lonicera japonica Thunb.,2021,January,NA,NA,Lonicera japonica
Lonicera japonica Thunb.,2021,October,NA,NA,Lonicera japonica
Lonicera japonica Thunb.,2022,October,NA,NA,Lonicera japonica
Convolvulus erubescens Sims,2020/2021,November,January,NA,Convolvulus erubescens
Convolvulus erubescens Sims,2021,November,NA,NA,Convolvulus erubescens
Convolvulus farinosus L.,2020,November,NA,NA,Convolvulus farinosus
Convolvulus farinosus L.,2021,December,NA,NA,Convolvulus farinosus
Ipomoea indica (Burm.) Merr.,2020,September,November,NA,Ipomoea indica
Ipomoea purpurea (L.) Roth,2020,September,NA,NA,Ipomoea purpurea
Ipomoea purpurea (L.) Roth,2021,February,NA,NA,Ipomoea purpurea
Polymeria calycina R.Br.,2020/2021,September,May,NA,Polymeria calycina
Polymeria calycina R.Br.,2021/2022,September,May,NA,Polymeria calycina
Polymeria calycina R.Br.,2022,September,November,NA,Polymeria calycina
Desmodium varians (Labill.) G.Don,2021,April,NA,NA,Desmodium varians
Dipogon lignosus (L.) Verdc.,2022,September,NA,NA,Dipogon lignosus
Glycine clandestina J.C.Wendl.,2020,September,NA,NA,Glycine clandestina
Glycine clandestina J.C.Wendl.,2021,October,November,NA,Glycine clandestina
Glycine microphylla (Benth.) Tindale,2021,February,NA,NA,Glycine microphylla
Glycine tabacina (Labill.) Benth.,2020,October,NA,NA,Glycine tabacina
Glycine tabacina (Labill.) Benth.,2021,May,NA,NA,Glycine tabacina
Hardenbergia violacea (Schneev.) Stearn,2020,September,October,NA,Hardenbergia violacea
Hardenbergia violacea (Schneev.) Stearn,2021,August,October,NA,Hardenbergia violacea
Hardenbergia violacea (Schneev.) Stearn,2022,September,October,NA,Hardenbergia violacea
Kennedia rubicunda (Schneev.) Vent.,2020,September,NA,NA,Kennedia rubicunda
Kennedia rubicunda (Schneev.) Vent.,2021,August,October,NA,Kennedia rubicunda
Pullenia gunnii (Benth. ex Hook.f.) H.Ohashi & K.Ohashi,2021,April,NA,NA,Pullenia gunnii
Pullenia gunnii (Benth. ex Hook.f.) H.Ohashi & K.Ohashi,2021,December,NA,NA,Pullenia gunnii
Cassytha paniculata R.Br.,2021,July,NA,NA,Cassytha paniculata
Sarcopetalum harveyanum F.Muell.,2022,October,NA,NA,Sarcopetalum harveyanum
Passiflora edulis Sims,2021,October,NA,NA,Passiflora edulis
Passiflora suberosa L.,2021,March,NA,NA,Passiflora suberosa
Clematis aristata R.Br. ex Ker Gawl.,2021,October,NA,NA,Clematis aristata
Clematis glycinoides DC.,2020,September,NA,NA,Clematis glycinoides
Clematis glycinoides DC.,2021,August,October,NA,Clematis glycinoides
Cardiospermum grandiflorum Sw.,2020,April,NA,NA,Cardiospermum grandiflorum
Cardiospermum grandiflorum Sw.,2021,February,NA,NA,Cardiospermum grandiflorum
Solanum seaforthianum Andrews,2020,October,November,NA,Solanum seaforthianum
Solanum seaforthianum Andrews,2021,April,NA,NA,Solanum seaforthianum
Solanum seaforthianum Andrews,2022,May,NA,NA,Solanum seaforthianum
Cayratia clematidea (F.Muell.) Domin,2020,December,NA,NA,Cayratia clematidea
Cayratia clematidea (F.Muell.) Domin,2021,December,NA,NA,Cayratia clematidea
Cissus antarctica Vent.,2021,December,NA,NA,Cissus antarctica
Agapanthus praecox subsp. orientalis (F.M.Leight.) F.M.Leight.,2020,December,NA,NA,Agapanthus praecox subsp. orientalis
Agapanthus praecox subsp. orientalis (F.M.Leight.) F.M.Leight.,2021,January,NA,NA,Agapanthus praecox subsp. orientalis
Lomandra filiformis subsp. coriacea A.T.Lee,2020,September,NA,NA,Lomandra filiformis subsp. coriacea
Lomandra filiformis subsp. coriacea A.T.Lee,2021,October,December,NA,Lomandra filiformis subsp. coriacea
Lomandra filiformis subsp. coriacea A.T.Lee,2022,October,NA,NA,Lomandra filiformis subsp. coriacea
Lomandra longifolia Labill.,2020,September,November,NA,Lomandra longifolia
Lomandra longifolia Labill.,2021,September,NA,NA,Lomandra longifolia
Lomandra multiflora (R.Br.) Britten subsp. multiflora,2020,September,October,NA,Lomandra multiflora subsp. multiflora
Lomandra multiflora (R.Br.) Britten subsp. multiflora,2021,September,October,NA,Lomandra multiflora subsp. multiflora
Lomandra multiflora (R.Br.) Britten subsp. multiflora,2022,October,NA,NA,Lomandra multiflora subsp. multiflora
Carex breviculmis R.Br.,2020,October,NA,NA,Carex breviculmis
Carex breviculmis R.Br.,2021,April,July,NA,Carex breviculmis
Carex breviculmis R.Br.,2022,October,NA,NA,Carex breviculmis
Carex inversa R.Br.,2020,November,NA,NA,Carex inversa
Carex inversa R.Br.,2021,April,May,NA,Carex inversa
Carex inversa R.Br.,2021,December,NA,NA,Carex inversa
Cyperus sesquiflorus (Torr.) Mattf. & Kük.,2021,March,NA,NA,Cyperus sesquiflorus
Schoenus apogon Roem. & Schult.,2022,October,NA,NA,Schoenus apogon
Dianella brevipedunculata R.J.F.Hend.,2022,October,NA,NA,Dianella brevipedunculata
Dianella caerulea Sims,2020,September,NA,NA,Dianella caerulea
Dianella caerulea Sims,2021,September,November,NA,Dianella caerulea
Dianella longifolia R.Br. var. longifolia,2020/2021,September,May,NA,Dianella longifolia var. longifolia
Dianella longifolia R.Br. var. longifolia,2021,December,NA,NA,Dianella longifolia var. longifolia
Dianella revoluta R.Br.,2020,September,October,NA,Dianella revoluta
Dianella revoluta R.Br.,2021,August,November,NA,Dianella revoluta
Xanthorrhoea minor R.Br. subsp. minor,2020,November,NA,NA,Xanthorrhoea minor subsp. minor
Brunoniella australis (Cav.) Bremek.,2020/2021,November,January,NA,Brunoniella australis
Brunoniella australis (Cav.) Bremek.,2021,October,November,NA,Brunoniella australis
Tetragonia tetragonoides (Pall.) Kuntze,2021,January,NA,NA,Tetragonia tetragonoides
Tetragonia tetragonoides (Pall.) Kuntze,2021,December,NA,NA,Tetragonia tetragonoides
Nothoscordum gracile (Aiton) Stearn,2020,October,NA,NA,Nothoscordum gracile
Nothoscordum gracile (Aiton) Stearn,2021,January,February,NA,Nothoscordum gracile
Nothoscordum gracile (Aiton) Stearn,2021,May,NA,NA,Nothoscordum gracile
Nothoscordum gracile (Aiton) Stearn,2021,October,NA,NA,Nothoscordum gracile
Nothoscordum gracile (Aiton) Stearn,2022,October,December,NA,Nothoscordum gracile
Alternanthera denticulata R.Br.,2021,February,July,NA,Alternanthera denticulata
Alternanthera sp. A Flora of New South Wales (M.Gray 5187) J.Palmer,2020,November,December,NA,Alternanthera sp. A Flora of New South Wales (M.Gray 5187)
Alternanthera sp. A Flora of New South Wales (M.Gray 5187) J.Palmer,2021,March,May,NA,Alternanthera sp. A Flora of New South Wales (M.Gray 5187)
Alternanthera sp. A Flora of New South Wales (M.Gray 5187) J.Palmer,2021,October,NA,NA,Alternanthera sp. A Flora of New South Wales (M.Gray 5187)
Alternanthera sp. A Flora of New South Wales (M.Gray 5187) J.Palmer,2022,October,NA,NA,Alternanthera sp. A Flora of New South Wales (M.Gray 5187)
Alternanthera pungens Kunth,2021,April,May,NA,Alternanthera pungens
Gomphrena celosioides Mart.,2021,January,May,NA,Gomphrena celosioides
Gomphrena celosioides Mart.,2021,November,NA,NA,Gomphrena celosioides
Gomphrena celosioides Mart.,2022,April,NA,NA,Gomphrena celosioides
Gomphrena celosioides Mart.,2022,October,NA,NA,Gomphrena celosioides
Hippeastrum hybrid,2021,October,NA,NA,Hippeastrum hybrid
Apium graveolens L.,2020,November,NA,NA,Apium graveolens
Apium graveolens L.,2021,November,December,NA,Apium graveolens
Apium graveolens L.,2022,December,NA,NA,Apium graveolens
Cyclospermum leptophyllum (Pers.) Sprague ex Britton & P.Wilson,2020,September,October,NA,Cyclospermum leptophyllum
Cyclospermum leptophyllum (Pers.) Sprague ex Britton & P.Wilson,2022,October,NA,NA,Cyclospermum leptophyllum
Foeniculum vulgare Mill.,2021,January,NA,NA,Foeniculum vulgare
Asclepias curassavica L.,2021,June,NA,NA,Asclepias curassavica
Asclepias curassavica L.,2022,October,NA,NA,Asclepias curassavica
Hydrocotyle sibthorpioides Lam.,2022,October,NA,NA,Hydrocotyle sibthorpioides
Arthropodium sp. South-east Highlands (N.G.Walsh 811) Vic. Herbarium,2020/2021,November,April,NA,Arthropodium sp. South-east Highlands (N.G.Walsh 811)
Arthropodium sp. South-east Highlands (N.G.Walsh 811) Vic. Herbarium,2021/2022,December,April,NA,Arthropodium sp. South-east Highlands (N.G.Walsh 811)
Arthropodium sp. South-east Highlands (N.G.Walsh 811) Vic. Herbarium,2022/2023,October,January,NA,Arthropodium sp. South-east Highlands (N.G.Walsh 811)
Chlorophytum comosum (Thunb.) Jacques,2020/2021,December,January,NA,Chlorophytum comosum
Laxmannia gracilis R.Br.,2020,November,NA,NA,Laxmannia gracilis
Laxmannia gracilis R.Br.,2021,November,NA,NA,Laxmannia gracilis
Thysanotus tuberosus R.Br.,2021,December,NA,NA,Thysanotus tuberosus
Thysanotus tuberosus R.Br.,2022,October,NA,NA,Thysanotus tuberosus
Ageratina adenophora (Spreng.) R.M.King & H.Rob.,2020,September,October,NA,Ageratina adenophora
Ageratina riparia (Regel) R.M.King & H.Rob.,2020,September,NA,NA,Ageratina riparia
Arctotheca calendula (L.) K.Lewin,2020,September,NA,NA,Arctotheca calendula
Arctotheca calendula (L.) K.Lewin,2021,August,December,NA,Arctotheca calendula
Arctotheca calendula (L.) K.Lewin,2022,September,NA,NA,Arctotheca calendula
Bidens alba (L.) DC.,2021,August,October,NA,Bidens alba
Bidens pilosa L.,2020,April,NA,NA,Bidens pilosa
Bidens pilosa L.,2020,September,October,NA,Bidens pilosa
Bidens pilosa L.,2021,January,NA,NA,Bidens pilosa
Bidens pilosa L.,2021,April,NA,NA,Bidens pilosa
Bidens pilosa L.,2022,October,NA,NA,Bidens pilosa
Bidens subalternans DC.,2022,April,NA,NA,Bidens subalternans
Brachyscome triloba Gaudich.,2020/2021,September,May,NA,Brachyscome triloba
Brachyscome triloba Gaudich.,2021,September,December,NA,Brachyscome triloba
Brachyscome triloba Gaudich.,2022,October,NA,NA,Brachyscome triloba
Calotis cuneifolia R.Br.,2020,April,NA,NA,Calotis cuneifolia
Calotis cuneifolia R.Br.,2020/2021,September,January,NA,Calotis cuneifolia
Calotis cuneifolia R.Br.,2021,May,NA,NA,Calotis cuneifolia
Calotis cuneifolia R.Br.,2021,October,NA,NA,Calotis cuneifolia
Calotis cuneifolia R.Br.,2022,October,NA,NA,Calotis cuneifolia
Calotis lappulacea Benth.,2020,April,NA,NA,Calotis lappulacea
Calotis lappulacea Benth.,2020/2021,September,February,NA,Calotis lappulacea
Calotis lappulacea Benth.,2021,May,NA,NA,Calotis lappulacea
Calotis lappulacea Benth.,2022,October,NA,NA,Calotis lappulacea
Centipeda minima (L.) A.Braun & Asch. subsp. minima,2022,October,NA,NA,Centipeda minima subsp. minima
Chrysocephalum apiculatum (Labill.) Steetz,2021,November,NA,NA,Chrysocephalum apiculatum
Cirsium vulgare (Savi) Ten.,2020,September,NA,NA,Cirsium vulgare
Cirsium vulgare (Savi) Ten.,2021,January,NA,NA,Cirsium vulgare
Cirsium vulgare (Savi) Ten.,2022,October,December,NA,Cirsium vulgare
Cotula australis (Sieber ex Spreng.) Hook.f.,2020,September,October,NA,Cotula australis
Cotula australis (Sieber ex Spreng.) Hook.f.,2021,May,NA,NA,Cotula australis
Cotula australis (Sieber ex Spreng.) Hook.f.,2021,September,November,NA,Cotula australis
Crassocephalum crepidioides (Benth.) S.Moore,2021,September,NA,NA,Crassocephalum crepidioides
Crassocephalum crepidioides (Benth.) S.Moore,2022,November,NA,NA,Crassocephalum crepidioides
Cyanthillium cinereum (L.) H.Rob. var. cinereum,2020,September,November,NA,Cyanthillium cinereum var. cinereum
Cyanthillium cinereum (L.) H.Rob. var. cinereum,2021,October,November,NA,Cyanthillium cinereum var. cinereum
Cyanthillium cinereum (L.) H.Rob. var. cinereum,2022,April,NA,NA,Cyanthillium cinereum var. cinereum
Cyanthillium cinereum (L.) H.Rob. var. cinereum,2022,October,NA,NA,Cyanthillium cinereum var. cinereum
Dimorphotheca ecklonis DC.,2021,November,NA,NA,Dimorphotheca ecklonis
Euryops chrysanthemoides (DC.) B.Nord.,2020,April,NA,NA,Euryops chrysanthemoides
Euryops chrysanthemoides (DC.) B.Nord.,2020,September,NA,NA,Euryops chrysanthemoides
Euryops chrysanthemoides (DC.) B.Nord.,2021,January,NA,NA,Euryops chrysanthemoides
Euryops chrysanthemoides (DC.) B.Nord.,2021,May,NA,NA,Euryops chrysanthemoides
Galinsoga parviflora Cav.,2020/2021,September,January,NA,Galinsoga parviflora
Galinsoga parviflora Cav.,2021,May,July,NA,Galinsoga parviflora
Galinsoga parviflora Cav.,2022,October,NA,NA,Galinsoga parviflora
Glossocardia bidens (Retz.) Veldkamp,2021,March,NA,NA,Glossocardia bidens
Glossocardia bidens (Retz.) Veldkamp,2021,November,NA,NA,Glossocardia bidens
Hypochaeris albiflora (Kuntze) Azevedo-Gonc. & Matzenb.,2020/2021,September,January,NA,Hypochaeris albiflora
Hypochaeris albiflora (Kuntze) Azevedo-Gonc. & Matzenb.,2021,May,NA,NA,Hypochaeris albiflora
Hypochaeris albiflora (Kuntze) Azevedo-Gonc. & Matzenb.,2021,September,October,NA,Hypochaeris albiflora
Hypochaeris albiflora (Kuntze) Azevedo-Gonc. & Matzenb.,2022,October,NA,NA,Hypochaeris albiflora
Hypochaeris glabra L.,2020,December,NA,NA,Hypochaeris glabra
Hypochaeris radicata L.,2020,September,October,NA,Hypochaeris radicata
Hypochaeris radicata L.,2021,June,NA,NA,Hypochaeris radicata
Lactuca saligna L.,2020,October,NA,NA,Lactuca saligna
Lactuca serriola L.,2020,September,NA,NA,Lactuca serriola
Lactuca virosa L.,2020,November,NA,NA,Lactuca virosa
Lagenophora sublyrata (Cass.) A.R.Bean & Jian Wang ter,2021,April,NA,NA,Lagenophora sublyrata
Lagenophora sublyrata (Cass.) A.R.Bean & Jian Wang ter,2021/2022,December,February,NA,Lagenophora sublyrata
Lagenophora sublyrata (Cass.) A.R.Bean & Jian Wang ter,2022,October,NA,NA,Lagenophora sublyrata
Senecio hispidulus A.Rich.,2020,September,October,NA,Senecio hispidulus
Senecio hispidulus A.Rich.,2021,October,NA,NA,Senecio hispidulus
Senecio madagascariensis Poir.,2020,September,November,NA,Senecio madagascariensis
Senecio madagascariensis Poir.,2021,June,September,NA,Senecio madagascariensis
Senecio pinnatifolius A.Rich. var. pinnatifolius,2020,September,October,NA,Senecio pinnatifolius var. pinnatifolius
Senecio pinnatifolius A.Rich. var. pinnatifolius,2021,January,NA,NA,Senecio pinnatifolius var. pinnatifolius
Senecio pinnatifolius A.Rich. var. pinnatifolius,2021,June,NA,NA,Senecio pinnatifolius var. pinnatifolius
Sigesbeckia orientalis L.,2020,October,NA,NA,Sigesbeckia orientalis
Sigesbeckia orientalis L.,2021,April,NA,NA,Sigesbeckia orientalis
Sigesbeckia orientalis L.,2021,November,NA,NA,Sigesbeckia orientalis
Sigesbeckia orientalis L.,2022,October,NA,NA,Sigesbeckia orientalis
Solenogyne bellioides Cass.,2020/2021,November,May,NA,Solenogyne bellioides
Solenogyne dominii L.G.Adams,2021,November,NA,NA,Solenogyne dominii
Sonchus oleraceus L.,2020,September,November,NA,Sonchus oleraceus
Sonchus oleraceus L.,2021,January,NA,NA,Sonchus oleraceus
Sonchus oleraceus L.,2021,June,October,NA,Sonchus oleraceus
Symphyotrichum subulatum (Michx.) G.L.Nesom,2021,March,NA,NA,Symphyotrichum subulatum
Taraxacum officinale F.H.Wigg.,2020,September,November,NA,Taraxacum officinale
Taraxacum officinale F.H.Wigg.,2021,June,July,NA,Taraxacum officinale
Triptilodiscus pygmaeus Turcz.,2022,October,November,NA,Triptilodiscus pygmaeus
Urospermum picroides (L.) Scop. ex F.W.Schmidt,2021,September,November,NA,Urospermum picroides
Urospermum picroides (L.) Scop. ex F.W.Schmidt,2022,October,NA,NA,Urospermum picroides
Vittadinia sulcata N.T.Burb.,2020,November,NA,NA,Vittadinia sulcata
Brassica fruticulosa Cirillo,2020,April,NA,NA,Brassica fruticulosa
Brassica fruticulosa Cirillo,2020/2021,September,January,NA,Brassica fruticulosa
Brassica fruticulosa Cirillo,2021,May,July,NA,Brassica fruticulosa
Brassica oleracea L.,2020,September,October,NA,Brassica oleracea
Brassica oleracea L.,2021,September,October,NA,Brassica oleracea
Brassica x napus L.,2021,August,NA,NA,Brassica x napus
Capsella bursa-pastoris (L.) Medik.,2020,September,October,NA,Capsella bursa-pastoris
Capsella bursa-pastoris (L.) Medik.,2021,January,NA,NA,Capsella bursa-pastoris
Capsella bursa-pastoris (L.) Medik.,2021,June,September,NA,Capsella bursa-pastoris
Capsella bursa-pastoris (L.) Medik.,2022,October,NA,NA,Capsella bursa-pastoris
Cardamine hirsuta L.,2020,September,NA,NA,Cardamine hirsuta
Cardamine hirsuta L.,2021,May,NA,NA,Cardamine hirsuta
Cardamine hirsuta L.,2021,August,NA,NA,Cardamine hirsuta
Cardamine paucijuga Turcz.,2020,September,NA,NA,Cardamine paucijuga
Raphanus raphanistrum L.,2021,November,NA,NA,Raphanus raphanistrum
Lobelia anceps L.f.,2021,January,NA,NA,Lobelia anceps
Lobelia purpurascens R.Br.,2020,November,NA,NA,Lobelia purpurascens
Lobelia purpurascens R.Br.,2021,November,NA,NA,Lobelia purpurascens
Lobelia purpurascens R.Br.,2022,October,NA,NA,Lobelia purpurascens
Canna indica L.,2020,April,NA,NA,Canna indica
Canna indica L.,2020/2021,September,January,NA,Canna indica
Canna indica L.,2022,October,NA,NA,Canna indica
Cerastium glomeratum Thuill.,2020,September,NA,NA,Cerastium glomeratum
Paronychia brasiliana DC.,2020,September,NA,NA,Paronychia brasiliana
Petrorhagia dubia (Raf.) G.Lopez & Romo,2020,September,NA,NA,Petrorhagia dubia
Petrorhagia nanteuilii (Burnat) P.W.Ball & Heywood,2020,September,NA,NA,Petrorhagia nanteuilii
Petrorhagia nanteuilii (Burnat) P.W.Ball & Heywood,2020,December,NA,NA,Petrorhagia nanteuilii
Petrorhagia nanteuilii (Burnat) P.W.Ball & Heywood,2021,September,NA,NA,Petrorhagia nanteuilii
Silene gallica L. var. gallica,2020,September,NA,NA,Silene gallica var. gallica
Silene gallica L. var. gallica,2021,October,NA,NA,Silene gallica var. gallica
Stellaria media (L.) Vill.,2020,September,NA,NA,Stellaria media
Stellaria media (L.) Vill.,2021,January,NA,NA,Stellaria media
Stellaria media (L.) Vill.,2022,October,NA,NA,Stellaria media
Stackhousia muricata Lindl.,2021,November,December,NA,Stackhousia muricata
Tradescantia fluminensis Vell.,2020,September,October,NA,Tradescantia fluminensis
Tradescantia fluminensis Vell.,2021,September,NA,NA,Tradescantia fluminensis
Tradescantia fluminensis Vell.,2022,September,October,NA,Tradescantia fluminensis
Tradescantia fluminensis Vell.,2023,January,NA,NA,Tradescantia fluminensis
Dichondra repens J.R.Forst. & G.Forst.,2020,September,NA,NA,Dichondra repens
Dichondra repens J.R.Forst. & G.Forst.,2021,September,NA,NA,Dichondra repens
Drosera lunata Buch.-Ham. ex DC.,2022,October,NA,NA,Drosera lunata
Euphorbia maculata L.,2021,January,February,NA,Euphorbia maculata
Euphorbia prostrata Aiton,2021,April,NA,NA,Euphorbia prostrata
Euphorbia serpens Kunth,2020,September,NA,NA,Euphorbia serpens
Euphorbia serpens Kunth,2021,January,NA,NA,Euphorbia serpens
Lotus angustissimus L.,2020,September,NA,NA,Lotus angustissimus
Lotus angustissimus L.,2021,September,October,NA,Lotus angustissimus
Lotus subbiflorus Lag.,2020,September,November,NA,Lotus subbiflorus
Medicago lupulina L.,2020,November,NA,NA,Medicago lupulina
Medicago polymorpha L.,2020,September,November,NA,Medicago polymorpha
Trifolium campestre Schreb.,2020,November,NA,NA,Trifolium campestre
Trifolium dubium Sibth.,2020,September,November,NA,Trifolium dubium
Trifolium glomeratum L.,2020,September,NA,NA,Trifolium glomeratum
Trifolium repens L.,2020,September,NA,NA,Trifolium repens
Vicia hirsuta (L.) Gray,2020,September,NA,NA,Vicia hirsuta
Vicia sativa L.,2020,September,October,NA,Vicia sativa
Vicia sativa L.,2021,October,NA,NA,Vicia sativa
Vicia sativa L.,2022,September,NA,NA,Vicia sativa
Vicia tetrasperma (L.) Schreb.,2021,February,NA,NA,Vicia tetrasperma
Zornia dyctiocarpa DC.,2021,February,NA,NA,Zornia dyctiocarpa
Zornia dyctiocarpa DC.,2021/2022,November,April,NA,Zornia dyctiocarpa
Zornia dyctiocarpa DC.,2022,October,NA,NA,Zornia dyctiocarpa
Centaurium erythraea Rafn,2020,September,November,NA,Centaurium erythraea
Centaurium erythraea Rafn,2021,January,NA,NA,Centaurium erythraea
Centaurium erythraea Rafn,2021,October,NA,NA,Centaurium erythraea
Centaurium tenuiflorum (Hoffmanns. & Link) Fritsch,2020,October,November,NA,Centaurium tenuiflorum
Centaurium tenuiflorum (Hoffmanns. & Link) Fritsch,2021,January,NA,NA,Centaurium tenuiflorum
Centaurium tenuiflorum (Hoffmanns. & Link) Fritsch,2022,December,NA,NA,Centaurium tenuiflorum
Geranium solanderi Carolin var. solanderi,2020,November,NA,NA,Geranium solanderi var. solanderi
Geranium solanderi Carolin var. solanderi,2021,September,NA,NA,Geranium solanderi var. solanderi
Pelargonium inodorum Willd.,2020,September,October,NA,Pelargonium inodorum
Pelargonium inodorum Willd.,2022,October,NA,NA,Pelargonium inodorum
Goodenia hederacea Sm. subsp. hederacea,2020/2021,September,June,NA,Goodenia hederacea subsp. hederacea
Goodenia hederacea Sm. subsp. hederacea,2021,October,November,NA,Goodenia hederacea subsp. hederacea
Goodenia hederacea Sm. subsp. hederacea,2022,October,NA,NA,Goodenia hederacea subsp. hederacea
Goodenia paniculata Sm.,2020,November,NA,NA,Goodenia paniculata
Goodenia paniculata Sm.,2021,January,NA,NA,Goodenia paniculata
Goodenia paniculata Sm.,2021,November,NA,NA,Goodenia paniculata
Goodenia paniculata Sm.,2022,April,NA,NA,Goodenia paniculata
Gonocarpus humilis Orchard,2022,October,NA,NA,Gonocarpus humilis
Caesia parviflora R.Br.,2020,September,November,NA,Caesia parviflora
Caesia parviflora R.Br.,2021,October,December,NA,Caesia parviflora
Caesia parviflora R.Br.,2022,October,NA,NA,Caesia parviflora
Hypoxis hygrometrica var. villosisepala R.J.F.Hend.,2021,March,April,NA,Hypoxis hygrometrica var. villosisepala
Hypoxis hygrometrica var. villosisepala R.J.F.Hend.,2021,December,NA,NA,Hypoxis hygrometrica var. villosisepala
Hypoxis hygrometrica var. villosisepala R.J.F.Hend.,2022,February,April,NA,Hypoxis hygrometrica var. villosisepala
Crocosmia x crocosmiiflora (Lemoine ex É.Morren) N.E.Br.,2021,January,NA,NA,Crocosmia x crocosmiiflora
Crocosmia x crocosmiiflora (Lemoine ex É.Morren) N.E.Br.,2023,January,NA,NA,Crocosmia x crocosmiiflora
Dietes grandiflora N.E.Br.,2020,September,NA,NA,Dietes grandiflora
Dietes grandiflora N.E.Br.,2021,October,December,NA,Dietes grandiflora
Freesia hybrid,2020,September,NA,NA,Freesia hybrid
Freesia hybrid,2021,August,NA,NA,Freesia hybrid
Freesia hybrid,2022,September,NA,NA,Freesia hybrid
Gladiolus undulatus L.,2020,November,NA,NA,Gladiolus undulatus
Romulea rosea var. australis (Ewart) M.P.de Vos,2020,September,NA,NA,Romulea rosea var. australis
Romulea rosea var. australis (Ewart) M.P.de Vos,2021,August,September,NA,Romulea rosea var. australis
Romulea rosea var. australis (Ewart) M.P.de Vos,2022,September,NA,NA,Romulea rosea var. australis
Sisyrinchium rosulatum E.P.Bicknell,2022,October,NA,NA,Sisyrinchium rosulatum
Watsonia meriana var. bulbillifera (J.W.Mathews & L.Bolus) D.A.Cooke,2021,October,NA,NA,Watsonia meriana var. bulbillifera
Watsonia meriana var. bulbillifera (J.W.Mathews & L.Bolus) D.A.Cooke,2022,October,NA,NA,Watsonia meriana var. bulbillifera
Lamium amplexicaule L.,2020,September,NA,NA,Lamium amplexicaule
Lamium amplexicaule L.,2021,August,October,NA,Lamium amplexicaule
Lamium amplexicaule L.,2022,October,NA,NA,Lamium amplexicaule
Mentha diemenica Spreng.,2021,May,NA,NA,Mentha diemenica
Salvia hispanica L.,2021,August,NA,NA,Salvia hispanica
Scutellaria racemosa Pers.,2020,October,NA,NA,Scutellaria racemosa
Scutellaria racemosa Pers.,2021,January,NA,NA,Scutellaria racemosa
Scutellaria racemosa Pers.,2022,October,NA,NA,Scutellaria racemosa
Stachys arvensis (L.) L.,2020,September,November,NA,Stachys arvensis
Stachys arvensis (L.) L.,2021,June,NA,NA,Stachys arvensis
Linum marginale A.Cunn.,2020/2021,September,February,NA,Linum marginale
Linum marginale A.Cunn.,2021,September,November,NA,Linum marginale
Linum marginale A.Cunn.,2022,September,October,NA,Linum marginale
Linum trigynum L.,2020,September,November,NA,Linum trigynum
Linum trigynum L.,2021,January,NA,NA,Linum trigynum
Linum trigynum L.,2021,October,NA,NA,Linum trigynum
Linum trigynum L.,2022,September,NA,NA,Linum trigynum
Lythrum hyssopifolia L.,2020,October,NA,NA,Lythrum hyssopifolia
Lythrum hyssopifolia L.,2022,October,NA,NA,Lythrum hyssopifolia
Malva nicaeensis All.,2020,November,NA,NA,Malva nicaeensis
Malva nicaeensis All.,2022,October,NA,NA,Malva nicaeensis
Malva parviflora L.,2020,September,NA,NA,Malva parviflora
Malva parviflora L.,2021,January,NA,NA,Malva parviflora
Modiola caroliniana (L.) G.Don,2020,September,NA,NA,Modiola caroliniana
Mirabilis jalapa L.,2021,February,May,NA,Mirabilis jalapa
Epilobium billardiereanum subsp. cinereum (A.Rich.) P.H.Raven & Engelhorn,2020/2021,November,January,NA,Epilobium billardiereanum subsp. cinereum
Epilobium billardiereanum subsp. cinereum (A.Rich.) P.H.Raven & Engelhorn,2021,October,November,NA,Epilobium billardiereanum subsp. cinereum
Epilobium billardiereanum subsp. cinereum (A.Rich.) P.H.Raven & Engelhorn,2023,January,NA,NA,Epilobium billardiereanum subsp. cinereum
Epilobium ciliatum Raf.,2022,October,NA,NA,Epilobium ciliatum
Epilobium hirsutum L.,2021,February,NA,NA,Epilobium hirsutum
Oenothera indecora subsp. bonariensis W.Dietr.,2020,November,NA,NA,Oenothera indecora subsp. bonariensis
Dipodium punctatum (Sm.) R.Br.,2020/2021,December,February,NA,Dipodium punctatum
Dipodium punctatum (Sm.) R.Br.,2021/2022,November,NA,NA,Dipodium punctatum
Dipodium punctatum (Sm.) R.Br.,2023,January,NA,NA,Dipodium punctatum
Diuris maculata Sm.,2021,August,NA,NA,Diuris maculata
Pterostylis oblonga D.L.Jones,2021,August,October,NA,Pterostylis oblonga
Pterostylis nutans R.Br.,2021,May,August,NA,Pterostylis nutans
Pterostylis nutans R.Br.,2022,September,NA,NA,Pterostylis nutans
Pterostylis rufa R.Br.,2021,September,December,NA,Pterostylis rufa
Oxalis corniculata L.,2020,September,November,NA,Oxalis corniculata
Oxalis corniculata L.,2021,September,NA,NA,Oxalis corniculata
Oxalis corniculata L.,2022,October,NA,NA,Oxalis corniculata
Oxalis debilis var. corymbosa (DC.) Lourteig,2021,October,November,NA,Oxalis debilis var. corymbosa
Oxalis latifolia Kunth,2021,January,March,NA,Oxalis latifolia
Oxalis pes-caprae L.,2021,May,June,NA,Oxalis pes-caprae
Oxalis pes-caprae L.,2022,October,NA,NA,Oxalis pes-caprae
Oxalis thompsoniae B.J.Conn & P.G.Richards,2021,December,NA,NA,Oxalis thompsoniae
Fumaria bastardii Boreau,2020,September,NA,NA,Fumaria bastardii
Fumaria muralis Sond. ex W.D.J.Koch subsp. muralis,2020,April,NA,NA,Fumaria muralis subsp. muralis
Fumaria muralis Sond. ex W.D.J.Koch subsp. muralis,2020,September,November,NA,Fumaria muralis subsp. muralis
Papaver dubium L.,2021,November,NA,NA,Papaver dubium
Phyllanthus tenellus Roxb.,2021,February,NA,NA,Phyllanthus tenellus
Phyllanthus tenellus Roxb.,2021,December,NA,NA,Phyllanthus tenellus
Poranthera microphylla Brongn.,2020,September,November,NA,Poranthera microphylla
Poranthera microphylla Brongn.,2021,August,November,NA,Poranthera microphylla
Poranthera microphylla Brongn.,2022,September,October,NA,Poranthera microphylla
Phytolacca octandra L.,2020,November,NA,NA,Phytolacca octandra
Gratiola pedunculata R.Br.,2022,October,NA,NA,Gratiola pedunculata
Misopates orontium (L.) Raf.,2020,September,November,NA,Misopates orontium
Misopates orontium (L.) Raf.,2021,September,October,NA,Misopates orontium
Plantago debilis R.Br.,2021,April,May,NA,Plantago debilis
Plantago debilis R.Br.,2021,October,NA,NA,Plantago debilis
Veronica anagallis-aquatica L.,2020,November,NA,NA,Veronica anagallis-aquatica
Veronica arvensis L.,2020,September,NA,NA,Veronica arvensis
Veronica arvensis L.,2021,October,NA,NA,Veronica arvensis
Veronica arvensis L.,2022,October,NA,NA,Veronica arvensis
Veronica persica Poir.,2020,September,November,NA,Veronica persica
Veronica persica Poir.,2021,February,NA,NA,Veronica persica
Veronica persica Poir.,2021,August,NA,NA,Veronica persica
Veronica persica Poir.,2022,October,NA,NA,Veronica persica
Veronica plebeia R.Br.,2020,November,NA,NA,Veronica plebeia
Veronica plebeia R.Br.,2021,November,NA,NA,Veronica plebeia
Persicaria lapathifolia (L.) Delarbre,2021,February,NA,NA,Persicaria lapathifolia
Persicaria lapathifolia (L.) Delarbre,2021,August,NA,NA,Persicaria lapathifolia
Polygonum aviculare L.,2020,September,NA,NA,Polygonum aviculare
Polygonum aviculare L.,2021,February,May,NA,Polygonum aviculare
Polygonum aviculare L.,2022,October,NA,NA,Polygonum aviculare
Portulaca oleracea L.,2021,February,NA,NA,Portulaca oleracea
Lysimachia arvensis (L.) U.Manns & Anderb.,2020,September,October,NA,Lysimachia arvensis
Lysimachia arvensis (L.) U.Manns & Anderb.,2021,August,December,NA,Lysimachia arvensis
Ranunculus sceleratus L.,2022,September,NA,NA,Ranunculus sceleratus
Galium aparine L.,2020,September,October,NA,Galium aparine
Galium leiocarpum I.Thomps.,2021,September,NA,NA,Galium leiocarpum
Galium leiocarpum I.Thomps.,2022,October,NA,NA,Galium leiocarpum
Ruta chalepensis L.,2022,October,NA,NA,Ruta chalepensis
Verbascum virgatum Stokes,2021,November,NA,NA,Verbascum virgatum
Solanum americanum Mill.,2020,September,November,NA,Solanum americanum
Solanum americanum Mill.,2021,July,NA,NA,Solanum americanum
Solanum chenopodioides Lam.,2021,July,August,NA,Solanum chenopodioides
Solanum chenopodioides Lam.,2022,October,NA,NA,Solanum chenopodioides
Solanum sisymbriifolium Lam.,2020,September,NA,NA,Solanum sisymbriifolium
Talinum paniculatum (Jacq.) Gaertn.,2021,March,NA,NA,Talinum paniculatum
Tropaeolum majus L.,2020,April,NA,NA,Tropaeolum majus
Tropaeolum majus L.,2020/2021,September,January,NA,Tropaeolum majus
Tropaeolum majus L.,2021,May,September,NA,Tropaeolum majus
Tropaeolum majus L.,2022,September,October,NA,Tropaeolum majus
Gomphocarpus physocarpus E.Mey.,2021,November,NA,NA,Gomphocarpus physocarpus
Polyscias sambucifolia subsp. Long leaflets (P.G.Neish 208) Vic. Herbarium,2020,December,NA,NA,Polyscias sambucifolia subsp. Long leaflets (P.G.Neish 208)
Polyscias sambucifolia subsp. Long leaflets (P.G.Neish 208) Vic. Herbarium,2021,December,NA,NA,Polyscias sambucifolia subsp. Long leaflets (P.G.Neish 208)
Asparagus aethiopicus L.,2020,November,NA,NA,Asparagus aethiopicus
Asparagus aethiopicus L.,2021,February,NA,NA,Asparagus aethiopicus
Olearia microphylla (Vent.) Maiden & Betche,2020,August,September,NA,Olearia microphylla
Olearia microphylla (Vent.) Maiden & Betche,2021,August,September,NA,Olearia microphylla
Olearia microphylla (Vent.) Maiden & Betche,2021,November,NA,spot flowering,Olearia microphylla
Olearia viscidula (F.Muell.) Benth.,2021,September,NA,NA,Olearia viscidula
Olearia viscidula (F.Muell.) Benth.,2022,October,NA,NA,Olearia viscidula
Denhamia silvestris (Lander & L.A.S.Johnson) M.P.Simmons,2020,November,NA,NA,Denhamia silvestris
Denhamia silvestris (Lander & L.A.S.Johnson) M.P.Simmons,2021,August,NA,spot flowering,Denhamia silvestris
Denhamia silvestris (Lander & L.A.S.Johnson) M.P.Simmons,2021,October,November,NA,Denhamia silvestris
Leucopogon affinis R.Br.,2021,August,September,NA,Leucopogon affinis
Acacia falcata Willd.,2020,April,May,NA,Acacia falcata
Acacia falcata Willd.,2021,April,May,NA,Acacia falcata
Acacia falcata Willd.,2022,April,NA,NA,Acacia falcata
Acacia longifolia (Andrews) Willd. subsp. longifolia,2020,September,NA,NA,Acacia longifolia subsp. longifolia
Acacia longifolia (Andrews) Willd. subsp. longifolia,2021,June,August,NA,Acacia longifolia subsp. longifolia
Acacia pubescens (Vent.) R.Br.,2020,September,NA,NA,Acacia pubescens
Acacia pubescens (Vent.) R.Br.,2021,September,NA,NA,Acacia pubescens
Acacia pubescens (Vent.) R.Br.,2022,September,NA,NA,Acacia pubescens
Acacia ulicifolia (Salisb.) Court,2020,September,NA,NA,Acacia ulicifolia
Acacia ulicifolia (Salisb.) Court,2021,September,NA,NA,Acacia ulicifolia
Daviesia ulicifolia Andrews,2020,September,NA,NA,Daviesia ulicifolia
Daviesia ulicifolia Andrews,2021,May,September,NA,Daviesia ulicifolia
Daviesia ulicifolia Andrews,2021,December,NA,spot flowering,Daviesia ulicifolia
Daviesia ulicifolia Andrews,2022,April,NA,spot flowering,Daviesia ulicifolia
Genista monspessulana (L.) L.A.S.Johnson,2021,July,October,NA,Genista monspessulana
Genista monspessulana (L.) L.A.S.Johnson,2022,October,NA,NA,Genista monspessulana
Indigofera australis Willd. subsp. australis,2020,September,NA,NA,Indigofera australis subsp. australis
Indigofera australis Willd. subsp. australis,2021,July,October,NA,Indigofera australis subsp. australis
Indigofera australis Willd. subsp. australis,2022,September,NA,NA,Indigofera australis subsp. australis
Pultenaea villosa Willd.,2020,September,October,NA,Pultenaea villosa
Pultenaea villosa Willd.,2021,June,November,NA,Pultenaea villosa
Senna pendula var. glabrata (Vogel) H.S.Irwin & Barneby,2020,April,NA,NA,Senna pendula var. glabrata
Senna pendula var. glabrata (Vogel) H.S.Irwin & Barneby,2020,November,NA,NA,Senna pendula var. glabrata
Senna pendula var. glabrata (Vogel) H.S.Irwin & Barneby,2021,January,February,NA,Senna pendula var. glabrata
Amyema gaudichaudii (DC.) Tiegh.,2020,November,NA,NA,Amyema gaudichaudii
Amyema gaudichaudii (DC.) Tiegh.,2021,September,November,NA,Amyema gaudichaudii
Amyema miquelii (Lehm. ex Miq.) Tiegh.,2020,November,December,NA,Amyema miquelii
Amyema miquelii (Lehm. ex Miq.) Tiegh.,2021,November,NA,NA,Amyema miquelii
Dendrophthoe vitellina (F.Muell.) Tiegh.,2020,October,November,NA,Dendrophthoe vitellina
Dendrophthoe vitellina (F.Muell.) Tiegh.,2021,September,November,NA,Dendrophthoe vitellina
Callistemon linearifolius (Link) DC.,2020,October,November,NA,Callistemon linearifolius
Callistemon linearifolius (Link) DC.,2021,June,NA,spot flowering,Callistemon linearifolius
Callistemon linearis (Schrad. & J.C.Wendl.) Colvill ex Sweet,2020,October,November,NA,Callistemon linearis
Callistemon linearis (Schrad. & J.C.Wendl.) Colvill ex Sweet,2021,May,NA,spot flowering,Callistemon linearis
Callistemon linearis (Schrad. & J.C.Wendl.) Colvill ex Sweet,2021,October,November,NA,Callistemon linearis
Callistemon pinifolius (J.C.Wendl.) Sweet,2020,October,November,NA,Callistemon pinifolius
Callistemon pinifolius (J.C.Wendl.) Sweet,2021,May,NA,spot flowering,Callistemon pinifolius
Callistemon pinifolius (J.C.Wendl.) Sweet,2021,October,November,NA,Callistemon pinifolius
Callistemon pinifolius (J.C.Wendl.) Sweet,2022,October,NA,NA,Callistemon pinifolius
Kunzea ambigua (Sm.) Druce,2020,October,December,NA,Kunzea ambigua
Kunzea ambigua (Sm.) Druce,2021,March,NA,spot flowering,Kunzea ambigua
Kunzea ambigua (Sm.) Druce,2021,July,NA,spot flowering,Kunzea ambigua
Kunzea ambigua (Sm.) Druce,2021,October,November,NA,Kunzea ambigua
Kunzea ambigua (Sm.) Druce,2022,November,NA,NA,Kunzea ambigua
Leptospermum polygalifolium Salisb. subsp. polygalifolium,2020,November,NA,NA,Leptospermum polygalifolium subsp. polygalifolium
Leptospermum polygalifolium Salisb. subsp. polygalifolium,2021,November,NA,NA,Leptospermum polygalifolium subsp. polygalifolium
Leptospermum trinervium (Sm.) Joy Thomps.,2020,October,November,NA,Leptospermum trinervium
Melaleuca nodosa (Sol. ex Gaertn.) Sm.,2020,September,October,NA,Melaleuca nodosa
Melaleuca nodosa (Sol. ex Gaertn.) Sm.,2021,September,October,NA,Melaleuca nodosa
Ochna serrulata (Hochst.) Walp.,2020,September,NA,NA,Ochna serrulata
Ochna serrulata (Hochst.) Walp.,2021,August,NA,NA,Ochna serrulata
Ochna serrulata (Hochst.) Walp.,2021,December,NA,NA,Ochna serrulata
Ligustrum sinense Lour.,2020,October,NA,NA,Ligustrum sinense
Ligustrum sinense Lour.,2021,June,NA,NA,Ligustrum sinense
Ligustrum sinense Lour.,2022,October,NA,NA,Ligustrum sinense
Ludwigia peruviana (L.) H.Hara,2020,November,NA,NA,Ludwigia peruviana
Phyllanthus gunnii Hook.f.,2022,October,NA,NA,Phyllanthus gunnii
Bursaria spinosa Cav. subsp. spinosa,2021,January,NA,NA,Bursaria spinosa subsp. spinosa
Bursaria spinosa Cav. subsp. spinosa,2021,May,NA,spot flowering,Bursaria spinosa subsp. spinosa
Bursaria spinosa Cav. subsp. spinosa,2022,January,NA,NA,Bursaria spinosa subsp. spinosa
Pittosporum revolutum W.T.Aiton,2020,September,NA,NA,Pittosporum revolutum
Pittosporum revolutum W.T.Aiton,2021,September,October,NA,Pittosporum revolutum
Polygala virgata Thunb.,2021,September,NA,NA,Polygala virgata
Myrsine variabilis R.Br.,2021,July,NA,NA,Myrsine variabilis
Hakea sericea Schrad. & J.C.Wendl.,2021,August,NA,NA,Hakea sericea
Rhamnus alaternus L.,2021,September,NA,NA,Rhamnus alaternus
Cotoneaster glaucophyllus Franch.,2021,November,NA,NA,Cotoneaster glaucophyllus
Correa reflexa (Labill.) Vent. var. reflexa,2021,May,July,NA,Correa reflexa var. reflexa
Murraya paniculata (L.) Jack,2021,February,NA,NA,Murraya paniculata
Zieria smithii Andrews,2020,September,NA,NA,Zieria smithii
Zieria smithii Andrews,2021,June,November,NA,Zieria smithii
Myoporum boninense subsp. australe Chinnock,2021,March,May,NA,Myoporum boninense subsp. australe
Cestrum aurantiacum Lindl.,2020,October,NA,NA,Cestrum aurantiacum
Cestrum aurantiacum Lindl.,2021,July,NA,NA,Cestrum aurantiacum
Cestrum parqui L'Hér.,2020,April,NA,NA,Cestrum parqui
Cestrum parqui L'Hér.,2020,September,October,NA,Cestrum parqui
Solanum pseudocapsicum L.,2020,December,NA,NA,Solanum pseudocapsicum
Solanum pseudocapsicum L.,2021,March,NA,NA,Solanum pseudocapsicum
Solanum pseudocapsicum L.,2021,December,NA,NA,Solanum pseudocapsicum
Solanum pseudocapsicum L.,2022,October,NA,NA,Solanum pseudocapsicum
Lantana camara L.,2020/2021,September,January,NA,Lantana camara
Lantana camara L.,2021,October,NA,NA,Lantana camara
Hibbertia diffusa R.Br. ex DC.,2020,November,NA,NA,Hibbertia diffusa
Hibbertia diffusa R.Br. ex DC.,2021,October,December,NA,Hibbertia diffusa
Hibbertia diffusa R.Br. ex DC.,2022,October,NA,NA,Hibbertia diffusa
Hibbertia pedunculata R.Br. ex DC.,2020,September,October,NA,Hibbertia pedunculata
Hibbertia pedunculata R.Br. ex DC.,2021,September,December,NA,Hibbertia pedunculata
Hibbertia pedunculata R.Br. ex DC.,2022,October,NA,NA,Hibbertia pedunculata
Leucopogon juniperinus R.Br.,2021,May,June,NA,Leucopogon juniperinus
Leucopogon juniperinus R.Br.,2022,April,NA,NA,Leucopogon juniperinus
Lissanthe strigosa (Sm.) R.Br.,2020,September,NA,NA,Lissanthe strigosa
Lissanthe strigosa (Sm.) R.Br.,2021,August,September,NA,Lissanthe strigosa
Acacia brownii (Poir.) Steud.,2020,September,NA,NA,Acacia brownii
Acacia brownii (Poir.) Steud.,2021,August,September,NA,Acacia brownii
Acacia brownii (Poir.) Steud.,2022,September,NA,NA,Acacia brownii
Bossiaea buxifolia A.Cunn.,2020,August,September,NA,Bossiaea buxifolia
Bossiaea buxifolia A.Cunn.,2021,August,September,NA,Bossiaea buxifolia
Chorizema parviflorum Benth.,2020,September,NA,NA,Chorizema parviflorum
Chorizema parviflorum Benth.,2021,December,NA,NA,Chorizema parviflorum
Cuphea hyssopifolia Kunth,2021,December,NA,NA,Cuphea hyssopifolia
Sida rhombifolia L.,2020,October,NA,NA,Sida rhombifolia
Sida rhombifolia L.,2021,February,NA,NA,Sida rhombifolia
Sida rhombifolia L.,2021,October,NA,NA,Sida rhombifolia
Eremophila debilis (Andrews) Chinnock,2020,November,NA,NA,Eremophila debilis
Eremophila debilis (Andrews) Chinnock,2022,February,NA,NA,Eremophila debilis
Lasiopetalum parviflorum Rudge,2021,September,NA,NA,Lasiopetalum parviflorum
Aloe maculata All.,2020,September,NA,NA,Aloe maculata
Opuntia monacantha Haw.,2022,December,NA,NA,Opuntia monacantha
Bryophyllum delagoense (Eckl. & Zeyh.) Schinz,2020,September,October,NA,Bryophyllum delagoense
Bryophyllum delagoense (Eckl. & Zeyh.) Schinz,2021,June,NA,NA,Bryophyllum delagoense
Bryophyllum pinnatum (Lam.) Oken,2021,October,NA,NA,Bryophyllum pinnatum
Crassula multicava Lem.,2020,October,NA,NA,Crassula multicava
Crassula multicava Lem.,2022,September,NA,NA,Crassula multicava
Tecoma stans (L.) Juss. ex Kunth,2020,November,NA,NA,Tecoma stans
Tecoma stans (L.) Juss. ex Kunth,2021,October,NA,NA,Tecoma stans
Casuarina glauca Sieber ex Spreng.,2020,September,NA,NA,Casuarina glauca
Casuarina glauca Sieber ex Spreng.,2021,September,NA,NA,Casuarina glauca
Acacia binervia (J.C.Wendl.) J.F.Macbr.,2021,August,September,NA,Acacia binervia
Acacia decurrens Willd.,2020,September,NA,NA,Acacia decurrens
Acacia decurrens Willd.,2021,July,September,NA,Acacia decurrens
Acacia fimbriata A.Cunn. ex G.Don,2021,July,August,NA,Acacia fimbriata
Acacia implexa Benth.,2021,August,NA,spot flowering,Acacia implexa
Acacia implexa Benth.,2021,December,NA,NA,Acacia implexa
Acacia parramattensis Tindale,2020,November,NA,NA,Acacia parramattensis
Acacia parramattensis Tindale,2021,November,NA,NA,Acacia parramattensis
Acacia parramattensis Tindale,2022/2023,October,January,NA,Acacia parramattensis
Erythrina crista-galli L.,2020,April,NA,NA,Erythrina crista-galli
Erythrina crista-galli L.,2020/2021,October,January,NA,Erythrina crista-galli
Erythrina crista-galli L.,2021,October,NA,NA,Erythrina crista-galli
Hibiscus mutabilis L.,2021,May,NA,NA,Hibiscus mutabilis
Melia azedarach L.,2020,September,October,NA,Melia azedarach
Melia azedarach L.,2021,April,NA,spot flowering,Melia azedarach
Melia azedarach L.,2021,September,October,NA,Melia azedarach
Melia azedarach L.,2022,October,NA,NA,Melia azedarach
Morus alba L.,2021,August,NA,NA,Morus alba
Angophora floribunda (Sm.) Sweet,2020,November,December,NA,Angophora floribunda
Angophora floribunda (Sm.) Sweet,2021,October,November,NA,Angophora floribunda
Callistemon salignus (Sm.) Colvill ex Sweet,2020,October,NA,NA,Callistemon salignus
Callistemon salignus (Sm.) Colvill ex Sweet,2021,May,NA,spot flowering,Callistemon salignus
Callistemon salignus (Sm.) Colvill ex Sweet,2021,September,October,NA,Callistemon salignus
Callistemon salignus (Sm.) Colvill ex Sweet,2022,April,NA,spot flowering,Callistemon salignus
Callistemon viminalis (Sol. ex Gaertn.) G.Don,2020,September,October,NA,Callistemon viminalis
Callistemon viminalis (Sol. ex Gaertn.) G.Don,2021,January,NA,NA,Callistemon viminalis
Callistemon viminalis (Sol. ex Gaertn.) G.Don,2021,October,NA,NA,Callistemon viminalis
Callistemon viminalis (Sol. ex Gaertn.) G.Don,2022,October,NA,NA,Callistemon viminalis
Corymbia citriodora (Hook.) K.D.Hill & L.A.S.Johnson,2020,September,NA,NA,Corymbia citriodora
Corymbia citriodora (Hook.) K.D.Hill & L.A.S.Johnson,2021,June,NA,NA,Corymbia citriodora
Eucalyptus amplifolia Naudin subsp. amplifolia,2021,November,NA,NA,Eucalyptus amplifolia subsp. amplifolia
Eucalyptus capitellata Sm.,2020,September,NA,NA,Eucalyptus capitellata
Eucalyptus eugenioides Sieber ex Spreng.,2020,September,NA,NA,Eucalyptus eugenioides
Eucalyptus eugenioides Sieber ex Spreng.,2021,June,September,NA,Eucalyptus eugenioides
Eucalyptus globoidea Blakely,2021,July,August,NA,Eucalyptus globoidea
Eucalyptus microcorys F.Muell.,2021,October,NA,NA,Eucalyptus microcorys
Eucalyptus moluccana Roxb.,2021,January,March,NA,Eucalyptus moluccana
Eucalyptus robusta Sm.,2021,May,June,NA,Eucalyptus robusta
Eucalyptus tereticornis Sm.,2021,October,NA,NA,Eucalyptus tereticornis
Eucalyptus umbra R.T.Baker,2021,May,NA,NA,Eucalyptus umbra
Eucalyptus umbra R.T.Baker,2021,September,NA,NA,Eucalyptus umbra
Melaleuca decora (Salisb.) Britten,2020,November,NA,NA,Melaleuca decora
Melaleuca decora (Salisb.) Britten,2021,August,NA,spot flowering,Melaleuca decora
Melaleuca decora (Salisb.) Britten,2021,December,NA,NA,Melaleuca decora
Melaleuca linariifolia Sm.,2020,October,November,NA,Melaleuca linariifolia
Melaleuca linariifolia Sm.,2021,November,NA,NA,Melaleuca linariifolia
Melaleuca styphelioides Sm.,2020,November,NA,NA,Melaleuca styphelioides
Melaleuca styphelioides Sm.,2021,August,NA,spot flowering,Melaleuca styphelioides
Melaleuca styphelioides Sm.,2021,November,NA,NA,Melaleuca styphelioides
Syzygium floribundum F.Muell.,2020,December,NA,NA,Syzygium floribundum
Tristaniopsis laurina (Sm.) Peter G.Wilson & J.T.Waterh.,2020,December,NA,NA,Tristaniopsis laurina
Notelaea longifolia Vent. f. longifolia,2021,March,June,NA,Notelaea longifolia f. longifolia
Hymenosporum flavum (Hook.) F.Muell.,2021,November,NA,NA,Hymenosporum flavum
Pittosporum undulatum Vent.,2020,September,NA,NA,Pittosporum undulatum
Pittosporum undulatum Vent.,2021,August,September,NA,Pittosporum undulatum
Grevillea robusta A.Cunn. ex R.Br.,2021,October,NA,NA,Grevillea robusta
Persoonia linearis Andrews,2020,November,NA,NA,Persoonia linearis
Persoonia linearis Andrews,2021,June,NA,NA,Persoonia linearis
Rothmannia globosa (Hochst.) Keay,2021,October,NA,NA,Rothmannia globosa
Acer negundo L.,2020,September,NA,NA,Acer negundo
