taxon_name,genus,species,speciesID,soilCanopy,resprouter
Banksia attenuata,Banksia,attenuata,bankatte,canopy,Yes
Banksia candolleana,Banksia,candolleana,bankcand,canopy,Yes
Banksia hookeriana,Banksia,hookeriana,bankhook,canopy,No
Banksia shuttleworthiana,Banksia,shuttleworthiana,bankshut,canopy,Yes
Beaufortia elegans,Beaufortia,elegans,beaueleg,canopy,No
Calytrix depressa,Calytrix,depressa,calydepr,soil,Yes
Calytrix superba,Calytrix,superba,calysupe,soil,Yes
Conospermum unilaterale,Conospermum,unilaterale,conounil,soil,No
Conospermum wycherleyi,Conospermum,wycherleyi,conowych,soil,Yes
Darwinia speciosa,Darwinia,speciosa,darwspec,soil,Yes
Hakea polyanthema,Hakea,polyanthema,hakepoly,canopy,No
Hemiandra pungens,Hemiandra,pungens,hemipung,soil,Yes
Hibbertia hypericoides,Hibbertia,hypericoides,hibbhype,soil,Yes
Hypocalymma xanthopetalum,Hypocalymma,xanthopetalum,hypoxant,soil,Yes
Isopogon tridens,Isopogon,tridens,isoptrid,canopy,Yes
Jacksonia floribunda,Jacksonia,floribunda,jackflor,soil,Yes
Leucopogon conostephioides,Leucopogon,conostephioides,leuccono,soil,No
Leucopogon sp. South Eneabba,Leucopogon,sp. South Eneabba,leucsoen,soil,No
Lysinema ciliatum,Lysinema,ciliatum,lysicili,soil,No
Melaleuca leuropoma,Melaleuca,leuropoma,melaleur,canopy,Yes
Petrophile drummondii,Petrophile,drummondii,petrdrum,canopy,No
Pileanthus filifolius,Pileanthus,filifolius,pilefili,soil,Yes
Synaphea spinulosa,Synaphea,spinulosa,synaspin,soil,Yes
Verticordia densiflora,Verticordia,densiflora,vertdens,soil,Yes
Verticordia grandis,Verticordia,grandis,vertgran,soil,Yes
Xylomelum angustifolium,Xylomelum,angustifolium,xyloangu,canopy,Yes
Astroloma microdonta,Astroloma,microdonta,astrmicr,soil,Yes
Acacia auronitens,Acacia,auronitens,acacauro,soil,Yes
Banksia dallanneyi,Banksia,dallanneyi,bankdall,canopy,Yes
Darwinia neildiana,Darwinia,neildiana,darwneil,soil,Yes
Eremea violacea,Eremea,violacea,eremviol,canopy,Yes
Grevillea sp.,Grevillea,sp.,grevSP,soil,Yes
Daviesia pedunculata,Daviesia,pedunculata,davipedu,soil,Yes
Leucopogon sp. Murdoch,Leucopogon,sp. Murdoch,leucmurd,soil,No
Petrophile macrostachya,Petrophile,macrostachya,petrmacr,canopy,Yes
Astroloma xerophyllum,Astroloma,xerophyllum,astrxero,soil,No
Eremaea beaufortioides,Eremaea,beaufortioides,erembeau,canopy,Yes
Eremaea ectadioclada,Eremaea,ectadioclada,eremecta,canopy,Yes
Allocasuarina humilis,Allocasuarina,humilis,allohumi,canopy,Yes
Hibbertia crassifolia,Hibbertia,crassifolia,hibbcras,soil,Yes
Leptospermum spinescens,Leptospermum,spinescens,leptspin,canopy,Yes
Petrophile brevifolia,Petrophile,brevifolia,petrbrev,canopy,Yes
Stirlingia latifolia,Stirlingia,latifolia,stirlati,soil,Yes
Andersonia heterophylla,Andersonia,heterophylla,andehete,soil,No
Hypocalymma sp.,Hypocalymma,sp.,hypocalSP,soil,Yes
Calothamnus hirsutus,Calothamnus,hirsutus,calohirs,canopy,Yes
Calytrix flavescens,Calytrix,flavescens,calyflav,soil,No
Daviesia divaricata,Daviesia,divaricata,davidiva,soil,Yes
Hakea candolleana,Hakea,candolleana,hakecand,canopy,Yes
Leptospermum oligandrum,Leptospermum,oligandrum,leptolig,soil,Yes
Petrophile axillaris,Petrophile,axillaris,petraxil,canopy,Yes
Pimelea angustifolia,Pimelea,angustifolia,pimeangu,soil,Yes
Acacia pulchella,Acacia,pulchella,acacpulc,soil,No
Calytrix sp.,Calytrix,sp.,calytrixSP,soil,No
Conospermum boreale,Conospermum,boreale,conobore,soil,Yes
Gompholobium tomentosum,Gompholobium,tomentosum,gomptome,soil,No
Jacksonia hakeoides,Jacksonia,hakeoides,jackhake,soil,Yes
Leucopogon sp. Arrowsmith,Leucopogon,sp. Arrowsmith,leucarro,soil,No
Scholtzia laxiflora,Scholtzia,laxiflora,scholaxi,soil,Yes
Leucopogon sp. Northern ciliate,Leucopogon,sp. Northern ciliate,leucnoci,soil,No
Banksia menziesii,Banksia,menziesii,bankmenz,canopy,Yes
Conostephium preissii,Conostephium,preissii,conoprei,soil,Yes
Hakea costata,Hakea,costata,hakecost,canopy,No
Verticordia sp.,Verticordia,sp.,verticordSP,soil,No
Daviesia triflora,Daviesia,triflora,davitrif,soil,Yes
Calytrix chrysantha,Calytrix,chrysantha,calychry,soil,No
Monotaxis grandiflora,Monotaxis,grandiflora,monogran,soil,Yes
Banksia elegans,Banksia,elegans,bankeleg,canopy,Yes
Acacia blakelyi,Acacia,blakelyi,acacblak,soil,No
Banksia leptophylla,Banksia,leptophylla,banklept,canopy,No
Calytrix sapphirina,Calytrix,sapphirina,calysapp,soil,No
Adenanthos cygnorum,Adenanthos,cygnorum,adencygn,soil,No
Verticordia argentea,Verticordia,argentea,vertarge,soil,No
Banksia sessilis,Banksia,sessilis,banksess,canopy,No
Acacia spathulifolia,Acacia,spathulifolia,acacspat,soil,No
Hakea lissocarpha,Hakea,lissocarpha,hakeliss,canopy,Yes
Hakea trifurcata,Hakea,trifurcata,haketrif,canopy,No
Hibbertia spicata,Hibbertia,spicata,hibbspic,soil,Yes
Labichea cassioides,Labichea,cassioides,labicass,soil,Yes
Leucopogon sp. lesueur,Leucopogon,sp. lesueur,leuclesu,soil,No
Melaleuca systena,Melaleuca,systena,melasyst,canopy,Yes
Phyllanthus calycinus,Phyllanthus,calycinus,phylcaly,soil,Yes
Calothamnus quadrifidus,Calothamnus,quadrifidus,caloquad,canopy,Yes
Gastrolobium capitatum,Gastrolobium,capitatum,gastcapi,soil,Yes
Grevillea thelemanniana,Grevillea,thelemanniana,grevthel,soil,Yes
Scholtzia umbellifera,Scholtzia,umbellifera,schoumbe,soil,Yes
Hakea prostrata,Hakea,prostrata,hakepros,canopy,Yes
Olearia sp.,Olearia,sp.,oleariaSP,soil,No
Bossiaea eriocarpa,Bossiaea,eriocarpa,bosserio,soil,No
Cryptandra mutila,Cryptandra,mutila,crypmuti,soil,No
Pimelea sp.,Pimelea,sp.,pimeleaSP,soil,Yes
Conospermum stoechadis,Conospermum,stoechadis,conostoe,soil,Yes
Hibbertia subvaginata,Hibbertia,subvaginata,hibbsubv,soil,No
Jacksonia calcicola,Jacksonia,calcicola,jackcalc,soil,No
Banksia prionotes,Banksia,prionotes,bankprio,canopy,No
Eremaea pauciflora,Eremaea,pauciflora,erempauc,canopy,Yes
Cryptandra pungens,Cryptandra,pungens,cryppung,soil,No
Calothamnus sanguineus,Calothamnus,sanguineus,calosang,canopy,Yes
Acacia lasiocarpa,Acacia,lasiocarpa,acaclasi,soil,No
Beaufortia aestiva,Beaufortia,aestiva,beauaest,canopy,No
Daviesia sp.,Daviesia,sp.,daviesiaSP,soil,Yes
Lasiopetalum drummondii,Lasiopetalum,drummondii,lasidrum,soil,Yes
Andersonia lehmanniana,Andersonia,lehmanniana,andelehm,soil,No
Hakea incrassata,Hakea,incrassata,hakeincr,canopy,Yes
Diplolaena obovata,Diplolaena,obovata,diplobov,soil,Yes
Cryptandra sp.,Cryptandra,sp.,cryptandraSP,soil,No
Cryptandra or Mirbelia sp.,Cryptandra or Mirbelia,sp.,crypt/mirb,soil,No
Persoonia acicularis,Persoonia,acicularis,persacic,soil,Yes
Eremaea asterocarpa,Eremaea,asterocarpa,eremaste,canopy,Yes
Hakea eneabba,Hakea,eneabba,hakeenea,canopy,Yes
Baeckea camphorosmae,Baeckea,camphorosmae,baeccamp,soil,Yes
Thryptomene racemulosa,Thryptomene,racemulosa,thryrace,soil,Yes
Banksia carlinoides,Banksia,carlinoides,bankcarl,canopy,No
Grevillea eriostachya,Grevillea,eriostachya,greverio,soil,Yes
Melaleuca aspalathoides,Melaleuca,aspalathoides,melaaspa,canopy,Yes
Hypocalymma angustifolium,Hypocalymma,angustifolium,hypoangu,soil,Yes
Petrophile megalostegia,Petrophile,megalostegia,petrmega,canopy,Yes
Monotaxis bracteata,Monotaxis,bracteata,monobrac,soil,Yes
Gompholobium confertum,Gompholobium,confertum,gompconf,soil,No
Acacia cavealis,Acacia,cavealis,acaccave,soil,Yes
Cryptandra myriantha,Cryptandra,myriantha,crypmyri,soil,No
Daviesia nudiflora,Daviesia,nudiflora,davinudi,soil,Yes
Acacia latipes,Acacia,latipes,acaclati,soil,Yes
Leucopogon planifolius,Leucopogon,planifolius,leucplan,soil,No
Eucalyptus todtiana,Eucalyptus,todtiana,eucatodt,canopy,Yes
Acacia fagonioides,Acacia,fagonioides,acacfago,soil,Yes
Grevillea polybotrya,Grevillea,polybotrya,grevpoly,soil,No
Daviesia quadrilatera,Daviesia,quadrilatera,daviquad,soil,Yes
Hibbertia huegelii,Hibbertia,huegelii,hibbhueg,soil,Yes
Astroloma pallidum,Astroloma,pallidum,astrpall,soil,Yes
Baeckea grandiflora,Baeckea,grandiflora,baecgran,soil,Yes
Pimelea floribunda,Pimelea,floribunda,pimeflor,soil,Yes
Leucopogon leptanthus,Leucopogon,leptanthus,leuclept,soil,No
Conostephium pendulum,Conostephium,pendulum,conopend,soil,Yes
Banksia tortifolia,Banksia,tortifolia,banktort,canopy,Yes
Hakea psilorrhyncha,Hakea,psilorrhyncha,hakepsil,canopy,No
Leucopogon sp. Bifid Eneabba,Leucopogon,sp. Bifid Eneabba,leucbien,soil,No
Macarthuria australis,Macarthuria,australis,macaaust,soil,Yes
Calytrix fraseri,Calytrix,fraseri,calyfras,soil,No
Verticordia aurea,Verticordia,aurea,vertaure,soil,No
Calytrix eneabbensis,Calytrix,eneabbensis,calyenea,soil,No
Verticordia ovalifolia,Verticordia,ovalifolia,vertoval,soil,Yes
Stachystemon axillaris,Stachystemon,axillaris,stacaxil,soil,No
Actinostrobus acuminatus,Actinostrobus,acuminatus,actiacum,canopy,Yes
Allocasuarina microstachya,Allocasuarina,microstachya,allomicr,canopy,Yes
Verticordia monodelpha,Verticordia,monodelpha,vertmono,soil,No
Astroloma glaucescens,Astroloma,glaucescens,astrglau,soil,Yes
Melaleuca scabrum,Melaleuca,scabrum,melascab,canopy,Yes
Verticordia pennigera,Verticordia,pennigera,vertpenn,soil,Yes
Cristonia biloba,Cristonia,biloba,crisbilo,soil,Yes
Daviesia incrassata,Daviesia,incrassata,daviincr,soil,Yes
Melaleuca trichophylla,Melaleuca,trichophylla,melatric,canopy,Yes
Scholtzia chapmanii,Scholtzia,chapmanii,schochap,soil,Yes
Hakea spathulata,Hakea,spathulata,hakespat,canopy,Yes
unkGen sp.,unkGen,sp.,SP-woodyRS,soil,Yes
Logania sp.,Logania,sp.,loganiaSP,soil,Yes
unkGen sp.,unkGen,sp.,MyrtSP,soil,No
unkGen sp.,unkGen,sp.,SP-woody,soil,No
unkGen sp.,unkGen,sp.,SP-woodyNS,soil,No
