original_name,cleaned_name,aligned_name,taxonomic_dataset,taxon_rank,aligned_reason,alignment_code
Acacia spp,Acacia sp.,"Acacia sp. [Barrett_2009, Northwest Mosaic]",APC,genus,Exact match of taxon name ending with `sp.` to an APC genus (2025-02-10),match_02a_exact_genus_accepted_or_synonym
Acacia spp,Acacia sp.,"Acacia sp. [Barrett_2009, Yilgarn East]",APC,genus,Exact match of taxon name ending with `sp.` to an APC genus (2025-02-10),match_02a_exact_genus_accepted_or_synonym
Atriplex spp,Atriplex sp.,"Atriplex sp. [Barrett_2009, Yilgarn East]",APC,genus,Exact match of taxon name ending with `sp.` to an APC genus (2025-02-10),match_02a_exact_genus_accepted_or_synonym
Baumea spp,Baumea sp.,"Baumea sp. [Barrett_2009, Forest Mosaic]",APC,genus,Exact match of taxon name ending with `sp.` to an APC genus (2025-02-10),match_02a_exact_genus_accepted_or_synonym
Boronia sp..,Boronia sp.,"Boronia sp. [Barrett_2009, Albany Fraser Inland East]",APC,genus,Exact match of taxon name ending with `sp.` to an APC genus (2025-02-10),match_02a_exact_genus_accepted_or_synonym
Borya sp..,Borya sp.,"Borya sp. [Barrett_2009, Albany Fraser Inland East]",APC,genus,Exact match of taxon name ending with `sp.` to an APC genus (2025-02-10),match_02a_exact_genus_accepted_or_synonym
Borya spp,Borya sp.,"Borya sp. [Barrett_2009, Yilgarn East]",APC,genus,Exact match of taxon name ending with `sp.` to an APC genus (2025-02-10),match_02a_exact_genus_accepted_or_synonym
Daviesia spp,Daviesia sp.,"Daviesia sp. [Barrett_2009, Nuytsland]",APC,genus,Exact match of taxon name ending with `sp.` to an APC genus (2025-02-10),match_02a_exact_genus_accepted_or_synonym
Eremophila spp,Eremophila sp.,"Eremophila sp. [Barrett_2009, Yilgarn East]",APC,genus,Exact match of taxon name ending with `sp.` to an APC genus (2025-02-10),match_02a_exact_genus_accepted_or_synonym
Eucalyptus spp,Eucalyptus sp.,"Eucalyptus sp. [Barrett_2009, Esperance Sandplain West]",APC,genus,Exact match of taxon name ending with `sp.` to an APC genus (2025-02-10),match_02a_exact_genus_accepted_or_synonym
Eucalyptus spp,Eucalyptus sp.,"Eucalyptus sp. [Barrett_2009, Greenstone]",APC,genus,Exact match of taxon name ending with `sp.` to an APC genus (2025-02-10),match_02a_exact_genus_accepted_or_synonym
Eucalyptus spp,Eucalyptus sp.,"Eucalyptus sp. [Barrett_2009, Nuytsland]",APC,genus,Exact match of taxon name ending with `sp.` to an APC genus (2025-02-10),match_02a_exact_genus_accepted_or_synonym
Eucalyptus spp,Eucalyptus sp.,"Eucalyptus sp. [Barrett_2009, Yilgarn East]",APC,genus,Exact match of taxon name ending with `sp.` to an APC genus (2025-02-10),match_02a_exact_genus_accepted_or_synonym
Frankenia spp,Frankenia sp.,"Frankenia sp. [Barrett_2009, Yilgarn East]",APC,genus,Exact match of taxon name ending with `sp.` to an APC genus (2025-02-10),match_02a_exact_genus_accepted_or_synonym
Grevillea spp,Grevillea sp.,"Grevillea sp. [Barrett_2009, Yilgarn East]",APC,genus,Exact match of taxon name ending with `sp.` to an APC genus (2025-02-10),match_02a_exact_genus_accepted_or_synonym
Juncus spp,Juncus sp.,"Juncus sp. [Barrett_2009, Forest Mosaic]",APC,genus,Exact match of taxon name ending with `sp.` to an APC genus (2025-02-10),match_02a_exact_genus_accepted_or_synonym
Keraudrenia sp..,Keraudrenia sp.,"Keraudrenia sp. [Barrett_2009, Albany Fraser Inland East]",APC,genus,Exact match of taxon name ending with `sp.` to an APC genus (2025-02-10),match_02a_exact_genus_accepted_or_synonym
Leucopogon spp,Leucopogon sp.,"Leucopogon sp. [Barrett_2009, Nuytsland]",APC,genus,Exact match of taxon name ending with `sp.` to an APC genus (2025-02-10),match_02a_exact_genus_accepted_or_synonym
Meeboldina spp,Meeboldina sp.,"Meeboldina sp. [Barrett_2009, Forest Mosaic]",APC,genus,Exact match of taxon name ending with `sp.` to an APC genus (2025-02-10),match_02a_exact_genus_accepted_or_synonym
Melaleuca spp,Melaleuca sp.,"Melaleuca sp. [Barrett_2009, Yilgarn East]",APC,genus,Exact match of taxon name ending with `sp.` to an APC genus (2025-02-10),match_02a_exact_genus_accepted_or_synonym
Schoenus spp,Schoenus sp.,"Schoenus sp. [Barrett_2009, Forest Mosaic]",APC,genus,Exact match of taxon name ending with `sp.` to an APC genus (2025-02-10),match_02a_exact_genus_accepted_or_synonym
Sphaerolobium spp,Sphaerolobium sp.,"Sphaerolobium sp. [Barrett_2009, Forest Mosaic]",APC,genus,Exact match of taxon name ending with `sp.` to an APC genus (2025-02-10),match_02a_exact_genus_accepted_or_synonym
Thomasia sp.,Thomasia sp.,"Thomasia sp. [Barrett_2009, Coastal dynamic]",APC,genus,Exact match of taxon name ending with `sp.` to an APC genus (2025-02-10),match_02a_exact_genus_accepted_or_synonym
Verticordia spp,Verticordia sp.,"Verticordia sp. [Barrett_2009, Nuytsland]",APC,genus,Exact match of taxon name ending with `sp.` to an APC genus (2025-02-10),match_02a_exact_genus_accepted_or_synonym
Verticordia spp,Verticordia sp.,"Verticordia sp. [Barrett_2009, Yilgarn East]",APC,genus,Exact match of taxon name ending with `sp.` to an APC genus (2025-02-10),match_02a_exact_genus_accepted_or_synonym
Westringia spp,Westringia sp.,"Westringia sp. [Barrett_2009, Mallee Lakes]",APC,genus,Exact match of taxon name ending with `sp.` to an APC genus (2025-02-10),match_02a_exact_genus_accepted_or_synonym
Dodanaea spp,Dodanaea sp.,"Dodonaea sp. [Barrett_2009, Nuytsland]",APC,genus,Fuzzy match of taxon name ending with `sp.` to an APC-accepted genus (2025-02-10),match_02b_fuzzy_genus_accepted
Callistachys lanceolatum / sp South Coast,Callistachys lanceolatum / sp. South Coast,"Callistachys sp. [Callistachys lanceolatum / sp. South Coast; Barrett_2009, Forest Mosaic]",APC,genus,Exact match to APC genus. Taxon name includes '/' (slash) indicating an uncertain species identification but an accepted genus and taxon can only be aligned to genus-rank (2025-02-10),match_04a_indecision_accepted_or_synonym_genus
Acacia sulcata subsp. sulcata,Acacia sulcata subsp. sulcata,Acacia sulcata var. sulcata,APC,variety,Fuzzy match of taxon name to an APC-accepted canonical name once punctuation and filler words are removed (2025-02-10),match_05a_fuzzy_accepted_canonical_name
Acacia sulcata subsp. sulcata,Acacia sulcata subsp. sulcata,Acacia sulcata var. sulcata,APC,variety,Fuzzy match of taxon name to an APC-accepted canonical name once punctuation and filler words are removed (2025-02-10),match_05a_fuzzy_accepted_canonical_name
Acacia tryptycha,Acacia tryptycha,Acacia triptycha,APC,species,Fuzzy match of taxon name to an APC-accepted canonical name once punctuation and filler words are removed (2025-02-10),match_05a_fuzzy_accepted_canonical_name
Acacia unifillis,Acacia unifillis,Acacia unifissilis,APC,species,Fuzzy match of taxon name to an APC-accepted canonical name once punctuation and filler words are removed (2025-02-10),match_05a_fuzzy_accepted_canonical_name
Adeanthos cuneatus,Adeanthos cuneatus,Adenanthos cuneatus,APC,species,Fuzzy match of taxon name to an APC-accepted canonical name once punctuation and filler words are removed (2025-02-10),match_05a_fuzzy_accepted_canonical_name
Adenanthos eyri,Adenanthos eyri,Adenanthos eyrei,APC,species,Fuzzy match of taxon name to an APC-accepted canonical name once punctuation and filler words are removed (2025-02-10),match_05a_fuzzy_accepted_canonical_name
Adenanthos labilliardierei,Adenanthos labilliardierei,Adenanthos labillardierei,APC,species,Fuzzy match of taxon name to an APC-accepted canonical name once punctuation and filler words are removed (2025-02-10),match_05a_fuzzy_accepted_canonical_name
Adenanthos sericeous,Adenanthos sericeous,Adenanthos sericeus,APC,species,Fuzzy match of taxon name to an APC-accepted canonical name once punctuation and filler words are removed (2025-02-10),match_05a_fuzzy_accepted_canonical_name
Allocasuarina hystericosa,Allocasuarina hystericosa,Allocasuarina hystricosa,APC,species,Fuzzy match of taxon name to an APC-accepted canonical name once punctuation and filler words are removed (2025-02-10),match_05a_fuzzy_accepted_canonical_name
Allocasuarina microstachys,Allocasuarina microstachys,Allocasuarina microstachya,APC,species,Fuzzy match of taxon name to an APC-accepted canonical name once punctuation and filler words are removed (2025-02-10),match_05a_fuzzy_accepted_canonical_name
Allocasuarina sclerocalda,Allocasuarina sclerocalda,Allocasuarina scleroclada,APC,species,Fuzzy match of taxon name to an APC-accepted canonical name once punctuation and filler words are removed (2025-02-10),match_05a_fuzzy_accepted_canonical_name
Andersonia hammerslyeana,Andersonia hammerslyeana,Andersonia hammersleyana,APC,species,Fuzzy match of taxon name to an APC-accepted canonical name once punctuation and filler words are removed (2025-02-10),match_05a_fuzzy_accepted_canonical_name
Apium prostratum subsp. phillipi,Apium prostratum subsp. phillipi,Apium prostratum subsp. phillipii,APC,subspecies,Fuzzy match of taxon name to an APC-accepted canonical name once punctuation and filler words are removed (2025-02-10),match_05a_fuzzy_accepted_canonical_name
Banksia alliaceae,Banksia alliaceae,Banksia alliacea,APC,species,Fuzzy match of taxon name to an APC-accepted canonical name once punctuation and filler words are removed (2025-02-10),match_05a_fuzzy_accepted_canonical_name
Banksia armata subsp. ignicida,Banksia armata subsp. ignicida,Banksia armata var. ignicida,APC,variety,Fuzzy match of taxon name to an APC-accepted canonical name once punctuation and filler words are removed (2025-02-10),match_05a_fuzzy_accepted_canonical_name
Banksia calyei,Banksia calyei,Banksia caleyi,APC,species,Fuzzy match of taxon name to an APC-accepted canonical name once punctuation and filler words are removed (2025-02-10),match_05a_fuzzy_accepted_canonical_name
Banskia calophylla,Banskia calophylla,Banksia calophylla,APC,species,Fuzzy match of taxon name to an APC-accepted canonical name once punctuation and filler words are removed (2025-02-10),match_05a_fuzzy_accepted_canonical_name
Banksa cirsioides,Banksa cirsioides,Banksia cirsioides,APC,species,Fuzzy match of taxon name to an APC-accepted canonical name once punctuation and filler words are removed (2025-02-10),match_05a_fuzzy_accepted_canonical_name
Banksia cirsiodes,Banksia cirsiodes,Banksia cirsioides,APC,species,Fuzzy match of taxon name to an APC-accepted canonical name once punctuation and filler words are removed (2025-02-10),match_05a_fuzzy_accepted_canonical_name
Banksia dryandoides,Banksia dryandoides,Banksia dryandroides,APC,species,Fuzzy match of taxon name to an APC-accepted canonical name once punctuation and filler words are removed (2025-02-10),match_05a_fuzzy_accepted_canonical_name
Banksia dyandroides,Banksia dyandroides,Banksia dryandroides,APC,species,Fuzzy match of taxon name to an APC-accepted canonical name once punctuation and filler words are removed (2025-02-10),match_05a_fuzzy_accepted_canonical_name
Banksia erythrocaephala,Banksia erythrocaephala,Banksia erythrocephala,APC,species,Fuzzy match of taxon name to an APC-accepted canonical name once punctuation and filler words are removed (2025-02-10),match_05a_fuzzy_accepted_canonical_name
Bnaksia grandis,Bnaksia grandis,Banksia grandis,APC,species,Fuzzy match of taxon name to an APC-accepted canonical name once punctuation and filler words are removed (2025-02-10),match_05a_fuzzy_accepted_canonical_name
Banksia lemmaniana,Banksia lemmaniana,Banksia lemanniana,APC,species,Fuzzy match of taxon name to an APC-accepted canonical name once punctuation and filler words are removed (2025-02-10),match_05a_fuzzy_accepted_canonical_name
Banksia lepidorrhiza,Banksia lepidorrhiza,Banksia lepidorhiza,APC,species,Fuzzy match of taxon name to an APC-accepted canonical name once punctuation and filler words are removed (2025-02-10),match_05a_fuzzy_accepted_canonical_name
Banksia meisnerii,Banksia meisnerii,Banksia meisneri,APC,species,Fuzzy match of taxon name to an APC-accepted canonical name once punctuation and filler words are removed (2025-02-10),match_05a_fuzzy_accepted_canonical_name
Banksia nutans subsp. nutans,Banksia nutans subsp. nutans,Banksia nutans var. nutans,APC,variety,Fuzzy match of taxon name to an APC-accepted canonical name once punctuation and filler words are removed (2025-02-10),match_05a_fuzzy_accepted_canonical_name
Bankisa plumosa subsp. denticulata,Bankisa plumosa subsp. denticulata,Banksia plumosa subsp. denticulata,APC,subspecies,Fuzzy match of taxon name to an APC-accepted canonical name once punctuation and filler words are removed (2025-02-10),match_05a_fuzzy_accepted_canonical_name
Banksia rufa subsp. pumilo,Banksia rufa subsp. pumilo,Banksia rufa subsp. pumila,APC,subspecies,Fuzzy match of taxon name to an APC-accepted canonical name once punctuation and filler words are removed (2025-02-10),match_05a_fuzzy_accepted_canonical_name
Banksia sphaerocarpa subsp. sphaerocarpa,Banksia sphaerocarpa subsp. sphaerocarpa,Banksia sphaerocarpa var. sphaerocarpa,APC,variety,Fuzzy match of taxon name to an APC-accepted canonical name once punctuation and filler words are removed (2025-02-10),match_05a_fuzzy_accepted_canonical_name
Banksia violaceae,Banksia violaceae,Banksia violacea,APC,species,Fuzzy match of taxon name to an APC-accepted canonical name once punctuation and filler words are removed (2025-02-10),match_05a_fuzzy_accepted_canonical_name
Beaufortia cyrodonta,Beaufortia cyrodonta,Beaufortia cyrtodonta,APC,species,Fuzzy match of taxon name to an APC-accepted canonical name once punctuation and filler words are removed (2025-02-10),match_05a_fuzzy_accepted_canonical_name
Borya longioscapa,Borya longioscapa,Borya longiscapa,APC,species,Fuzzy match of taxon name to an APC-accepted canonical name once punctuation and filler words are removed (2025-02-10),match_05a_fuzzy_accepted_canonical_name
Callistachys lanceolatum,Callistachys lanceolatum,Callistachys lanceolata,APC,species,Fuzzy match of taxon name to an APC-accepted canonical name once punctuation and filler words are removed (2025-02-10),match_05a_fuzzy_accepted_canonical_name
Calothamus gracilis,Calothamus gracilis,Calothamnus gracilis,APC,species,Fuzzy match of taxon name to an APC-accepted canonical name once punctuation and filler words are removed (2025-02-10),match_05a_fuzzy_accepted_canonical_name
Calothamnus quadridus,Calothamnus quadridus,Calothamnus quadrifidus,APC,species,Fuzzy match of taxon name to an APC-accepted canonical name once punctuation and filler words are removed (2025-02-10),match_05a_fuzzy_accepted_canonical_name
Choralaena quercifolia,Choralaena quercifolia,Chorilaena quercifolia,APC,species,Fuzzy match of taxon name to an APC-accepted canonical name once punctuation and filler words are removed (2025-02-10),match_05a_fuzzy_accepted_canonical_name
Conospermum distichium,Conospermum distichium,Conospermum distichum,APC,species,Fuzzy match of taxon name to an APC-accepted canonical name once punctuation and filler words are removed (2025-02-10),match_05a_fuzzy_accepted_canonical_name
Conospermum leianthumssp leianthum,Conospermum leianthumssp leianthum,Conospermum leianthum subsp. leianthum,APC,subspecies,Fuzzy match of taxon name to an APC-accepted canonical name once punctuation and filler words are removed (2025-02-10),match_05a_fuzzy_accepted_canonical_name
Davieisa argillaceae,Davieisa argillaceae,Daviesia argillacea,APC,species,Fuzzy match of taxon name to an APC-accepted canonical name once punctuation and filler words are removed (2025-02-10),match_05a_fuzzy_accepted_canonical_name
Davieisa lancifolia,Davieisa lancifolia,Daviesia lancifolia,APC,species,Fuzzy match of taxon name to an APC-accepted canonical name once punctuation and filler words are removed (2025-02-10),match_05a_fuzzy_accepted_canonical_name
Davieisa nematophylla,Davieisa nematophylla,Daviesia nematophylla,APC,species,Fuzzy match of taxon name to an APC-accepted canonical name once punctuation and filler words are removed (2025-02-10),match_05a_fuzzy_accepted_canonical_name
Daviesia sarrissa,Daviesia sarrissa,Daviesia sarissa,APC,species,Fuzzy match of taxon name to an APC-accepted canonical name once punctuation and filler words are removed (2025-02-10),match_05a_fuzzy_accepted_canonical_name
Daviesia spinossisima,Daviesia spinossisima,Daviesia spinosissima,APC,species,Fuzzy match of taxon name to an APC-accepted canonical name once punctuation and filler words are removed (2025-02-10),match_05a_fuzzy_accepted_canonical_name
Davieisa teretifolia,Davieisa teretifolia,Daviesia teretifolia,APC,species,Fuzzy match of taxon name to an APC-accepted canonical name once punctuation and filler words are removed (2025-02-10),match_05a_fuzzy_accepted_canonical_name
Desmocladus flexuosa,Desmocladus flexuosa,Desmocladus flexuosus,APC,species,Fuzzy match of taxon name to an APC-accepted canonical name once punctuation and filler words are removed (2025-02-10),match_05a_fuzzy_accepted_canonical_name
Dodanaea ceratocarpa,Dodanaea ceratocarpa,Dodonaea ceratocarpa,APC,species,Fuzzy match of taxon name to an APC-accepted canonical name once punctuation and filler words are removed (2025-02-10),match_05a_fuzzy_accepted_canonical_name
Dodanaea stenozyga,Dodanaea stenozyga,Dodonaea stenozyga,APC,species,Fuzzy match of taxon name to an APC-accepted canonical name once punctuation and filler words are removed (2025-02-10),match_05a_fuzzy_accepted_canonical_name
Dodanaea viscosa,Dodanaea viscosa,Dodonaea viscosa,APC,species,Fuzzy match of taxon name to an APC-accepted canonical name once punctuation and filler words are removed (2025-02-10),match_05a_fuzzy_accepted_canonical_name
Eucalyptus bupestrium,Eucalyptus bupestrium,Eucalyptus buprestium,APC,species,Fuzzy match of taxon name to an APC-accepted canonical name once punctuation and filler words are removed (2025-02-10),match_05a_fuzzy_accepted_canonical_name
Eucalytpus decurva,Eucalytpus decurva,Eucalyptus decurva,APC,species,Fuzzy match of taxon name to an APC-accepted canonical name once punctuation and filler words are removed (2025-02-10),match_05a_fuzzy_accepted_canonical_name
Eucalyptus dolichoryncha,Eucalyptus dolichoryncha,Eucalyptus dolichorhyncha,APC,species,Fuzzy match of taxon name to an APC-accepted canonical name once punctuation and filler words are removed (2025-02-10),match_05a_fuzzy_accepted_canonical_name
Eucalyptus garderni,Eucalyptus garderni,Eucalyptus gardneri,APC,species,Fuzzy match of taxon name to an APC-accepted canonical name once punctuation and filler words are removed (2025-02-10),match_05a_fuzzy_accepted_canonical_name
Eucalyptus gonaiantha,Eucalyptus gonaiantha,Eucalyptus goniantha,APC,species,Fuzzy match of taxon name to an APC-accepted canonical name once punctuation and filler words are removed (2025-02-10),match_05a_fuzzy_accepted_canonical_name
Eucalytpus kessellii,Eucalytpus kessellii,Eucalyptus kessellii,APC,species,Fuzzy match of taxon name to an APC-accepted canonical name once punctuation and filler words are removed (2025-02-10),match_05a_fuzzy_accepted_canonical_name
Eucalyptus lehamanii,Eucalyptus lehamanii,Eucalyptus lehmannii,APC,species,Fuzzy match of taxon name to an APC-accepted canonical name once punctuation and filler words are removed (2025-02-10),match_05a_fuzzy_accepted_canonical_name
Eucalyptus lehmanii subsp. parallela,Eucalyptus lehmanii subsp. parallela,Eucalyptus lehmannii subsp. parallela,APC,subspecies,Fuzzy match of taxon name to an APC-accepted canonical name once punctuation and filler words are removed (2025-02-10),match_05a_fuzzy_accepted_canonical_name
Eucalytpus leptocalyx,Eucalytpus leptocalyx,Eucalyptus leptocalyx,APC,species,Fuzzy match of taxon name to an APC-accepted canonical name once punctuation and filler words are removed (2025-02-10),match_05a_fuzzy_accepted_canonical_name
Eucalytpus ligulata subsp. stirlingica,Eucalytpus ligulata subsp. stirlingica,Eucalyptus ligulata subsp. stirlingica,APC,subspecies,Fuzzy match of taxon name to an APC-accepted canonical name once punctuation and filler words are removed (2025-02-10),match_05a_fuzzy_accepted_canonical_name
Eucalytus ligulata subsp. stirlingica,Eucalytus ligulata subsp. stirlingica,Eucalyptus ligulata subsp. stirlingica,APC,subspecies,Fuzzy match of taxon name to an APC-accepted canonical name once punctuation and filler words are removed (2025-02-10),match_05a_fuzzy_accepted_canonical_name
Eucalyptus newbyii,Eucalyptus newbyii,Eucalyptus newbeyi,APC,species,Fuzzy match of taxon name to an APC-accepted canonical name once punctuation and filler words are removed (2025-02-10),match_05a_fuzzy_accepted_canonical_name
Eucalyptus ocidentalis,Eucalyptus ocidentalis,Eucalyptus occidentalis,APC,species,Fuzzy match of taxon name to an APC-accepted canonical name once punctuation and filler words are removed (2025-02-10),match_05a_fuzzy_accepted_canonical_name
Eucalytpus occidentalis,Eucalytpus occidentalis,Eucalyptus occidentalis,APC,species,Fuzzy match of taxon name to an APC-accepted canonical name once punctuation and filler words are removed (2025-02-10),match_05a_fuzzy_accepted_canonical_name
Eucalytpus oleosa,Eucalytpus oleosa,Eucalyptus oleosa,APC,species,Fuzzy match of taxon name to an APC-accepted canonical name once punctuation and filler words are removed (2025-02-10),match_05a_fuzzy_accepted_canonical_name
Eucalyptus praeterissima,Eucalyptus praeterissima,Eucalyptus praetermissa,APC,species,Fuzzy match of taxon name to an APC-accepted canonical name once punctuation and filler words are removed (2025-02-10),match_05a_fuzzy_accepted_canonical_name
Eucalypyus protensa,Eucalypyus protensa,Eucalyptus protensa,APC,species,Fuzzy match of taxon name to an APC-accepted canonical name once punctuation and filler words are removed (2025-02-10),match_05a_fuzzy_accepted_canonical_name
Eucalytpus rudis,Eucalytpus rudis,Eucalyptus rudis,APC,species,Fuzzy match of taxon name to an APC-accepted canonical name once punctuation and filler words are removed (2025-02-10),match_05a_fuzzy_accepted_canonical_name
Eucalytpus staeri,Eucalytpus staeri,Eucalyptus staeri,APC,species,Fuzzy match of taxon name to an APC-accepted canonical name once punctuation and filler words are removed (2025-02-10),match_05a_fuzzy_accepted_canonical_name
Eycalyptus sweedmaniana,Eycalyptus sweedmaniana,Eucalyptus sweedmaniana,APC,species,Fuzzy match of taxon name to an APC-accepted canonical name once punctuation and filler words are removed (2025-02-10),match_05a_fuzzy_accepted_canonical_name
Eucalyptus tetragona,Eucalyptus tetragona,Eucalyptus tetrodonta,APC,species,Fuzzy match of taxon name to an APC-accepted canonical name once punctuation and filler words are removed (2025-02-10),match_05a_fuzzy_accepted_canonical_name
Eucalyptus uncinatus,Eucalyptus uncinatus,Eucalyptus uncinata,APC,species,Fuzzy match of taxon name to an APC-accepted canonical name once punctuation and filler words are removed (2025-02-10),match_05a_fuzzy_accepted_canonical_name
Eucalyptus virgineae,Eucalyptus virgineae,Eucalyptus virginea,APC,species,Fuzzy match of taxon name to an APC-accepted canonical name once punctuation and filler words are removed (2025-02-10),match_05a_fuzzy_accepted_canonical_name
Exocarpus aphyllus,Exocarpus aphyllus,Exocarpos aphyllus,APC,species,Fuzzy match of taxon name to an APC-accepted canonical name once punctuation and filler words are removed (2025-02-10),match_05a_fuzzy_accepted_canonical_name
Exocarpus odoratus,Exocarpus odoratus,Exocarpos odoratus,APC,species,Fuzzy match of taxon name to an APC-accepted canonical name once punctuation and filler words are removed (2025-02-10),match_05a_fuzzy_accepted_canonical_name
Gahnia trida,Gahnia trida,Gahnia trifida,APC,species,Fuzzy match of taxon name to an APC-accepted canonical name once punctuation and filler words are removed (2025-02-10),match_05a_fuzzy_accepted_canonical_name
Gastrolobium muscaeum,Gastrolobium muscaeum,Gastrolobium musaceum,APC,species,Fuzzy match of taxon name to an APC-accepted canonical name once punctuation and filler words are removed (2025-02-10),match_05a_fuzzy_accepted_canonical_name
Grevillea concinna subsp. lehamanniana,Grevillea concinna subsp. lehamanniana,Grevillea concinna subsp. lemanniana,APC,subspecies,Fuzzy match of taxon name to an APC-accepted canonical name once punctuation and filler words are removed (2025-02-10),match_05a_fuzzy_accepted_canonical_name
Grevillea didymobotyra,Grevillea didymobotyra,Grevillea didymobotrya,APC,species,Fuzzy match of taxon name to an APC-accepted canonical name once punctuation and filler words are removed (2025-02-10),match_05a_fuzzy_accepted_canonical_name
Grevillea fasiculata,Grevillea fasiculata,Grevillea fasciculata,APC,species,Fuzzy match of taxon name to an APC-accepted canonical name once punctuation and filler words are removed (2025-02-10),match_05a_fuzzy_accepted_canonical_name
Grevillea huegellii,Grevillea huegellii,Grevillea huegelii,APC,species,Fuzzy match of taxon name to an APC-accepted canonical name once punctuation and filler words are removed (2025-02-10),match_05a_fuzzy_accepted_canonical_name
Grevilliea plurijuga,Grevilliea plurijuga,Grevillea plurijuga,APC,species,Fuzzy match of taxon name to an APC-accepted canonical name once punctuation and filler words are removed (2025-02-10),match_05a_fuzzy_accepted_canonical_name
Hakea drupaceae,Hakea drupaceae,Hakea drupacea,APC,species,Fuzzy match of taxon name to an APC-accepted canonical name once punctuation and filler words are removed (2025-02-10),match_05a_fuzzy_accepted_canonical_name
Hakea scoparia subsp. trycheria,Hakea scoparia subsp. trycheria,Hakea scoparia subsp. trycherica,APC,subspecies,Fuzzy match of taxon name to an APC-accepted canonical name once punctuation and filler words are removed (2025-02-10),match_05a_fuzzy_accepted_canonical_name
Hemigena humilis,Hemigena humilis,Hemigenia humilis,APC,species,Fuzzy match of taxon name to an APC-accepted canonical name once punctuation and filler words are removed (2025-02-10),match_05a_fuzzy_accepted_canonical_name
Hemigena podlyarina,Hemigena podlyarina,Hemigenia podalyrina,APC,species,Fuzzy match of taxon name to an APC-accepted canonical name once punctuation and filler words are removed (2025-02-10),match_05a_fuzzy_accepted_canonical_name
Homalaspermum firmum,Homalaspermum firmum,Homalospermum firmum,APC,species,Fuzzy match of taxon name to an APC-accepted canonical name once punctuation and filler words are removed (2025-02-10),match_05a_fuzzy_accepted_canonical_name
Isopogon attentuatus,Isopogon attentuatus,Isopogon attenuatus,APC,species,Fuzzy match of taxon name to an APC-accepted canonical name once punctuation and filler words are removed (2025-02-10),match_05a_fuzzy_accepted_canonical_name
Kunzea cinncinata,Kunzea cinncinata,Kunzea cincinnata,APC,species,Fuzzy match of taxon name to an APC-accepted canonical name once punctuation and filler words are removed (2025-02-10),match_05a_fuzzy_accepted_canonical_name
Kunzea similis subsp. mediterraneae,Kunzea similis subsp. mediterraneae,Kunzea similis subsp. mediterranea,APC,subspecies,Fuzzy match of taxon name to an APC-accepted canonical name once punctuation and filler words are removed (2025-02-10),match_05a_fuzzy_accepted_canonical_name
Lasiopetalum sp. Desmond N McQuoid 653,Lasiopetalum sp. Desmond N McQuoid 653,Lasiopetalum sp. Desmond (N.McQuoid 653),APC,species,Fuzzy match of taxon name to an APC-accepted canonical name once punctuation and filler words are removed (2025-02-10),match_05a_fuzzy_accepted_canonical_name
Laxamnnia grandiflora subsp. brendae,Laxamnnia grandiflora subsp. brendae,Laxmannia grandiflora subsp. brendae,APC,subspecies,Fuzzy match of taxon name to an APC-accepted canonical name once punctuation and filler words are removed (2025-02-10),match_05a_fuzzy_accepted_canonical_name
Lepidosperma effusem,Lepidosperma effusem,Lepidosperma effusum,APC,species,Fuzzy match of taxon name to an APC-accepted canonical name once punctuation and filler words are removed (2025-02-10),match_05a_fuzzy_accepted_canonical_name
Leptospermum conferetum,Leptospermum conferetum,Leptospermum confertum,APC,species,Fuzzy match of taxon name to an APC-accepted canonical name once punctuation and filler words are removed (2025-02-10),match_05a_fuzzy_accepted_canonical_name
Melaleuca acuimnata,Melaleuca acuimnata,Melaleuca acuminata,APC,species,Fuzzy match of taxon name to an APC-accepted canonical name once punctuation and filler words are removed (2025-02-10),match_05a_fuzzy_accepted_canonical_name
Melaleuca cliffortoides,Melaleuca cliffortoides,Melaleuca cliffortioides,APC,species,Fuzzy match of taxon name to an APC-accepted canonical name once punctuation and filler words are removed (2025-02-10),match_05a_fuzzy_accepted_canonical_name
Melaleuca glaberimma,Melaleuca glaberimma,Melaleuca glaberrima,APC,species,Fuzzy match of taxon name to an APC-accepted canonical name once punctuation and filler words are removed (2025-02-10),match_05a_fuzzy_accepted_canonical_name
Melaleuca globiferra,Melaleuca globiferra,Melaleuca globifera,APC,species,Fuzzy match of taxon name to an APC-accepted canonical name once punctuation and filler words are removed (2025-02-10),match_05a_fuzzy_accepted_canonical_name
Melalaueca nesophila,Melalaueca nesophila,Melaleuca nesophila,APC,species,Fuzzy match of taxon name to an APC-accepted canonical name once punctuation and filler words are removed (2025-02-10),match_05a_fuzzy_accepted_canonical_name
Melaleuca pentagona subsp. latifolia,Melaleuca pentagona subsp. latifolia,Melaleuca pentagona var. latifolia,APC,variety,Fuzzy match of taxon name to an APC-accepted canonical name once punctuation and filler words are removed (2025-02-10),match_05a_fuzzy_accepted_canonical_name
Melaleuca pentagona subsp. raggedensis,Melaleuca pentagona subsp. raggedensis,Melaleuca pentagona var. raggedensis,APC,variety,Fuzzy match of taxon name to an APC-accepted canonical name once punctuation and filler words are removed (2025-02-10),match_05a_fuzzy_accepted_canonical_name
Melleuca pulchella,Melleuca pulchella,Melaleuca pulchella,APC,species,Fuzzy match of taxon name to an APC-accepted canonical name once punctuation and filler words are removed (2025-02-10),match_05a_fuzzy_accepted_canonical_name
Meleluca spathulata,Meleluca spathulata,Melaleuca spathulata,APC,species,Fuzzy match of taxon name to an APC-accepted canonical name once punctuation and filler words are removed (2025-02-10),match_05a_fuzzy_accepted_canonical_name
Melaleuca violaceae,Melaleuca violaceae,Melaleuca violacea,APC,species,Fuzzy match of taxon name to an APC-accepted canonical name once punctuation and filler words are removed (2025-02-10),match_05a_fuzzy_accepted_canonical_name
Microlaena stipioides,Microlaena stipioides,Microlaena stipoides,APC,species,Fuzzy match of taxon name to an APC-accepted canonical name once punctuation and filler words are removed (2025-02-10),match_05a_fuzzy_accepted_canonical_name
Mirbelia dilata,Mirbelia dilata,Mirbelia dilatata,APC,species,Fuzzy match of taxon name to an APC-accepted canonical name once punctuation and filler words are removed (2025-02-10),match_05a_fuzzy_accepted_canonical_name
Monotoca aristata MS,Monotoca aristata MS,Monotoca aristata,APC,species,Fuzzy match of taxon name to an APC-accepted canonical name once punctuation and filler words are removed (2025-02-10),match_05a_fuzzy_accepted_canonical_name
Myoporum tetrandum,Myoporum tetrandum,Myoporum tetrandrum,APC,species,Fuzzy match of taxon name to an APC-accepted canonical name once punctuation and filler words are removed (2025-02-10),match_05a_fuzzy_accepted_canonical_name
Pericalymma spongicaule,Pericalymma spongicaule,Pericalymma spongiocaule,APC,species,Fuzzy match of taxon name to an APC-accepted canonical name once punctuation and filler words are removed (2025-02-10),match_05a_fuzzy_accepted_canonical_name
Petrophile phyllicoides,Petrophile phyllicoides,Petrophile phylicoides,APC,species,Fuzzy match of taxon name to an APC-accepted canonical name once punctuation and filler words are removed (2025-02-10),match_05a_fuzzy_accepted_canonical_name
Petrophile serrurieae,Petrophile serrurieae,Petrophile serruriae,APC,species,Fuzzy match of taxon name to an APC-accepted canonical name once punctuation and filler words are removed (2025-02-10),match_05a_fuzzy_accepted_canonical_name
Phyllantus scaber,Phyllantus scaber,Phyllanthus scaber,APC,species,Fuzzy match of taxon name to an APC-accepted canonical name once punctuation and filler words are removed (2025-02-10),match_05a_fuzzy_accepted_canonical_name
Poa drummoniana,Poa drummoniana,Poa drummondiana,APC,species,Fuzzy match of taxon name to an APC-accepted canonical name once punctuation and filler words are removed (2025-02-10),match_05a_fuzzy_accepted_canonical_name
Poa porphryoclados,Poa porphryoclados,Poa porphyroclados,APC,species,Fuzzy match of taxon name to an APC-accepted canonical name once punctuation and filler words are removed (2025-02-10),match_05a_fuzzy_accepted_canonical_name
Prostanthera verticllaris,Prostanthera verticllaris,Prostanthera verticillaris,APC,species,Fuzzy match of taxon name to an APC-accepted canonical name once punctuation and filler words are removed (2025-02-10),match_05a_fuzzy_accepted_canonical_name
Pulenaea calycina subsp. proxaena,Pulenaea calycina subsp. proxaena,Pultenaea calycina subsp. proxena,APC,subspecies,Fuzzy match of taxon name to an APC-accepted canonical name once punctuation and filler words are removed (2025-02-10),match_05a_fuzzy_accepted_canonical_name
Pultenaea calycina subsp. proxaena,Pultenaea calycina subsp. proxaena,Pultenaea calycina subsp. proxena,APC,subspecies,Fuzzy match of taxon name to an APC-accepted canonical name once punctuation and filler words are removed (2025-02-10),match_05a_fuzzy_accepted_canonical_name
Pultenaeae heteroclita,Pultenaeae heteroclita,Pultenaea heterochila,APC,species,Fuzzy match of taxon name to an APC-accepted canonical name once punctuation and filler words are removed (2025-02-10),match_05a_fuzzy_accepted_canonical_name
Pultenaeae verruculosa,Pultenaeae verruculosa,Pultenaea verruculosa,APC,species,Fuzzy match of taxon name to an APC-accepted canonical name once punctuation and filler words are removed (2025-02-10),match_05a_fuzzy_accepted_canonical_name
Sanatalum acuminatum,Sanatalum acuminatum,Santalum acuminatum,APC,species,Fuzzy match of taxon name to an APC-accepted canonical name once punctuation and filler words are removed (2025-02-10),match_05a_fuzzy_accepted_canonical_name
Senna artesmoides,Senna artesmoides,Senna artemisioides,APC,species,Fuzzy match of taxon name to an APC-accepted canonical name once punctuation and filler words are removed (2025-02-10),match_05a_fuzzy_accepted_canonical_name
Senna artesmoides subsp. filifolia,Senna artesmoides subsp. filifolia,Senna artemisioides subsp. filifolia,APC,subspecies,Fuzzy match of taxon name to an APC-accepted canonical name once punctuation and filler words are removed (2025-02-10),match_05a_fuzzy_accepted_canonical_name
Spryidium globulosum,Spryidium globulosum,Spyridium globulosum,APC,species,Fuzzy match of taxon name to an APC-accepted canonical name once punctuation and filler words are removed (2025-02-10),match_05a_fuzzy_accepted_canonical_name
Stirlingia anaethifolia,Stirlingia anaethifolia,Stirlingia anethifolia,APC,species,Fuzzy match of taxon name to an APC-accepted canonical name once punctuation and filler words are removed (2025-02-10),match_05a_fuzzy_accepted_canonical_name
Styphelia hainsii,Styphelia hainsii,Styphelia hainesii,APC,species,Fuzzy match of taxon name to an APC-accepted canonical name once punctuation and filler words are removed (2025-02-10),match_05a_fuzzy_accepted_canonical_name
Trymalium odaritissimum,Trymalium odaritissimum,Trymalium odoratissimum,APC,species,Fuzzy match of taxon name to an APC-accepted canonical name once punctuation and filler words are removed (2025-02-10),match_05a_fuzzy_accepted_canonical_name
Verticordia helicrysantha,Verticordia helicrysantha,Verticordia helichrysantha,APC,species,Fuzzy match of taxon name to an APC-accepted canonical name once punctuation and filler words are removed (2025-02-10),match_05a_fuzzy_accepted_canonical_name
Vericorida longistylis,Vericorida longistylis,Verticordia longistylis,APC,species,Fuzzy match of taxon name to an APC-accepted canonical name once punctuation and filler words are removed (2025-02-10),match_05a_fuzzy_accepted_canonical_name
Verticodia pityrhops,Verticodia pityrhops,Verticordia pityrhops,APC,species,Fuzzy match of taxon name to an APC-accepted canonical name once punctuation and filler words are removed (2025-02-10),match_05a_fuzzy_accepted_canonical_name
Xanthorrhoea playtphylla,Xanthorrhoea playtphylla,Xanthorrhoea platyphylla,APC,species,Fuzzy match of taxon name to an APC-accepted canonical name once punctuation and filler words are removed (2025-02-10),match_05a_fuzzy_accepted_canonical_name
Baeckea crassifolia subsp. icosandra,Baeckea crassifolia subsp. icosandra,Baeckea crassifolia var. icosandra,APC,variety,Fuzzy match of taxon name to an APC-known canonical name once punctuation and filler words are removed (2025-02-10),match_05b_fuzzy_synonym_canonical_name
Baumea articulata,Baumea articulata,Baumea articulata,APC,species,Retaining original name - recently added name (E. Wenk, 2025-02-10),match_05b_fuzzy_synonym_canonical_name
Eucalyptus gardneri subsp. Ravensthorpensis,Eucalyptus gardneri subsp. Ravensthorpensis,Eucalyptus gardneri subsp. ravensthorpensis,APC,subspecies,Fuzzy match of taxon name to an APC-known canonical name once punctuation and filler words are removed (2025-02-10),match_05b_fuzzy_synonym_canonical_name
Eucalytpus redacta,Eucalytpus redacta,Eucalyptus redacta,APC,species,Fuzzy match of taxon name to an APC-known canonical name once punctuation and filler words are removed (2025-02-10),match_05b_fuzzy_synonym_canonical_name
Grevilea rufa,Grevilea rufa,Grevillea rufa,APC,species,Fuzzy match of taxon name to an APC-known canonical name once punctuation and filler words are removed (2025-02-10),match_05b_fuzzy_synonym_canonical_name
Leucopogon conostephoides,Leucopogon conostephoides,Leucopogon conostephioides,APC,species,Fuzzy match of taxon name to an APC-known canonical name once punctuation and filler words are removed (2025-02-10),match_05b_fuzzy_synonym_canonical_name
Melaleuca cornicarpa,Melaleuca cornicarpa,Melaleuca coronicarpa,APC,species,Fuzzy match of taxon name to an APC-known canonical name once punctuation and filler words are removed (2025-02-10),match_05b_fuzzy_synonym_canonical_name
Rulingia coryfolia,Rulingia coryfolia,Rulingia corylifolia,APC,species,Fuzzy match of taxon name to an APC-known canonical name once punctuation and filler words are removed (2025-02-10),match_05b_fuzzy_synonym_canonical_name
Hakea cygna subsp. cygna,Hakea cygna subsp. cygna,Hakea cygna subsp. cygna,APNI,subspecies,Exact match of taxon name to an APNI-listed canonical name once punctuation and filler words are removed (2025-02-10),match_05c_APNI_canonical_name
Beaufortia aff schaueri,Beaufortia aff. schaueri,"Beaufortia sp. [Beaufortia aff. schaueri; Barrett_2009, Quartzite]",APC,genus,Exact match to APC genus. Taxon name includes 'affinis' or 'aff' indicating an unknown taxon that bears an affinity to a different taxon in the same genus and taxon can only be aligned to genus-rank (2025-02-10),match_06a_species_affinis_APC_exact
Eucalyptus aff cornuta,Eucalyptus aff. cornuta,"Eucalyptus sp. [Eucalyptus aff. cornuta; Barrett_2009, Albany Fraser Island]",APC,genus,Exact match to APC genus. Taxon name includes 'affinis' or 'aff' indicating an unknown taxon that bears an affinity to a different taxon in the same genus and taxon can only be aligned to genus-rank (2025-02-10),match_06a_species_affinis_APC_exact
Eucalyptus sp. aff uncinata,Eucalyptus sp. aff. uncinata,"Eucalyptus sp. [Eucalyptus sp. aff. uncinata; Barrett_2009, Yilgarn East]",APC,genus,Exact match to APC genus. Taxon name includes 'affinis' or 'aff' indicating an unknown taxon that bears an affinity to a different taxon in the same genus and taxon can only be aligned to genus-rank (2025-02-10),match_06a_species_affinis_APC_exact
Grevillea aff nudiflora,Grevillea aff. nudiflora,"Grevillea sp. [Grevillea aff. nudiflora; Barrett_2009, Quartzite]",APC,genus,Exact match to APC genus. Taxon name includes 'affinis' or 'aff' indicating an unknown taxon that bears an affinity to a different taxon in the same genus and taxon can only be aligned to genus-rank (2025-02-10),match_06a_species_affinis_APC_exact
Grevillea infundibularis x aff nudiflora,Grevillea infundibularis x aff. nudiflora,"Grevillea sp. [Grevillea infundibularis x aff. nudiflora; Barrett_2009, Quartzite]",APC,genus,Exact match to APC genus. Taxon name includes 'affinis' or 'aff' indicating an unknown taxon that bears an affinity to a different taxon in the same genus and taxon can only be aligned to genus-rank (2025-02-10),match_06a_species_affinis_APC_exact
Adenanthos ellipticus x Eucalyptus cuneatus,Adenanthos ellipticus x Eucalyptus cuneatus,"Adenanthos x [Adenanthos ellipticus x Eucalyptus cuneatus; Barrett_2009, Quartzite]",APC,genus,Exact match to APC genus. Taxon name includes ' x ' indicating a hybrid taxon and taxon can only be aligned to genus-rank (2025-02-10),match_08a_hybrid_taxon_exact
Eucalyptus acies x Eucalyptus preissiana,Eucalyptus acies x Eucalyptus preissiana,"Eucalyptus x [Eucalyptus acies x Eucalyptus preissiana; Barrett_2009, Quartzite]",APC,genus,Exact match to APC genus. Taxon name includes ' x ' indicating a hybrid taxon and taxon can only be aligned to genus-rank (2025-02-10),match_08a_hybrid_taxon_exact
Eucalyptus decipiens x Eucalyptus falcata,Eucalyptus decipiens x Eucalyptus falcata,"Eucalyptus x [Eucalyptus decipiens x Eucalyptus falcata; Barrett_2009, Northwest Mosaic]",APC,genus,Exact match to APC genus. Taxon name includes ' x ' indicating a hybrid taxon and taxon can only be aligned to genus-rank (2025-02-10),match_08a_hybrid_taxon_exact
Eucalyptus loxophleba x Eucalyptus spathulata,Eucalyptus loxophleba x Eucalyptus spathulata,"Eucalyptus x [Eucalyptus loxophleba x Eucalyptus spathulata; Barrett_2009, Yilgarn East]",APC,genus,Exact match to APC genus. Taxon name includes ' x ' indicating a hybrid taxon and taxon can only be aligned to genus-rank (2025-02-10),match_08a_hybrid_taxon_exact
Eucalyptus occidentalis x Eucalyptus platypus,Eucalyptus occidentalis x Eucalyptus platypus,"Eucalyptus x [Eucalyptus occidentalis x Eucalyptus platypus; Barrett_2009, Yilgarn East]",APC,genus,Exact match to APC genus. Taxon name includes ' x ' indicating a hybrid taxon and taxon can only be aligned to genus-rank (2025-02-10),match_08a_hybrid_taxon_exact
Eucalyptus occidentalis x Eucalyptus utilis,Eucalyptus occidentalis x Eucalyptus utilis,"Eucalyptus x [Eucalyptus occidentalis x Eucalyptus utilis; Barrett_2009, Coastal dynamic]",APC,genus,Exact match to APC genus. Taxon name includes ' x ' indicating a hybrid taxon and taxon can only be aligned to genus-rank (2025-02-10),match_08a_hybrid_taxon_exact
Eucalyptus retusa x Eucalyptus cornuta,Eucalyptus retusa x Eucalyptus cornuta,"Eucalyptus x [Eucalyptus retusa x Eucalyptus cornuta; Barrett_2009, Albany Fraser Coastal]",APC,genus,Exact match to APC genus. Taxon name includes ' x ' indicating a hybrid taxon and taxon can only be aligned to genus-rank (2025-02-10),match_08a_hybrid_taxon_exact
Eucalyptus retusa x Eucalyptus cuspidata,Eucalyptus retusa x Eucalyptus cuspidata,"Eucalyptus x [Eucalyptus retusa x Eucalyptus cuspidata; Barrett_2009, Albany Fraser Coastal]",APC,genus,Exact match to APC genus. Taxon name includes ' x ' indicating a hybrid taxon and taxon can only be aligned to genus-rank (2025-02-10),match_08a_hybrid_taxon_exact
Darwinia sp. Mt Ragged,Darwinia sp. Mt Ragged,Darwinia sp. Mt Ragged (S.Barrett 663),APC,species,Exact match of the first three words of the taxon name to an APC-accepted canonical name (2025-02-10),match_09a_trinomial_exact_accepted
Daviesia incrassata spp. reversifolia,Daviesia incrassata sp. reversifolia,Daviesia incrassata subsp. reversifolia,APC,subspecies,Exact match of the first three words of the taxon name to an APC-accepted canonical name (2025-02-10),match_09a_trinomial_exact_accepted
Leucopogon sp. Southern granite,Leucopogon sp. Southern granite,Leucopogon sp. Southern Granite (E.D.Middleton EDM 266),APC,species,Exact match of the first three words of the taxon name to an APC-accepted canonical name (2025-02-10),match_09a_trinomial_exact_accepted
Petrophile squamata subsp. northern,Petrophile squamata subsp. northern,Petrophile squamata subsp. Northern (J.Monks 40),APC,subspecies,Exact match of the first three words of the taxon name to an APC-accepted canonical name (2025-02-10),match_09a_trinomial_exact_accepted
Banksia mucronulata sp. retrorsa,Banksia mucronulata sp. retrorsa,Banksia mucronulata subsp. retrorsa,APC,subspecies,Exact match of the first three words of the taxon name to an APC-known canonical name (2025-02-10),match_09b_trinomial_exact_synonym
Calothamnus sp. Mt Lindesay,Calothamnus sp. Mt Lindesay,Calothamnus sp. Mt Lindesay (B.G.Hammersley 439),APC,species,Exact match of the first three words of the taxon name to an APC-known canonical name (2025-02-10),match_09b_trinomial_exact_synonym
Leucopogon Kau Rock,Leucopogon Kau Rock,Leucopogon sp. Kau Rock (M.A.Burgman 1126),APC,species,Exact match of the first three words of the taxon name to an APC-known canonical name (2025-02-10),match_09b_trinomial_exact_synonym
Philotheca gardneri subsp. Ravesnthorpe,Philotheca gardneri subsp. Ravesnthorpe,Philotheca gardneri subsp. Ravensthorpe (G.F.Craig 6902),APC,subspecies,Fuzzy match of the first three words of the taxon name to an APC-known canonical name (2025-02-10),match_09d_trinomial_fuzzy_synonym
Agonis baxteri (obtusissima),Agonis baxteri (obtusissima),Agonis baxteri,APC,species,Exact match of the first two words of the taxon name to an APC-accepted canonical name (2025-02-10),match_10a_binomial_exact_accepted
Banksia rufa subsp. chemelocarpa,Banksia rufa subsp. chemelocarpa,Banksia rufa,APC,species,Exact match of the first two words of the taxon name to an APC-accepted canonical name (2025-02-10),match_10a_binomial_exact_accepted
Chamelaucium forrestii subsp. forrestii,Chamelaucium forrestii subsp. forrestii,Chamelaucium forrestii,APC,species,Exact match of the first two words of the taxon name to an APC-accepted canonical name (2025-02-10),match_10a_binomial_exact_accepted
Eucalyptus astringens subsp. 'kundip',Eucalyptus astringens subsp. 'kundip',Eucalyptus astringens,APC,species,Exact match of the first two words of the taxon name to an APC-accepted canonical name (2025-02-10),match_10a_binomial_exact_accepted
Eucalyptus decipiens subsp. adesmo.,Eucalyptus decipiens subsp. adesmo.,Eucalyptus adesmophloia,APC,species,Manual match made to current name. (E. Wenk, 2025-02-10),match_10a_binomial_exact_accepted
Eucalyptus goniantha notac,Eucalyptus goniantha notac,Eucalyptus notactites,APC,species,Manual match made to current name. (E. Wenk, 2025-02-10),match_10a_binomial_exact_accepted
Eucalyptus calyerup,Eucalyptus calyerup,Eucalyptus x calyerup,APC,species,Exact match of the first two words of the taxon name to an APC-accepted canonical name (2025-02-10),match_10a_binomial_exact_accepted
Gahnia sp. L,Gahnia sp. L,Gahnia sp. L (K.R.Newbey 7888),APC,species,Exact match of the first two words of the taxon name to an APC-accepted canonical name (2025-02-10),match_10a_binomial_exact_accepted
Grevillea sp. 'nivea',Grevillea sp. 'nivea',Grevillea nivea,APC,species,Exact match of the first two words of the taxon name to an APC-accepted canonical name (2025-02-10),match_10a_binomial_exact_accepted
Grevillea pauciflora subsp. axatilis,Grevillea pauciflora subsp. axatilis,Grevillea pauciflora,APC,species,Exact match of the first two words of the taxon name to an APC-accepted canonical name (2025-02-10),match_10a_binomial_exact_accepted
Lasiopetalum sp. Denmark,Lasiopetalum sp. Denmark,Lasiopetalum sp. Denmark (B.G.Hammersley 2012),APC,species,Exact match of the first two words of the taxon name to an APC-accepted canonical name (2025-02-10),match_10a_binomial_exact_accepted
Sphenotoma sp. Stirling,Sphenotoma sp. Stirling,Sphenotoma sp. Stirling Range (P.G.Wilson 4235),APC,species,Exact match of the first two words of the taxon name to an APC-accepted canonical name (2025-02-10),match_10a_binomial_exact_accepted
Astartea sp. staminodes,Astartea sp. staminodes,Astartea sp. staminodes (A.Strid 21584),APC,species,Exact match of the first two words of the taxon name to an APC-known canonical name (2025-02-10),match_10b_binomial_exact_synonym
Asterolasia sp. Kalgan,Asterolasia sp. Kalgan,Asterolasia sp. Kalgan River (S.Barrett 1522),APC,species,Exact match of the first two words of the taxon name to an APC-known canonical name (2025-02-10),match_10b_binomial_exact_synonym
Banksia tenuifolia subsp. tenuifolia,Banksia tenuifolia subsp. tenuifolia,Banksia tenuifolia,APC,species,Exact match of the first two words of the taxon name to an APC-known canonical name (2025-02-10),match_10b_binomial_exact_synonym
Calothamnus sp. Kundip,Calothamnus sp. Kundip,Calothamnus sp. Kundip (A.S.George & E.G.H.Oliver ASG17657),APC,species,Exact match of the first two words of the taxon name to an APC-known canonical name (2025-02-10),match_10b_binomial_exact_synonym
Calytrix sp. Esperance,Calytrix sp. Esperance,Calytrix sp. Esperance (M.A.Burgman 4268A),APC,species,Exact match of the first two words of the taxon name to an APC-known canonical name (2025-02-10),match_10b_binomial_exact_synonym
Eucalyptus sp. dendrosheath,Eucalyptus sp. dendrosheath,Eucalyptus dendrosheath,APC,species,Exact match of the first two words of the taxon name to an APC-known canonical name (2025-02-10),match_10b_binomial_exact_synonym
Hakea crassifolia subsp. pandanicarpa,Hakea crassifolia subsp. pandanicarpa,Hakea crassifolia,APC,species,Exact match of the first two words of the taxon name to an APC-known canonical name (2025-02-10),match_10b_binomial_exact_synonym
Isopogon sp Fitzgerald,Isopogon sp. Fitzgerald,Isopogon sp. Fitzgerald River (D.B.Foreman 813),APC,species,Exact match of the first two words of the taxon name to an APC-known canonical name (2025-02-10),match_10b_binomial_exact_synonym
Isopogon sp. Fitzgerald,Isopogon sp. Fitzgerald,Isopogon sp. Fitzgerald River (D.B.Foreman 813),APC,species,Exact match of the first two words of the taxon name to an APC-known canonical name (2025-02-10),match_10b_binomial_exact_synonym
Melaleuca sp. Gorse,Melaleuca sp. Gorse,Melaleuca sp. Gorse (A.S.George 7224),APC,species,Exact match of the first two words of the taxon name to an APC-known canonical name (2025-02-10),match_10b_binomial_exact_synonym
Melaleuca sp. Kundip,Melaleuca sp. Kundip,Melaleuca sp. Kundip (G.F.Craig 6020),APC,species,Exact match of the first two words of the taxon name to an APC-known canonical name (2025-02-10),match_10b_binomial_exact_synonym
Eucalytpus kalganensis,Eucalytpus kalganensis,Eucalyptus x kalganensis,APC,species,Fuzzy match of the first two words of the taxon name to an APC-known canonical name (2025-02-10),match_10d_binomial_fuzzy_synonym
Isopogon sp. Ravesnthorpe,Isopogon sp. Ravesnthorpe,Isopogon sp. Ravensthorpe (D.B.Foreman 1207),APC,species,Fuzzy match of the first two words of the taxon name to an APC-known canonical name (2025-02-10),match_10d_binomial_fuzzy_synonym
Allocasuarina preissii,Allocasuarina preissii,Casuarina preissiana,APC,species,Manual match to most likely name. (E. Wenk, 2025-02-10),match_12a_genus_exact_accepted
Beyeria sp. Ravensthorpe,Beyeria sp. Ravensthorpe,Beyeria sp. A Ravensthorpe (A.S.George 9474),APC,species,Manual match to phrase name. (E. Wenk, 2025-02-10),match_12a_genus_exact_accepted
Eucalyptus sp mallet,Eucalyptus sp. mallet,"Eucalyptus sp. [Eucalyptus sp. mallet; Barrett_2009, Yilgarn East]",APC,genus,Exact match of the first word of the taxon name to an APC-accepted genus (2025-02-10),match_12a_genus_exact_accepted
Hakea lehmanii,Hakea lehmanii,Hakea lehmanniana,APC,species,Manual match to name. (E. Wenk, 2025-02-10),match_12a_genus_exact_accepted
Lambertia citrina,Lambertia citrina,"Lambertia sp. [Lambertia citrina; Barrett_2009, Marine plain]",APC,genus,Exact match of the first word of the taxon name to an APC-accepted genus (2025-02-10),match_12a_genus_exact_accepted
Lepidosperma 'dense',Lepidosperma 'dense',"Lepidosperma sp. [Lepidosperma 'dense'; Barrett_2009, Coastal dynamic]",APC,genus,Exact match of the first word of the taxon name to an APC-accepted genus (2025-02-10),match_12a_genus_exact_accepted
Petrophile seorsiflora,Petrophile seorsiflora,Petrophile propinqua var. sericiflora,APC,species,Manual match to most likely name. (E. Wenk, 2025-02-10),match_12a_genus_exact_accepted
