species_name,leaf_width_min_GrassBase_2014,leaf_width_min_Metcalfe_2020_2,leaf_width_min_SAH_2014,leaf_width_min_Wheeler_2002,leaf_width_min_to_keep,original_name
Acrachne racemosa,3,3,NA,NA,omit,Acrachne racemosa
Agrostis avenacea,NA,1,NA,2,keep,Lachnagrostis filiformis
Aira cupaniana,NA,0.3,NA,NA,keep,Aira cupaniana
Alloteropsis cimicina,4,5,NA,NA,keep,Alloteropsis cimicina
Alloteropsis semialata,1,1,NA,NA,omit,Alloteropsis semialata
Amphipogon caricinus,2,2,NA,NA,omit,Amphipogon caricinus var. caricinus
Amphipogon sericeus,NA,2,NA,NA,keep,Amphipogon sericeus
Ancistrachne uncinulata,1,1.4,NA,NA,keep,Ancistrachne uncinulata
Andropogon gayanus,NA,4,NA,NA,keep,Andropogon gayanus
Aristida acuta,1,1,NA,NA,omit,Aristida acuta
Aristida anthoxanthoides,1.5,1.5,NA,NA,omit,Aristida anthoxanthoides
Aristida benthamii,3,3,NA,NA,omit,Aristida benthamii var. benthamii
Aristida benthamii,3,3,NA,NA,omit,Aristida benthamii var. spinulifera
Aristida biglandulosa,3,3,NA,NA,omit,Aristida biglandulosa
Aristida blakei,1,1,NA,NA,omit,Aristida blakei
Aristida burraensis,1,1,NA,NA,omit,Aristida burraensis
Aristida calycina,1,1,NA,NA,omit,Aristida calycina
Aristida calycina,1,1,NA,NA,omit,Aristida calycina var. calycina
Aristida calycina,1,1,NA,NA,omit,Aristida calycina var. praealta
Aristida caput-medusae,0.5,0.5,NA,NA,omit,Aristida caput-medusae
Aristida contorta,1,1,NA,NA,omit,Aristida contorta
Aristida dominii,0.5,0.5,NA,NA,omit,Aristida dominii
Aristida exserta,0.5,0.5,NA,NA,omit,Aristida exserta
Aristida gracilipes,1.5,0.5,NA,NA,keep,Aristida gracilipes
Aristida granitica,0.5,1.5,NA,NA,keep,Aristida granitica
Aristida helicophylla,2,2,NA,NA,omit,Aristida helicophylla
Aristida holathera,2,1.5,NA,NA,keep,Aristida holathera
Aristida holathera,2,1.5,NA,NA,keep,Aristida holathera var. holathera
Aristida hygrometrica,0.8,0.8,NA,NA,omit,Aristida hygrometrica
Aristida inaequiglumis,2.3,2.3,NA,NA,omit,Aristida inaequiglumis
Aristida ingrata,3,3,NA,NA,omit,Aristida ingrata
Aristida jerichoensis,2,2,NA,NA,omit,Aristida jerichoensis
Aristida jerichoensis,2,2,NA,NA,omit,Aristida jerichoensis var. jerichoensis
Aristida jerichoensis,2,2,NA,NA,omit,Aristida jerichoensis var. subspinulifera
Aristida latifolia,2,2,NA,NA,omit,Aristida latifolia
Aristida lazaridis,2,2,NA,NA,omit,Aristida lazaridis
Aristida leptopoda,3.5,3.5,NA,NA,omit,Aristida leptopoda
Aristida lignosa,2,2,NA,NA,omit,Aristida lignosa
Aristida longicollis,2,2,NA,NA,omit,Aristida longicollis
Aristida macroclada,1,1,NA,NA,omit,Aristida macroclada subsp. macroclada
Aristida macroclada subsp. queenslandica,NA,1,NA,NA,keep,Aristida macroclada subsp. queenslandica
Aristida muricata,1,1,NA,NA,omit,Aristida muricata
Aristida nitidula,0.7,0.7,NA,NA,omit,Aristida nitidula
Aristida perniciosa,2,2,NA,NA,omit,Aristida perniciosa
Aristida personata,1,1,NA,NA,omit,Aristida personata
Aristida polyclados,0.5,0.5,NA,NA,omit,Aristida polyclados
Aristida pruinosa,2,2,NA,NA,omit,Aristida pruinosa
Aristida psammophila,1,1.5,NA,NA,keep,Aristida psammophila
Aristida queenslandica,2,2,NA,NA,omit,Aristida queenslandica
Aristida queenslandica,2,2,NA,NA,omit,Aristida queenslandica var. queenslandica
Aristida queenslandica var. dissimilis,NA,2,NA,NA,keep,Aristida queenslandica var. dissimilis
Aristida ramosa,0.6,0.6,NA,NA,omit,Aristida ramosa
Aristida schultzii,1,1,NA,NA,omit,Aristida schultzii
Aristida sciuroides,2,2,NA,NA,omit,Aristida sciuroides
Aristida spuria,0.5,0.5,NA,NA,omit,Aristida spuria
Aristida superpendens,0.6,0.6,NA,NA,omit,Aristida superpendens
Aristida thompsonii,0.5,0.5,NA,NA,omit,Aristida thompsonii
Aristida utilis,1.5,1.5,NA,NA,omit,Aristida utilis var. utilis
Aristida warburgii,1,1,NA,NA,omit,Aristida warburgii
Arthragrostis aristispicula,1,1,NA,NA,omit,Arthragrostis aristispicula
Arthragrostis deschampsioides,1,1,NA,NA,omit,Arthragrostis deschampsioides
Arthraxon hispidus,NA,3,NA,NA,keep,Arthraxon hispidus
Arundinella nepalensis,3,3,NA,NA,omit,Arundinella nepalensis
Arundinella setosa,2,2,NA,NA,omit,Arundinella setosa
Arundo donax,NA,10,NA,NA,keep,Arundo donax var. donax
Astrebla elymoides,3,3,NA,NA,omit,Astrebla elymoides
Astrebla lappacea,4,4,NA,NA,omit,Astrebla lappacea
Astrebla pectinata,2.7,3,NA,NA,keep,Astrebla pectinata
Astrebla squarrosa,3,3,NA,NA,omit,Astrebla squarrosa
Avena sterilis subsp. ludoviciana,NA,4,NA,NA,keep,Avena sterilis subsp. ludoviciana
Axonopus compressus,NA,3,NA,NA,keep,Axonopus compressus
Axonopus fissifolius,NA,1.5,NA,NA,keep,Axonopus fissifolius
Bambusa balcooa,NA,25,NA,NA,keep,Bambusa balcooa
Bambusa moreheadiana,30,15,NA,NA,keep,Bambusa moreheadiana
Bambusa vulgaris,NA,18,NA,NA,keep,Bambusa vulgaris
Bothriochloa bladhii,2,2,6,NA,omit,Bothriochloa bladhii
Bothriochloa bladhii,2,2,6,NA,omit,Bothriochloa bladhii subsp. bladhii
Bothriochloa bladhii,2,2,6,NA,omit,Bothriochloa bladhii subsp. glabra
Bothriochloa decipiens,2,2,NA,NA,omit,Bothriochloa decipiens
Bothriochloa decipiens,2,2,NA,NA,omit,Bothriochloa decipiens var. decipiens
Bothriochloa decipiens,2,2,NA,NA,omit,Bothriochloa decipiens var. cloncurrensis
Bothriochloa erianthoides,5,5,NA,NA,omit,Bothriochloa erianthoides
Bothriochloa ewartiana,3,3,3,NA,omit,Bothriochloa ewartiana
Bothriochloa macra,NA,2.5,NA,NA,keep,Bothriochloa macra
Bothriochloa pertusa,NA,2.5,NA,NA,keep,Bothriochloa pertusa
Brachiaria atrisola,4,4,NA,NA,omit,Urochloa atrisola
Brachiaria brizantha,NA,3,NA,NA,keep,Urochloa brizantha
Brachiaria decumbens,NA,7,NA,NA,keep,Urochloa decumbens
Brachiaria distachya,3,3,NA,NA,omit,Urochloa distachya
Brachiaria foliosa,4,4,NA,NA,omit,Urochloa foliosa
Brachiaria gilesii,NA,3,NA,NA,keep,Urochloa gilesii
Brachiaria holosericea,NA,2,NA,NA,keep,Urochloa holosericea
Brachiaria holosericea,NA,2,NA,NA,keep,Urochloa holosericea subsp. holosericea
Brachiaria holosericea subsp. velutina,2,2,NA,NA,omit,Urochloa holosericea subsp. velutina
Brachiaria humidicola,NA,3,NA,NA,keep,Urochloa humidicola
Brachiaria kurzii,2,2,NA,NA,omit,Urochloa kurzii
Brachiaria mutica,NA,3,NA,NA,keep,Urochloa mutica
Brachiaria piligera,NA,3,3,NA,omit,Urochloa piligera
Brachiaria polyphylla,NA,3,NA,NA,keep,Urochloa polyphylla
Brachiaria praetervisa,NA,4,4,NA,omit,Urochloa praetervisa
Brachiaria pubigera,NA,4,NA,NA,keep,Urochloa pubigera
Brachiaria ramosa,NA,4,NA,NA,keep,Urochloa ramosa
Brachiaria reptans,3,3,NA,NA,omit,Urochloa reptans
Brachiaria subquadripara,NA,4,NA,NA,keep,Urochloa subquadripara
Brachiaria whiteana,2.5,2.5,NA,NA,omit,Urochloa whiteana
Brachyachne convergens,2,2,NA,NA,omit,Brachyachne convergens
Brachyachne tenella,1,1,NA,NA,omit,Brachyachne tenella
Briza minor,NA,3,NA,NA,keep,Briza minor
Calyptochloa gracillima,2,2,NA,NA,omit,Calyptochloa gracillima
Capillipedium parviflorum,2,2,NA,NA,omit,Capillipedium parviflorum
Capillipedium spicigerum,5,5,NA,NA,omit,Capillipedium spicigerum
Cenchrus caliculatus,3,1,NA,NA,keep,Cenchrus caliculatus
Cenchrus ciliaris,NA,4,3,NA,keep,Cenchrus ciliaris
Cenchrus echinatus,NA,3,NA,NA,keep,Cenchrus echinatus
Cenchrus elymoides,3.3,3.3,NA,NA,omit,Cenchrus elymoides var. elymoides
Cenchrus pennisetiformis,NA,2,NA,NA,keep,Cenchrus pennisetiformis
Cenchrus robustus,3,3,NA,NA,omit,Cenchrus robustus
Cenchrus setiger,NA,2,NA,NA,keep,Cenchrus setiger
Centotheca lappacea,15,15,NA,NA,omit,Centotheca lappacea
Centotheca philippinensis,3,3,NA,NA,omit,Centotheca philippinensis
Chionachne cyathopoda,10,10,NA,NA,omit,Chionachne cyathopoda
Chionachne hubbardiana,5,5,NA,NA,omit,Chionachne hubbardiana
Chloris barbata,NA,2,NA,NA,keep,Chloris inflata
Chloris divaricata,1,1,NA,NA,omit,Chloris divaricata
Chloris divaricata,1,1,NA,NA,omit,Chloris divaricata var. divaricata
Chloris divaricata,1,1,NA,NA,omit,Chloris divaricata var. cynodontoides
Chloris gayana,NA,1.5,NA,NA,keep,Chloris gayana
Chloris lobata,0.2,0.2,NA,NA,omit,Chloris lobata
Chloris pectinata,2,2,2,NA,omit,Chloris pectinata
Chloris pumilio,2,3,NA,NA,keep,Chloris pumilio
Chloris ventricosa,2,2,NA,NA,omit,Chloris ventricosa
Chloris virgata,NA,2,NA,NA,keep,Chloris virgata
Chrysopogon aciculatus,NA,2,NA,NA,keep,Chrysopogon aciculatus
Chrysopogon benthamianus,NA,2,NA,NA,keep,Chrysopogon fallax
Chrysopogon filipes,3,3,NA,NA,omit,Chrysopogon filipes
Chrysopogon oliganthus,2.5,2.5,NA,NA,omit,Chrysopogon oliganthus
Chrysopogon pallidus,3,3,NA,NA,omit,Chrysopogon pallidus
Chrysopogon setifolius,0.75,0.75,NA,NA,omit,Chrysopogon setifolius
Chrysopogon sylvaticus,2.5,2.5,NA,NA,omit,Chrysopogon sylvaticus
Chrysopogon zizanioides,NA,4,NA,NA,keep,Chrysopogon zizanioides
Cleistochloa sclerachne,3,3,NA,NA,omit,Cleistochloa sclerachne
Cleistochloa subjuncea,0.5,0.5,NA,NA,omit,Cleistochloa subjuncea
Coelachne pulchella,NA,2,NA,NA,keep,Coelachne pulchella
Coelorachis rottboellioides,NA,8,NA,NA,keep,Mnesithea rottboellioides
Coix gasteenii,10,10,NA,NA,omit,Coix gasteenii
Cymbopogon ambiguus,1,1,NA,NA,omit,Cymbopogon ambiguus
Cymbopogon bombycinus,1,1,NA,NA,omit,Cymbopogon bombycinus
Cymbopogon caesius,NA,1.5,NA,NA,keep,Cymbopogon caesius
Cymbopogon globosus,3,3,NA,NA,omit,Cymbopogon globosus
Cymbopogon gratus,2,2,NA,NA,omit,Cymbopogon gratus
Cymbopogon obtectus,1,1,NA,NA,omit,Cymbopogon obtectus
Cymbopogon queenslandicus,3,3,NA,NA,omit,Cymbopogon queenslandicus
Cymbopogon refractus,1,1,NA,NA,omit,Cymbopogon refractus
Cynodon aethiopicus,NA,3,NA,NA,keep,Cynodon aethiopicus
Cynodon dactylon,NA,0.5,NA,NA,keep,Cynodon dactylon var. dactylon
Cynodon nlemfuensis,NA,2,NA,NA,keep,Cynodon nlemfuensis var. nlemfuensis
Cynodon radiatus,NA,3,NA,NA,keep,Cynodon radiatus
Cyrtococcum capitis-york,NA,3,NA,NA,keep,Cyrtococcum capitis-york
Cyrtococcum oxyphyllum,5,5,NA,NA,omit,Cyrtococcum oxyphyllum
Dactyloctenium aegyptium,NA,2.5,NA,NA,keep,Dactyloctenium aegyptium
Dactyloctenium australe,NA,2.5,NA,NA,keep,Dactyloctenium australe
Dactyloctenium buchananensis,1,3,NA,NA,keep,Dactyloctenium buchananensis
Dactyloctenium radulans,3,3,NA,NA,omit,Dactyloctenium radulans
Dichanthium annulatum,NA,2,NA,NA,keep,Dichanthium annulatum
Dichanthium aristatum,NA,2,NA,NA,keep,Dichanthium aristatum
Dichanthium caricosum,NA,2,NA,NA,keep,Dichanthium caricosum
Dichanthium fecundum,2,2,NA,NA,omit,Dichanthium fecundum
Dichanthium queenslandicum,3,3,NA,NA,omit,Dichanthium queenslandicum
Dichanthium sericeum,NA,2,NA,NA,keep,Dichanthium sericeum
Dichanthium sericeum,NA,2,NA,NA,keep,Dichanthium sericeum subsp. sericeum
Dichanthium sericeum subsp. humilius,2,2,NA,NA,omit,Dichanthium sericeum subsp. humilius
Dichanthium sericeum subsp. polystachyum,2,2,NA,NA,omit,Dichanthium sericeum subsp. polystachyum
Dichanthium setosum,2,2,NA,NA,omit,Dichanthium setosum
Dichanthium tenue,2,2,NA,NA,omit,Dichanthium tenue
Dichelachne micrantha,2,2,NA,1,omit,Dichelachne micrantha
Digitaria ammophila,3,3,NA,NA,omit,Digitaria ammophila
Digitaria baileyi,2,2,NA,NA,omit,Digitaria baileyi
Digitaria bicornis,NA,2,NA,NA,keep,Digitaria bicornis
Digitaria breviglumis,0.5,1,NA,NA,keep,Digitaria breviglumis
Digitaria brownii,0.5,0.5,NA,NA,omit,Digitaria brownii
Digitaria ciliaris,NA,3,4,NA,keep,Digitaria ciliaris
Digitaria coenicola,2,2,3,NA,omit,Digitaria coenicola
Digitaria ctenantha,NA,2,2,NA,omit,Digitaria ctenantha
Digitaria didactyla,NA,1,NA,NA,keep,Digitaria didactyla
Digitaria diffusa,0.75,0.75,NA,NA,omit,Digitaria diffusa
Digitaria divaricatissima,2.5,2.5,NA,NA,omit,Digitaria divaricatissima
Digitaria eriantha cv. Pangola,NA,2,NA,NA,keep,Digitaria eriantha cv. Pangola
Digitaria gibbosa,1,1,NA,NA,omit,Digitaria gibbosa
Digitaria hystrichoides,3,3,NA,NA,omit,Digitaria hystrichoides
Digitaria imbricata,2.4,2.4,NA,NA,omit,Digitaria imbricata
Digitaria leucostachya,2,2,NA,NA,omit,Digitaria leucostachya
Digitaria longiflora,1,1,NA,NA,omit,Digitaria longiflora
Digitaria milanjiana cv. Jarra,NA,3,NA,NA,keep,Digitaria milanjiana cv. Jarra
Digitaria minima,1,1,NA,NA,omit,Digitaria minima
Digitaria nematostachya,3.5,3.5,NA,NA,omit,Digitaria nematostachya
Digitaria orbata,1.8,1.8,NA,NA,omit,Digitaria orbata
Digitaria papposa,3,3,NA,NA,omit,Digitaria papposa
Digitaria parviflora,3,3,NA,NA,omit,Digitaria parviflora
Digitaria radicosa,NA,2,NA,NA,keep,Digitaria radicosa
Digitaria ramularis,1.1,1.1,NA,NA,omit,Digitaria ramularis
Digitaria setigera,3,3,NA,NA,omit,Digitaria setigera
Digitaria tonsa,NA,3.5,NA,NA,keep,Digitaria tonsa
Digitaria violascens,NA,2,NA,NA,keep,Digitaria violascens
Dimeria acinaciformis,1,1,NA,NA,omit,Dimeria acinaciformis
Dimeria chloridiformis,2,2,NA,NA,omit,Dimeria chloridiformis
Dimeria ornithopoda,0.5,0.5,NA,NA,omit,Dimeria ornithopoda
Echinochloa colona,NA,2,NA,NA,keep,Echinochloa colona
Echinochloa crus-galli,NA,6,NA,NA,keep,Echinochloa crus-galli
Echinochloa elliptica,5,5,NA,NA,omit,Echinochloa elliptica
Echinochloa frumentacea,NA,5,NA,NA,keep,Echinochloa frumentacea
Echinochloa inundata,6,6,5,NA,omit,Echinochloa inundata
Echinochloa kimberleyensis,4,4,NA,NA,omit,Echinochloa kimberleyensis
Echinochloa oryzoides,NA,4,NA,NA,keep,Echinochloa oryzoides
Echinochloa polystachya cv. Amity,NA,20,NA,NA,keep,Echinochloa polystachya cv. Amity
Echinochloa telmatophila,7,7,NA,NA,omit,Echinochloa dietrichiana
Echinochloa telmatophila,7,7,NA,NA,omit,Echinochloa telmatophila
Echinochloa turneriana,4,4,NA,NA,omit,Echinochloa turneriana
Echinopogon nutans var. nutans,3,2,NA,NA,keep,Echinopogon nutans var. nutans
Ectrosia agrostoides,0.2,0.2,NA,NA,omit,Ectrosia agrostoides
Ectrosia anomala,0.7,0.7,NA,NA,omit,Ectrosia anomala
Ectrosia appressa,2,2,NA,NA,omit,Ectrosia appressa
Ectrosia blakei,1,1,NA,NA,omit,Ectrosia blakei
Ectrosia confusa,0.6,0.6,NA,NA,omit,Ectrosia confusa
Ectrosia danesii,1.5,1.5,NA,NA,omit,Ectrosia danesii
Ectrosia gulliveri,0.7,0.7,NA,NA,omit,Ectrosia gulliveri
Ectrosia laxa,0.8,0.8,NA,NA,omit,Ectrosia laxa
Ectrosia leporina,1,1,NA,NA,omit,Ectrosia leporina
Ectrosia nervilemma,1,1,NA,NA,omit,Ectrosia nervilemma
Ectrosia ovata,1,0.8,NA,NA,keep,Ectrosia ovata
Ectrosia scabrida,0.7,0.7,NA,NA,omit,Ectrosia scabrida
Ectrosia schultzii,2,2,NA,NA,omit,Ectrosia schultzii
Ectrosia schultzii var. annua,2,2,NA,NA,omit,Ectrosia schultzii var. annua
Ectrosia schultzii var. schultzii,2,2,NA,NA,omit,Ectrosia schultzii var. schultzii
Ectrosiopsis lasioclada,1,1,NA,NA,omit,Ectrosia lasioclada
Ehrharta stipoides,1,1,NA,1,omit,Microlaena stipoides
Ehrharta stipoides,1,1,NA,1,omit,Microlaena stipoides var. stipoides
Eleusine indica,NA,2.5,NA,NA,keep,Eleusine indica
Elionurus citreus,2,2,NA,NA,omit,Elionurus citreus
Elytrophorus spicatus,0.5,2,NA,NA,keep,Elytrophorus spicatus
Enneapogon avenaceus,1,1,NA,NA,omit,Enneapogon avenaceus
Enneapogon cylindricus,1,1,NA,NA,omit,Enneapogon cylindricus
Enneapogon gracilis,1,1,NA,NA,omit,Enneapogon gracilis
Enneapogon intermedius,1,1,NA,NA,omit,Enneapogon intermedius
Enneapogon lindleyanus,1,1,NA,NA,omit,Enneapogon lindleyanus
Enneapogon nigricans,1,1,NA,NA,omit,Enneapogon nigricans
Enneapogon pallidus,1,1,NA,NA,omit,Enneapogon pallidus
Enneapogon polyphyllus,1,1,NA,NA,omit,Enneapogon polyphyllus
Enneapogon purpurascens,1,1,NA,NA,omit,Enneapogon purpurascens
Enneapogon robustissimus,2,2,NA,NA,omit,Enneapogon robustissimus
Enneapogon truncatus,2,2,NA,NA,omit,Enneapogon truncatus
Enneapogon virens,1,1,NA,NA,omit,Enneapogon virens
Enteropogon acicularis,1.8,1.8,NA,NA,omit,Enteropogon acicularis
Enteropogon dolichostachyus,2.5,2.5,NA,NA,omit,Enteropogon dolichostachyus
Enteropogon minutus,2,2,NA,NA,omit,Enteropogon minutus
Enteropogon paucispiceus,0.5,0.5,NA,NA,omit,Enteropogon paucispiceus
Enteropogon ramosus,1.5,1.5,NA,NA,omit,Enteropogon ramosus
Enteropogon unispiceus,0.5,0.5,NA,NA,omit,Enteropogon unispiceus
Entolasia marginata,2,2,NA,NA,omit,Entolasia marginata
Entolasia stricta,1,1,NA,NA,omit,Entolasia stricta
Entolasia whiteana,1,1,NA,NA,omit,Entolasia whiteana
Eragrostis advena,2,2,NA,NA,omit,Thellungia advena
Eragrostis amabilis,NA,1,NA,NA,keep,Eragrostis amabilis
Eragrostis basedowii,2,2,2,NA,omit,Eragrostis basedowii
Eragrostis brownii,1,1,1.5,1.5,omit,Eragrostis brownii
Eragrostis capitula,2,2,NA,NA,omit,Eragrostis capitula
Eragrostis cilianensis,NA,2,4,NA,keep,Eragrostis cilianensis
Eragrostis concinna,1,1,NA,NA,omit,Eragrostis concinna
Eragrostis cumingii,1,1,NA,NA,omit,Eragrostis cumingii
Eragrostis curvula,NA,1,NA,NA,keep,Eragrostis curvula
Eragrostis dielsii,1,1,NA,NA,omit,Eragrostis dielsii
Eragrostis elongata,0.2,0.2,2,2,omit,Eragrostis elongata
Eragrostis exigua,2,2,NA,NA,omit,Eragrostis exigua
Eragrostis falcata,1,1,NA,NA,omit,Eragrostis falcata
Eragrostis fallax,2,2,NA,NA,omit,Eragrostis fallax
Eragrostis interrupta,2,2,NA,NA,omit,Eragrostis interrupta
Eragrostis jacobsiana,2,2,NA,NA,omit,Eragrostis jacobsiana
Eragrostis lacunaria,1,1,NA,NA,omit,Eragrostis lacunaria
Eragrostis leptocarpa,2,2,NA,NA,omit,Eragrostis leptocarpa
Eragrostis leptostachya,2,2,NA,NA,omit,Eragrostis leptostachya
Eragrostis longipedicellata,1,1,NA,NA,omit,Eragrostis longipedicellata
Eragrostis megalosperma,NA,0.5,NA,NA,keep,Eragrostis megalosperma
Eragrostis mexicana,NA,3,NA,NA,keep,Eragrostis mexicana
Eragrostis microcarpa,1,1,NA,NA,omit,Eragrostis microcarpa
Eragrostis minor,NA,1,NA,NA,keep,Eragrostis minor
Eragrostis parviflora,2,2,NA,NA,omit,Eragrostis parviflora
Eragrostis patula,NA,1,NA,NA,keep,Eragrostis tenuifolia
Eragrostis pergracilis,1,1,NA,NA,omit,Eragrostis pergracilis
Eragrostis pilosa,NA,1,NA,NA,keep,Eragrostis pilosa
Eragrostis pubescens,2,2,NA,NA,omit,Eragrostis pubescens
Eragrostis rigidiuscula,1,1,NA,NA,omit,Eragrostis rigidiuscula
Eragrostis schultzii,3,3,NA,NA,omit,Eragrostis schultzii
Eragrostis setifolia,1,1,NA,NA,omit,Eragrostis setifolia
Eragrostis sororia,2,2,NA,NA,omit,Eragrostis sororia
Eragrostis spartinoides,1,1,NA,NA,omit,Eragrostis spartinoides
Eragrostis speciosa,1,1,NA,NA,omit,Eragrostis speciosa
Eragrostis stagnalis,1,1,NA,NA,omit,Eragrostis stagnalis
Eragrostis stenostachya,1,1,NA,NA,omit,Eragrostis stenostachya
Eragrostis sterilis,1,1,NA,NA,omit,Eragrostis sterilis
Eragrostis subtilis,NA,1,NA,NA,keep,Eragrostis subtilis
Eragrostis tenellula,2,2,NA,NA,omit,Eragrostis tenellula
Eragrostis triquetra,1,1,NA,NA,omit,Eragrostis triquetra
Eragrostis unioloides,2,2,NA,NA,omit,Eragrostis unioloides
Eragrostis xerophila,0.5,0.5,NA,NA,omit,Eragrostis xerophila
Eremochloa bimaculata,2,2,NA,NA,omit,Eremochloa bimaculata
Eremochloa muricata,2,2,NA,NA,omit,Eremochloa muricata
Eriachne aristidea,3,3,NA,NA,omit,Eriachne aristidea
Eriachne armitii,2,2,NA,NA,omit,Eriachne armitii
Eriachne basalis,2,2,NA,NA,omit,Eriachne basalis
Eriachne benthamii,2,2,NA,NA,omit,Eriachne benthamii
Eriachne burkittii,3,3,NA,NA,omit,Eriachne burkittii
Eriachne ciliata,1,1,NA,NA,omit,Eriachne ciliata
Eriachne filiformis,0.5,0.5,NA,NA,omit,Eriachne filiformis
Eriachne glauca,2,2,NA,NA,omit,Eriachne glauca var. glauca
Eriachne glauca,2,2,NA,NA,omit,Eriachne glauca var. barbinodis
Eriachne helmsii,2,2,NA,NA,omit,Eriachne helmsii
Eriachne humilis,0.5,0.5,NA,NA,omit,Eriachne humilis
Eriachne insularis,1,1,NA,NA,omit,Eriachne insularis
Eriachne melicacea,1,1,NA,NA,omit,Eriachne melicacea
Eriachne mucronata,1,1,NA,NA,omit,Eriachne mucronata
Eriachne obtusa,1,1,NA,NA,omit,Eriachne obtusa
Eriachne pallescens,1,1,NA,NA,omit,Eriachne pallescens
Eriachne rara,1,1,NA,NA,omit,Eriachne rara
Eriachne squarrosa,3,3,NA,NA,omit,Eriachne squarrosa
Eriachne stipacea,2,2,NA,NA,omit,Eriachne stipacea
Eriachne triodioides,2,2,NA,NA,omit,Eriachne triodioides
Eriachne triseta,1,1,NA,NA,omit,Eriachne triseta
Eriachne vesiculosa,2,2,NA,NA,omit,Eriachne vesiculosa
Eriochloa australiensis,3,3,2,NA,omit,Eriochloa australiensis
Eriochloa crebra,2,2,2,NA,omit,Eriochloa crebra
Eriochloa fatmensis,2,2,NA,NA,omit,Eriochloa fatmensis
Eriochloa meyeriana,NA,3,NA,NA,keep,Eriochloa meyeriana
Eriochloa procera,2,2,NA,NA,omit,Eriochloa procera
Eriochloa pseudoacrotricha,1.5,1.5,2,NA,omit,Eriochloa pseudoacrotricha
Eulalia annua,1,1,NA,NA,omit,Eulalia annua
Eulalia aurea,2,2,NA,NA,omit,Eulalia aurea
Eulalia contorta,1.5,1.5,NA,NA,omit,Pseudopogonatherum contortum
Eulalia irritans,1,1,NA,NA,omit,Pseudopogonatherum irritans
Eulalia mackinlayi,1,1,NA,NA,omit,Eulalia mackinlayi
Eulalia trispicata,1,1,NA,NA,omit,Eulalia trispicata
Eustachys distichophylla,NA,4,6,NA,keep,Eustachys distichophylla
Germainia grandiflora,2,2,NA,NA,omit,Germainia grandiflora
Hackelochloa granularis,NA,3,NA,NA,keep,Mnesithea granularis
Hemarthria uncinata,1.5,1.5,2,1.5,omit,Hemarthria uncinata
Hemarthria uncinata,1.5,1.5,2,1.5,omit,Hemarthria uncinata var. uncinata
Hemarthria uncinata,1.5,1.5,2,1.5,omit,Hemarthria uncinata var. spathacea
Heterachne abortiva,0.8,0.8,NA,NA,omit,Heterachne abortiva
Heterachne gulliveri,0.5,0.5,NA,NA,omit,Heterachne gulliveri
Heteropogon contortus,2,2,NA,NA,omit,Heteropogon contortus
Heteropogon triticeus,3,3,NA,NA,omit,Heteropogon triticeus
Holcolemma dispar,1,1,NA,NA,omit,Holcolemma dispar
Holcus lanatus,NA,3,NA,NA,keep,Holcus lanatus
Hymenachne amplexicaulis,6,6,NA,NA,omit,Hymenachne acutigluma
Hyparrhenia filipendula,1.5,1.5,NA,NA,omit,Hyparrhenia filipendula
Hyparrhenia hirta,NA,1,1,NA,omit,Hyparrhenia hirta
Hyparrhenia rufa,NA,2,NA,NA,keep,Hyparrhenia rufa
Hyparrhenia rufa,NA,2,NA,NA,keep,Hyparrhenia rufa subsp. rufa
Hyparrhenia rufa,NA,2,NA,NA,keep,Hyparrhenia rufa subsp. altissima
Ichnanthus pallens,NA,5,NA,NA,keep,Ichnanthus pallens
Imperata cylindrica,NA,2,NA,NA,keep,Imperata cylindrica
Isachne confusa,2,2,NA,NA,omit,Isachne confusa
Isachne globosa,3,3,NA,NA,omit,Isachne globosa
Isachne pulchella,NA,2,NA,NA,keep,Isachne pulchella
Isachne sp. (Cape Tribulation R.L.Jago 4560),NA,7,NA,NA,keep,Isachne sp. (Cape Tribulation R.L.Jago 4560)
Ischaemum australe,3,3,NA,NA,omit,Ischaemum australe
Ischaemum australe,3,3,NA,NA,omit,Ischaemum australe var. arundinaceum
Ischaemum australe,3,3,NA,NA,omit,Ischaemum australe var. villosum
Ischaemum australe var. australe,3,3,NA,NA,omit,Ischaemum australe var. australe
Ischaemum decumbens,1,1,NA,NA,omit,Ischaemum decumbens
Ischaemum fragile,3,3,NA,NA,omit,Ischaemum fragile
Ischaemum muticum,4,4,NA,NA,omit,Ischaemum muticum
Ischaemum rugosum,3,3,NA,NA,omit,Ischaemum rugosum
Ischaemum rugosum,3,3,NA,NA,omit,Ischaemum rugosum var. rugosum
Ischaemum rugosum,3,3,NA,NA,omit,Ischaemum rugosum var. segetum
Ischaemum triticeum,3,3,NA,NA,omit,Ischaemum triticeum
Ischaemum tropicum,2,2,NA,NA,omit,Ischaemum tropicum
Iseilema calvum,3,3,NA,NA,omit,Iseilema calvum
Iseilema ciliatum,2,2,NA,NA,omit,Iseilema ciliatum
Iseilema convexum,3,3,NA,NA,omit,Iseilema convexum
Iseilema fragile,2,2,NA,NA,omit,Iseilema fragile
Iseilema macratherum,2,2,NA,NA,omit,Iseilema macratherum
Iseilema membranaceum,2,2,NA,NA,omit,Iseilema membranaceum
Iseilema vaginiflorum,2.5,2.5,NA,NA,omit,Iseilema vaginiflorum
Iseilema windersii,3,3,NA,NA,omit,Iseilema windersii
Leersia hexandra,2,2,NA,NA,omit,Leersia hexandra
Leptaspis banksii,9,9,NA,NA,omit,Leptaspis banksii
Leptaspis tararaensis,4,4,NA,NA,omit,Scrotochloa tararaensis
Leptaspis urceolata,40,40,NA,NA,omit,Scrotochloa urceolata
Leptochloa asthenes,NA,2,NA,NA,keep,Leptochloa decipiens subsp. asthenes
Leptochloa decipiens,NA,2,NA,NA,keep,Leptochloa decipiens
Leptochloa decipiens,NA,2,NA,NA,keep,Leptochloa decipiens subsp. decipiens
Leptochloa digitata,2,2,NA,NA,omit,Leptochloa digitata
Leptochloa divaricatissima,1.5,1.5,NA,NA,omit,Leptochloa divaricatissima
Leptochloa fusca,3,0.8,NA,NA,keep,Leptochloa fusca
Leptochloa fusca,3,0.8,NA,NA,keep,Leptochloa fusca subsp. fusca
Leptochloa fusca subsp. uninervia,NA,0.8,NA,NA,keep,Leptochloa fusca subsp. uninervia
Leptochloa ligulata,3,3,NA,NA,omit,Leptochloa ligulata
Leptochloa neesii,2,2,NA,NA,omit,Leptochloa neesii
Leptochloa panicea subsp. brachiata,1.5,1,NA,NA,keep,Leptochloa panicea subsp. brachiata
Lepturus copeanus,4,4,NA,NA,omit,Lepturus copeanus
Lepturus minutus,1,1,NA,NA,omit,Lepturus minutus
Lepturus repens,2,2,NA,NA,omit,Lepturus repens
Lepturus xerophilus,0.5,0.5,NA,NA,omit,Lepturus xerophilus
Lolium perenne,NA,2,NA,NA,keep,Lolium perenne
Lophatherum gracile,14,14,NA,NA,omit,Lophatherum gracile
Melinis minutiflora,NA,3,NA,NA,keep,Melinis minutiflora
Melinis repens,NA,2,2,NA,omit,Melinis repens
Micraira subulifolia,0.3,0.3,NA,NA,omit,Micraira subulifolia
Microstegium nudum,NA,2,NA,NA,keep,Microstegium nudum
Mnesithea formosa,1,1,NA,NA,omit,Mnesithea formosa
Mnesithea pilosa,1,1,NA,NA,omit,Mnesithea pilosa
Neololeba atra,45,45,NA,NA,omit,Bambusa forbesii
Ophiuros exaltatus,10,10,NA,NA,omit,Ophiuros exaltatus
Oplismenus burmanni,NA,5,NA,NA,keep,Oplismenus burmannii
Oplismenus compositus,8,8,NA,NA,omit,Oplismenus compositus
Oplismenus hirtellus,NA,4,NA,NA,keep,Oplismenus aemulus
Oplismenus hirtellus,NA,4,NA,NA,keep,Oplismenus hirtellus subsp. imbecillis
Oryza australiensis,3,3,NA,NA,omit,Oryza australiensis
Oryza rufipogon,5,5,NA,NA,omit,Oryza meridionalis
Oryza rufipogon,5,5,NA,NA,omit,Oryza rufipogon
Oryza sativa,NA,4,NA,NA,keep,Oryza sativa
Ottochloa gracillima,1.5,1.5,NA,NA,omit,Ottochloa gracillima
Ottochloa nodosa,2,2,NA,NA,omit,Ottochloa nodosa
Oxychloris scariosa,0.5,0.5,NA,NA,omit,Oxychloris scariosa
Panicum antidotale,NA,2.5,NA,NA,keep,Panicum antidotale
Panicum bombycinum,2,2,NA,NA,omit,Panicum bombycinum
Panicum chillagoanum,2,2,NA,NA,omit,Panicum chillagoanum
Panicum coloratum,NA,2,NA,NA,keep,Panicum coloratum
Panicum decompositum,2.5,2.5,NA,NA,omit,Panicum decompositum
Panicum decompositum,2.5,2.5,NA,NA,omit,Panicum decompositum var. tenuius
Panicum decompositum var. decompositum,2.5,2.5,NA,NA,omit,Panicum decompositum var. decompositum
Panicum effusum,2,2,2,NA,omit,Panicum effusum
Panicum incomtum,10,7,NA,NA,keep,Panicum incomtum
Panicum lachnophyllum,3,3,NA,NA,omit,Panicum lachnophyllum
Panicum laevinode,2.5,2.5,3,NA,omit,Panicum laevinode
Panicum larcomianum,2,2,NA,NA,omit,Panicum larcomianum
Panicum maximum,NA,4,NA,NA,keep,Megathyrsus maximus
Panicum maximum,NA,4,NA,NA,keep,Megathyrsus maximus var. maximus
Panicum maximum,NA,4,NA,NA,keep,Megathyrsus maximus var. maximus cv. Hamil
Panicum maximum,NA,4,NA,NA,keep,Megathyrsus maximus var. coloratus
Panicum maximum,NA,4,NA,NA,keep,Megathyrsus maximus var. pubiglumis
Panicum miliaceum,NA,6,NA,NA,keep,Panicum miliaceum
Panicum mindanaense,1.5,1.5,NA,NA,omit,Panicum mindanaense
Panicum mitchellii,6,6,NA,NA,omit,Panicum mitchellii
Panicum paludosum,5,5,NA,NA,omit,Panicum paludosum
Panicum pygmaeum,1,1,NA,NA,omit,Panicum pygmaeum
Panicum queenslandicum var. queenslandicum,1,1,NA,NA,omit,Panicum queenslandicum var. queenslandicum
Panicum robustum,NA,5,NA,NA,keep,Panicum robustum
Panicum seminudum,3,3,NA,NA,omit,Panicum seminudum
Panicum seminudum,3,3,NA,NA,omit,Panicum seminudum var. cairnsianum
Panicum seminudum var. seminudum,3,3,NA,NA,omit,Panicum seminudum var. seminudum
Panicum simile,1,1,NA,NA,omit,Panicum simile
Panicum trachyrhachis,3,3,NA,NA,omit,Panicum trachyrhachis
Panicum trichoides,NA,5,NA,NA,keep,Panicum trichoides
Paraneurachne muelleri,2,2,NA,NA,omit,Paraneurachne muelleri
Paspalidium albovillosum,1,1,NA,NA,omit,Paspalidium albovillosum
Paspalidium aversum,3,3,NA,NA,omit,Paspalidium aversum
Paspalidium caespitosum,1,1,NA,NA,omit,Paspalidium caespitosum
Paspalidium clementii,2,2,NA,NA,omit,Paspalidium clementii
Paspalidium constrictum,1,1,NA,NA,omit,Paspalidium constrictum
Paspalidium criniforme,1,1,NA,NA,omit,Paspalidium criniforme
Paspalidium disjunctum,NA,2,NA,NA,keep,Paspalidium disjunctum
Paspalidium distans,1,1,NA,NA,omit,Paspalidium distans
Paspalidium flavidum,4,4,NA,NA,omit,Paspalidium flavidum
Paspalidium gausum,2,2,NA,NA,omit,Paspalidium gausum
Paspalidium globoideum,3,3,NA,NA,omit,Paspalidium globoideum
Paspalidium gracile,1,1,1,NA,omit,Paspalidium gracile
Paspalidium jubiflorum,2.5,2.5,3,NA,omit,Paspalidium jubiflorum
Paspalidium rarum,1,1,NA,NA,omit,Paspalidium rarum
Paspalidium retiglume,3,3,NA,NA,omit,Paspalidium retiglume
Paspalidium scabrifolium,NA,4,NA,NA,keep,Paspalidium scabrifolium
Paspalidium spartellum,0.1,0.1,NA,NA,omit,Paspalidium spartellum
Paspalidium udum,5,5,NA,NA,omit,Paspalidium udum
Paspalum conjugatum,NA,5,NA,NA,keep,Paspalum conjugatum
Paspalum dilatatum,NA,3,NA,NA,keep,Paspalum dilatatum
Paspalum distichum,NA,2,2,NA,omit,Paspalum distichum
Paspalum longifolium,3,3,NA,NA,omit,Paspalum longifolium
Paspalum mandiocanum,NA,8,NA,NA,keep,Paspalum mandiocanum
Paspalum notatum,NA,3,NA,NA,keep,Paspalum notatum
Paspalum paniculatum,NA,6,NA,NA,keep,Paspalum paniculatum
Paspalum plicatulum,NA,2,NA,NA,keep,Paspalum plicatulum
Paspalum scrobiculatum,3,3,NA,NA,omit,Paspalum scrobiculatum
Paspalum urvillei,NA,4,NA,NA,keep,Paspalum urvillei
Paspalum vaginatum,NA,1,1,NA,omit,Paspalum vaginatum
Paspalum virgatum,NA,10,NA,NA,keep,Paspalum virgatum
Pennisetum alopecuroides,NA,3,NA,NA,keep,Pennisetum alopecuroides
Pennisetum basedowii,NA,5,NA,NA,keep,Pennisetum basedowii
Pennisetum glaucum,NA,7,NA,NA,keep,Pennisetum glaucum
Pennisetum pedicellatum,NA,4,NA,NA,keep,Pennisetum pedicellatum subsp. pedicellatum
Pennisetum pedicellatum subsp. unispiculum,NA,4,NA,NA,keep,Pennisetum pedicellatum subsp. unispiculum
Pennisetum polystachion,NA,3,NA,NA,keep,Pennisetum polystachion
Pennisetum purpureum,NA,20,NA,NA,keep,Pennisetum purpureum
Pennisetum setaceum,NA,1,NA,NA,keep,Pennisetum setaceum
Pennisetum villosum,NA,2,NA,NA,keep,Pennisetum villosum
Perotis clarksonii,1.7,1.7,NA,NA,omit,Perotis clarksonii
Perotis indica,NA,2,NA,NA,keep,Perotis indica
Perotis rara,1,1,NA,NA,omit,Perotis rara
Phalaris canariensis,NA,4,NA,NA,keep,Phalaris canariensis
Pheidochloa gracilis,0.2,0.2,NA,NA,omit,Pheidochloa gracilis
Phragmites australis,8,8,1.5,NA,omit,Phragmites australis
Phragmites vallatoria,NA,10,NA,NA,keep,Phragmites vallatoria
Phyllostachys bambusoides,NA,12,NA,NA,keep,Phyllostachys bambusoides
Poa annua,1,1,NA,NA,omit,Poa annua
Poa labillardierei,0.6,0.6,NA,NA,omit,Poa labillardieri var. labillardieri
Pogonatherum crinitum,1,1,NA,NA,omit,Pogonatherum crinitum
Polytrias indica,NA,2,NA,NA,keep,Polytrias indica
Pseudoraphis paradoxa,2,2,NA,NA,omit,Pseudoraphis paradoxa
Pseudoraphis spinescens,4,1,NA,NA,keep,Pseudoraphis spinescens
Rottboellia cochinchinensis,NA,5,NA,NA,keep,Rottboellia cochinchinensis
Saccharum officinarum,NA,30,NA,NA,keep,Saccharum officinarum
Saccharum spontaneum,NA,3,NA,NA,keep,Saccharum spontaneum
Sacciolepis indica,1,1,NA,NA,omit,Sacciolepis indica
Sacciolepis myosuroides,1.2,1.2,NA,NA,omit,Sacciolepis myosuroides
Sarga angustum,NA,2,NA,NA,keep,Sarga angustum
Sarga leiocladum,NA,1.5,NA,NA,keep,Sarga leiocladum
Sarga plumosum,NA,4,NA,NA,keep,Sarga plumosum
Sarga timorense,NA,5,NA,NA,keep,Sarga timorense
Schizachyrium crinizonatum,0.9,0.9,NA,NA,omit,Schizachyrium crinizonatum
Schizachyrium dolosum,0.8,0.8,NA,NA,omit,Schizachyrium dolosum
Schizachyrium fragile,1,1,NA,NA,omit,Schizachyrium fragile
Schizachyrium occultum,0.6,0.6,NA,NA,omit,Schizachyrium occultum
Schizachyrium pachyarthron,0.8,0.8,NA,NA,omit,Schizachyrium pachyarthron
Schizachyrium perplexum,1,1,NA,NA,omit,Schizachyrium perplexum
Schizachyrium pseudeulalia,0.8,0.8,NA,NA,omit,Schizachyrium pseudeulalia
Sehima nervosum,2,2,NA,NA,omit,Sehima nervosum
Setaria apiculata,2,2,NA,NA,omit,Setaria apiculata
Setaria australiensis,5,5,NA,NA,omit,Setaria australiensis
Setaria barbata,NA,5,NA,NA,keep,Setaria barbata
Setaria dielsii,3.5,3.5,3,NA,omit,Setaria dielsii
Setaria italica,NA,5,6,NA,keep,Setaria italica
Setaria oplismenoides,4,4,NA,NA,omit,Setaria oplismenoides
Setaria palmifolia,NA,15,NA,NA,keep,Setaria palmifolia
Setaria pumila,NA,2,3,NA,keep,Setaria pumila
Setaria pumila,NA,2,3,NA,keep,Setaria pumila subsp. pumila
Setaria pumila subsp. pallidefusca,NA,2,NA,NA,keep,Setaria pumila subsp. pallidefusca
Setaria queenslandica,2,2,NA,NA,omit,Setaria queenslandica
Setaria sphacelata,NA,2,NA,NA,keep,Setaria sphacelata
Setaria sphacelata,NA,2,NA,NA,keep,Setaria sphacelata var. sericea
Setaria sphacelata,NA,2,NA,NA,keep,Setaria sphacelata var. splendida
Setaria surgens,1,1,NA,NA,omit,Setaria surgens
Setaria verticillata,NA,3,5,NA,keep,Setaria verticillata
Sorghum arundinaceum,NA,5,NA,NA,keep,Sorghum arundinaceum
Sorghum bicolor,NA,5,NA,NA,keep,Sorghum bicolor
Sorghum halepense,NA,5,NA,NA,keep,Sorghum halepense
Sorghum nitidum,4,4,NA,NA,omit,Sorghum nitidum
Sorghum nitidum,4,4,NA,NA,omit,Sorghum nitidum forma nitidum
Sorghum nitidum,4,4,NA,NA,omit,Sorghum nitidum forma aristatum
Sorghum propinquum,10,10,NA,NA,omit,Sorghum propinquum
Sorghum x almum,NA,25,NA,NA,keep,Sorghum x almum
Sorghum x drummondii,NA,8,NA,NA,keep,Sorghum x drummondii
Spinifex hirsutus,5,5,NA,9,omit,Spinifex hirsutus
Spinifex longifolius,1.5,1.5,NA,1.5,omit,Spinifex longifolius
Spinifex sericeus,NA,4,NA,NA,keep,Spinifex sericeus
Sporobolus actinocladus,3,3,NA,NA,omit,Sporobolus actinocladus
Sporobolus africanus,NA,1,NA,NA,keep,Sporobolus africanus
Sporobolus australasicus,4,4,NA,NA,omit,Sporobolus australasicus
Sporobolus carolii,3,3,NA,NA,omit,Sporobolus caroli
Sporobolus contiguus,2,2,NA,NA,omit,Sporobolus contiguus
Sporobolus coromandelianus,NA,2,NA,NA,keep,Sporobolus coromandelianus
Sporobolus creber,2,2,NA,NA,omit,Sporobolus creber
Sporobolus disjunctus,4,4,NA,NA,omit,Sporobolus disjunctus
Sporobolus elongatus,1,1,NA,NA,omit,Sporobolus elongatus
Sporobolus fertilis,NA,1.5,NA,NA,keep,Sporobolus fertilis
Sporobolus laxus,0.8,0.8,NA,NA,omit,Sporobolus laxus
Sporobolus lenticularis,2,2,NA,NA,omit,Sporobolus lenticularis
Sporobolus mitchellii,2,2,NA,NA,omit,Sporobolus mitchellii
Sporobolus natalensis,NA,2,NA,NA,keep,Sporobolus natalensis
Sporobolus pulchellus,0.5,0.5,NA,NA,omit,Sporobolus pulchellus
Sporobolus pyramidalis,NA,2.5,NA,NA,keep,Sporobolus jacquemontii
Sporobolus pyramidalis,NA,2.5,NA,NA,keep,Sporobolus pyramidalis
Sporobolus scabridus,2,2,NA,NA,omit,Sporobolus scabridus
Sporobolus sessilis,0.5,0.5,NA,NA,omit,Sporobolus sessilis
Sporobolus virginicus,1,1,NA,0.5,omit,Sporobolus virginicus
Stenotaphrum micranthum,4,4,NA,NA,omit,Stenotaphrum micranthum
Stenotaphrum secundatum,NA,4,NA,NA,keep,Stenotaphrum secundatum
Stipa ramosissima,1,1,NA,NA,omit,Austrostipa ramosissima
Stipa rudis,NA,2,NA,NA,keep,Austrostipa rudis subsp. rudis
Thaumastochloa brassii,3,3,NA,NA,omit,Thaumastochloa brassii
Thaumastochloa major,1.5,1.5,NA,NA,omit,Thaumastochloa major
Thaumastochloa monilifera,2,2,NA,NA,omit,Thaumastochloa monilifera
Thaumastochloa pubescens,1.5,1.5,NA,NA,omit,Thaumastochloa pubescens
Thaumastochloa rariflora,2,2,NA,NA,omit,Thaumastochloa rariflora
Thaumastochloa x heteromorpha,NA,1,NA,NA,keep,Thaumastochloa x heteromorpha
Themeda arguens,4,4,NA,NA,omit,Themeda arguens
Themeda avenacea,1,1,NA,NA,omit,Themeda avenacea
Themeda intermedia,4,4,NA,NA,omit,Themeda intermedia
Themeda quadrivalvis,NA,1,NA,NA,keep,Themeda quadrivalvis
Themeda triandra,1,1,NA,1,omit,Themeda triandra
Thuarea involuta,3,3,NA,NA,omit,Thuarea involuta
Thyridolepis mitchelliana,3,3,2.5,NA,omit,Thyridolepis mitchelliana
Thyridolepis xerophila,1,1,1.4,NA,omit,Thyridolepis xerophila
Tragus australianus,2.5,2.5,NA,NA,omit,Tragus australianus
Triodia bitextura,0.5,0.5,NA,NA,omit,Triodia bitextura
Triodia claytonii,0.5,1,NA,NA,keep,Triodia claytonii
Triodia longiceps,0.9,0.9,NA,NA,omit,Triodia longiceps
Triodia microstachya,0.5,0.5,NA,NA,omit,Triodia microstachya
Triodia mitchellii,0.7,0.7,NA,NA,omit,Triodia mitchellii
Triodia pungens,0.8,0.8,NA,NA,omit,Triodia pungens
Triodia stenostachya,0.6,0.6,NA,NA,omit,Triodia stenostachya
Triodia triaristata,0.8,0.8,NA,NA,omit,Triodia triaristata
Tripogon loliiformis,0.5,0.5,NA,NA,omit,Tripogon loliiformis
Triraphis mollis,1,1,NA,NA,omit,Triraphis mollis
Uranthoecium truncatum,2,2,NA,NA,omit,Uranthoecium truncatum
Urochloa mosambicensis,NA,3,NA,NA,keep,Urochloa mosambicensis
Urochloa panicoides,NA,3,NA,NA,keep,Urochloa panicoides var. panicoides
Urochloa panicoides,NA,3,NA,NA,keep,Urochloa panicoides var. pubescens
Vacoparis laxiflorum,NA,3,NA,NA,keep,Vacoparis laxiflorum
Whiteochloa airoides,1.5,1.5,NA,NA,omit,Whiteochloa airoides
Whiteochloa semitonsa,3,3,NA,NA,omit,Whiteochloa semitonsa
Xerochloa imberbis,0.8,0.8,NA,NA,omit,Xerochloa imberbis
Yakirra australiensis,0.5,0.5,NA,NA,omit,Yakirra australiensis var. australiensis
Yakirra majuscula,NA,2,NA,NA,keep,Yakirra majuscula
Yakirra muelleri,1,1,NA,NA,omit,Yakirra muelleri
Yakirra pauciflora,1.5,1.5,NA,NA,omit,Yakirra pauciflora
Zea mexicana,NA,50,NA,NA,keep,Zea mexicana
Zoysia matrella,NA,1,NA,NA,keep,Zoysia matrella
